[2026-09-24T07:13:25.062502+00:00] main.INFO: Source table payment_services_order_status_data_production_submitted_hash does not exist. Skipping data migration... [] []
[2026-09-24T07:13:27.583711+00:00] main.ERROR: {"feed":"undefined","operation":"undefined","status":"CDE04-02 Cannot set indexer to Update On Schedule mode for indexer catalogsearch_fulltext. Error: Invalid entity_type specified: catalog_product","elapsed":"576 ms","pid":"54","caller":"bin\/magento setup:install --db-host=db --db-name=magento --db-user=magento --db-password=magento"} {"exception":"[object] (Magento\\Framework\\Exception\\LocalizedException(code: 0): Invalid entity_type specified: catalog_product at /var/www/html/vendor/magento/module-eav/Model/Config.php:476)"} []
[2026-09-24T07:13:27.942778+00:00] main.DEBUG: cache_invalidate:  {"method":"GET","url":"http:/","invalidateInfo":{"tags":["CONFIG","MAGE"],"mode":"matchingTag"}} []
[2026-09-24T07:13:27.942855+00:00] main.DEBUG: cache_invalidate:  {"method":"GET","url":"http:/","invalidateInfo":{"tags":["CONFIG"],"mode":"matchingTag"}} []
[2026-09-24T07:13:28.009740+00:00] main.DEBUG: cache_invalidate:  {"method":"GET","url":"http:/","invalidateInfo":{"tags":["LAYOUT_GENERAL_CACHE_TAG","MAGE"],"mode":"matchingTag"}} []
[2026-09-24T07:13:28.009830+00:00] main.DEBUG: cache_invalidate:  {"method":"GET","url":"http:/","invalidateInfo":{"tags":["LAYOUT_GENERAL_CACHE_TAG"],"mode":"matchingTag"}} []
[2026-09-24T07:13:28.010200+00:00] main.DEBUG: cache_invalidate:  {"method":"GET","url":"http:/","invalidateInfo":{"tags":["BLOCK_HTML","MAGE"],"mode":"matchingTag"}} []
[2026-09-24T07:13:28.010247+00:00] main.DEBUG: cache_invalidate:  {"method":"GET","url":"http:/","invalidateInfo":{"tags":["BLOCK_HTML"],"mode":"matchingTag"}} []
[2026-09-24T07:13:28.010627+00:00] main.DEBUG: cache_invalidate:  {"method":"GET","url":"http:/","invalidateInfo":{"tags":["COLLECTION_DATA","MAGE"],"mode":"matchingTag"}} []
[2026-09-24T07:13:28.010664+00:00] main.DEBUG: cache_invalidate:  {"method":"GET","url":"http:/","invalidateInfo":{"tags":["COLLECTION_DATA"],"mode":"matchingTag"}} []
[2026-09-24T07:13:28.011025+00:00] main.DEBUG: cache_invalidate:  {"method":"GET","url":"http:/","invalidateInfo":{"tags":["REFLECTION","MAGE"],"mode":"matchingTag"}} []
[2026-09-24T07:13:28.011060+00:00] main.DEBUG: cache_invalidate:  {"method":"GET","url":"http:/","invalidateInfo":{"tags":["REFLECTION"],"mode":"matchingTag"}} []
[2026-09-24T07:13:28.011426+00:00] main.DEBUG: cache_invalidate:  {"method":"GET","url":"http:/","invalidateInfo":{"tags":["DB_DDL","MAGE"],"mode":"matchingTag"}} []
[2026-09-24T07:13:28.011458+00:00] main.DEBUG: cache_invalidate:  {"method":"GET","url":"http:/","invalidateInfo":{"tags":["DB_DDL"],"mode":"matchingTag"}} []
[2026-09-24T07:13:28.011826+00:00] main.DEBUG: cache_invalidate:  {"method":"GET","url":"http:/","invalidateInfo":{"tags":["COMPILED_CONFIG","MAGE"],"mode":"matchingTag"}} []
[2026-09-24T07:13:28.011861+00:00] main.DEBUG: cache_invalidate:  {"method":"GET","url":"http:/","invalidateInfo":{"tags":["COMPILED_CONFIG"],"mode":"matchingTag"}} []
[2026-09-24T07:13:28.012215+00:00] main.DEBUG: cache_invalidate:  {"method":"GET","url":"http:/","invalidateInfo":{"tags":["EAV","MAGE"],"mode":"matchingTag"}} []
[2026-09-24T07:13:28.012245+00:00] main.DEBUG: cache_invalidate:  {"method":"GET","url":"http:/","invalidateInfo":{"tags":["EAV"],"mode":"matchingTag"}} []
[2026-09-24T07:13:28.012609+00:00] main.DEBUG: cache_invalidate:  {"method":"GET","url":"http:/","invalidateInfo":{"tags":["CUSTOMER_NOTIFICATION","MAGE"],"mode":"matchingTag"}} []
[2026-09-24T07:13:28.012641+00:00] main.DEBUG: cache_invalidate:  {"method":"GET","url":"http:/","invalidateInfo":{"tags":["CUSTOMER_NOTIFICATION"],"mode":"matchingTag"}} []
[2026-09-24T07:13:28.012985+00:00] main.DEBUG: cache_invalidate:  {"method":"GET","url":"http:/","invalidateInfo":{"tags":["INTEGRATION","MAGE"],"mode":"matchingTag"}} []
[2026-09-24T07:13:28.013016+00:00] main.DEBUG: cache_invalidate:  {"method":"GET","url":"http:/","invalidateInfo":{"tags":["INTEGRATION"],"mode":"matchingTag"}} []
[2026-09-24T07:13:28.013366+00:00] main.DEBUG: cache_invalidate:  {"method":"GET","url":"http:/","invalidateInfo":{"tags":["INTEGRATION_API_CONFIG","MAGE"],"mode":"matchingTag"}} []
[2026-09-24T07:13:28.013397+00:00] main.DEBUG: cache_invalidate:  {"method":"GET","url":"http:/","invalidateInfo":{"tags":["INTEGRATION_API_CONFIG"],"mode":"matchingTag"}} []
[2026-09-24T07:13:28.013747+00:00] main.DEBUG: cache_invalidate:  {"method":"GET","url":"http:/","invalidateInfo":{"tags":["GRAPHQL_QUERY_RESOLVER_RESULT","MAGE"],"mode":"matchingTag"}} []
[2026-09-24T07:13:28.013780+00:00] main.DEBUG: cache_invalidate:  {"method":"GET","url":"http:/","invalidateInfo":{"tags":["GRAPHQL_QUERY_RESOLVER_RESULT"],"mode":"matchingTag"}} []
[2026-09-24T07:13:28.014281+00:00] main.DEBUG: cache_invalidate:  {"method":"GET","url":"http:/","invalidateInfo":{"tags":["FPC","MAGE"],"mode":"matchingTag"}} []
[2026-09-24T07:13:28.014313+00:00] main.DEBUG: cache_invalidate:  {"method":"GET","url":"http:/","invalidateInfo":{"tags":["FPC"],"mode":"matchingTag"}} []
[2026-09-24T07:13:28.014696+00:00] main.DEBUG: cache_invalidate:  {"method":"GET","url":"http:/","invalidateInfo":{"tags":["WEBSERVICE","MAGE"],"mode":"matchingTag"}} []
[2026-09-24T07:13:28.014749+00:00] main.DEBUG: cache_invalidate:  {"method":"GET","url":"http:/","invalidateInfo":{"tags":["WEBSERVICE"],"mode":"matchingTag"}} []
[2026-09-24T07:13:28.015722+00:00] main.DEBUG: cache_invalidate:  {"method":"GET","url":"http:/","invalidateInfo":{"tags":["TRANSLATE","MAGE"],"mode":"matchingTag"}} []
[2026-09-24T07:13:28.015758+00:00] main.DEBUG: cache_invalidate:  {"method":"GET","url":"http:/","invalidateInfo":{"tags":["TRANSLATE"],"mode":"matchingTag"}} []
[2026-09-24T07:13:28.424512+00:00] main.DEBUG: cache_invalidate:  {"method":"GET","url":"http:/","invalidateInfo":{"tags":["BACKEND_MAINMENU","MAGE"],"mode":"matchingTag"}} []
[2026-09-24T07:13:28.424612+00:00] main.DEBUG: cache_invalidate:  {"method":"GET","url":"http:/","invalidateInfo":{"tags":["BACKEND_MAINMENU"],"mode":"matchingTag"}} []
[2026-09-24T07:13:28.424731+00:00] main.DEBUG: cache_invalidate:  {"method":"GET","url":"http:/","invalidateInfo":{"tags":["user_assigned_role","MAGE"],"mode":"matchingTag"}} []
[2026-09-24T07:13:28.424763+00:00] main.DEBUG: cache_invalidate:  {"method":"GET","url":"http:/","invalidateInfo":{"tags":["user_assigned_role"],"mode":"matchingAnyTag"}} []
[2026-09-24T07:13:28.445274+00:00] main.DEBUG: cache_invalidate:  {"method":"GET","url":"http:/","invalidateInfo":{"tags":["EAV","MAGE"],"mode":"matchingTag"}} []
[2026-09-24T07:13:28.445345+00:00] main.DEBUG: cache_invalidate:  {"method":"GET","url":"http:/","invalidateInfo":{"tags":["EAV"],"mode":"matchingAnyTag"}} []
[2026-09-24T07:13:28.446945+00:00] main.DEBUG: cache_invalidate:  {"method":"GET","url":"http:/","invalidateInfo":{"tags":["EAV","MAGE"],"mode":"matchingTag"}} []
[2026-09-24T07:13:28.447030+00:00] main.DEBUG: cache_invalidate:  {"method":"GET","url":"http:/","invalidateInfo":{"tags":["EAV_ATTRIBUTE","MAGE"],"mode":"matchingTag"}} []
[2026-09-24T07:13:28.447058+00:00] main.DEBUG: cache_invalidate:  {"method":"GET","url":"http:/","invalidateInfo":{"tags":["EAV","EAV_ATTRIBUTE"],"mode":"matchingAnyTag"}} []
[2026-09-24T07:13:28.478499+00:00] main.DEBUG: cache_invalidate:  {"method":"GET","url":"http:/","invalidateInfo":{"tags":["EAV","MAGE"],"mode":"matchingTag"}} []
[2026-09-24T07:13:28.478635+00:00] main.DEBUG: cache_invalidate:  {"method":"GET","url":"http:/","invalidateInfo":{"tags":["EAV_ATTRIBUTE","MAGE"],"mode":"matchingTag"}} []
[2026-09-24T07:13:28.478666+00:00] main.DEBUG: cache_invalidate:  {"method":"GET","url":"http:/","invalidateInfo":{"tags":["EAV","EAV_ATTRIBUTE"],"mode":"matchingAnyTag"}} []
[2026-09-24T07:13:28.501486+00:00] main.DEBUG: cache_invalidate:  {"method":"GET","url":"http:/","invalidateInfo":{"tags":["EAV","MAGE"],"mode":"matchingTag"}} []
[2026-09-24T07:13:28.501654+00:00] main.DEBUG: cache_invalidate:  {"method":"GET","url":"http:/","invalidateInfo":{"tags":["EAV_ATTRIBUTE","MAGE"],"mode":"matchingTag"}} []
[2026-09-24T07:13:28.501685+00:00] main.DEBUG: cache_invalidate:  {"method":"GET","url":"http:/","invalidateInfo":{"tags":["EAV","EAV_ATTRIBUTE"],"mode":"matchingAnyTag"}} []
[2026-09-24T07:13:28.502818+00:00] main.DEBUG: cache_invalidate:  {"method":"GET","url":"http:/","invalidateInfo":{"tags":["EAV","MAGE"],"mode":"matchingTag"}} []
[2026-09-24T07:13:28.502948+00:00] main.DEBUG: cache_invalidate:  {"method":"GET","url":"http:/","invalidateInfo":{"tags":["EAV_ATTRIBUTE","MAGE"],"mode":"matchingTag"}} []
[2026-09-24T07:13:28.502974+00:00] main.DEBUG: cache_invalidate:  {"method":"GET","url":"http:/","invalidateInfo":{"tags":["EAV","EAV_ATTRIBUTE"],"mode":"matchingAnyTag"}} []
[2026-09-24T07:13:28.503084+00:00] main.DEBUG: cache_invalidate:  {"method":"GET","url":"http:/","invalidateInfo":{"tags":["EAV","MAGE"],"mode":"matchingTag"}} []
[2026-09-24T07:13:28.503194+00:00] main.DEBUG: cache_invalidate:  {"method":"GET","url":"http:/","invalidateInfo":{"tags":["EAV_ATTRIBUTE","MAGE"],"mode":"matchingTag"}} []
[2026-09-24T07:13:28.503216+00:00] main.DEBUG: cache_invalidate:  {"method":"GET","url":"http:/","invalidateInfo":{"tags":["EAV","EAV_ATTRIBUTE"],"mode":"matchingAnyTag"}} []
[2026-09-24T07:13:28.503335+00:00] main.DEBUG: cache_invalidate:  {"method":"GET","url":"http:/","invalidateInfo":{"tags":["EAV_ATTRIBUTE","MAGE"],"mode":"matchingTag"}} []
[2026-09-24T07:13:28.503359+00:00] main.DEBUG: cache_invalidate:  {"method":"GET","url":"http:/","invalidateInfo":{"tags":["EAV_ATTRIBUTE"],"mode":"matchingAnyTag"}} []
[2026-09-24T07:13:28.503804+00:00] main.DEBUG: cache_invalidate:  {"method":"GET","url":"http:/","invalidateInfo":{"tags":["EAV_ATTRIBUTE_21","FPC","MAGE"],"mode":"matchingTag"}} []
[2026-09-24T07:13:28.503836+00:00] main.DEBUG: cache_invalidate:  {"method":"GET","url":"http:/","invalidateInfo":{"tags":["EAV_ATTRIBUTE_21","FPC"],"mode":"matchingTag"}} []
[2026-09-24T07:13:28.503893+00:00] main.DEBUG: cache_invalidate:  {"method":"GET","url":"http:/","invalidateInfo":{"tags":["EAV_ENTITY_TYPES_CUSTOMER_ENTITY","FPC","MAGE"],"mode":"matchingTag"}} []
[2026-09-24T07:13:28.503915+00:00] main.DEBUG: cache_invalidate:  {"method":"GET","url":"http:/","invalidateInfo":{"tags":["EAV_ENTITY_TYPES_CUSTOMER_ENTITY","FPC"],"mode":"matchingTag"}} []
[2026-09-24T07:13:28.503968+00:00] main.DEBUG: cache_invalidate:  {"method":"GET","url":"http:/","invalidateInfo":{"tags":["EAV_FORM_adminhtml_customer_FORM","FPC","MAGE"],"mode":"matchingTag"}} []
[2026-09-24T07:13:28.503989+00:00] main.DEBUG: cache_invalidate:  {"method":"GET","url":"http:/","invalidateInfo":{"tags":["EAV_FORM_adminhtml_customer_FORM","FPC"],"mode":"matchingTag"}} []
[2026-09-24T07:13:28.504041+00:00] main.DEBUG: cache_invalidate:  {"method":"GET","url":"http:/","invalidateInfo":{"tags":["EAV_ATTRIBUTE_customer_disable_auto_group_change","FPC","MAGE"],"mode":"matchingTag"}} []
[2026-09-24T07:13:28.504062+00:00] main.DEBUG: cache_invalidate:  {"method":"GET","url":"http:/","invalidateInfo":{"tags":["EAV_ATTRIBUTE_customer_disable_auto_group_change","FPC"],"mode":"matchingTag"}} []
[2026-09-24T07:13:28.515365+00:00] main.DEBUG: cache_invalidate:  {"method":"GET","url":"http:/","invalidateInfo":{"tags":["EAV","MAGE"],"mode":"matchingTag"}} []
[2026-09-24T07:13:28.515604+00:00] main.DEBUG: cache_invalidate:  {"method":"GET","url":"http:/","invalidateInfo":{"tags":["EAV_ATTRIBUTE","MAGE"],"mode":"matchingTag"}} []
[2026-09-24T07:13:28.515638+00:00] main.DEBUG: cache_invalidate:  {"method":"GET","url":"http:/","invalidateInfo":{"tags":["EAV","EAV_ATTRIBUTE"],"mode":"matchingAnyTag"}} []
[2026-09-24T07:13:28.516080+00:00] main.DEBUG: cache_invalidate:  {"method":"GET","url":"http:/","invalidateInfo":{"tags":["EAV","MAGE"],"mode":"matchingTag"}} []
[2026-09-24T07:13:28.516294+00:00] main.DEBUG: cache_invalidate:  {"method":"GET","url":"http:/","invalidateInfo":{"tags":["EAV_ATTRIBUTE","MAGE"],"mode":"matchingTag"}} []
[2026-09-24T07:13:28.516325+00:00] main.DEBUG: cache_invalidate:  {"method":"GET","url":"http:/","invalidateInfo":{"tags":["EAV","EAV_ATTRIBUTE"],"mode":"matchingAnyTag"}} []
[2026-09-24T07:13:28.516525+00:00] main.DEBUG: cache_invalidate:  {"method":"GET","url":"http:/","invalidateInfo":{"tags":["EAV","MAGE"],"mode":"matchingTag"}} []
[2026-09-24T07:13:28.516740+00:00] main.DEBUG: cache_invalidate:  {"method":"GET","url":"http:/","invalidateInfo":{"tags":["EAV_ATTRIBUTE","MAGE"],"mode":"matchingTag"}} []
[2026-09-24T07:13:28.516769+00:00] main.DEBUG: cache_invalidate:  {"method":"GET","url":"http:/","invalidateInfo":{"tags":["EAV","EAV_ATTRIBUTE"],"mode":"matchingAnyTag"}} []
[2026-09-24T07:13:28.516972+00:00] main.DEBUG: cache_invalidate:  {"method":"GET","url":"http:/","invalidateInfo":{"tags":["EAV_ATTRIBUTE","MAGE"],"mode":"matchingTag"}} []
[2026-09-24T07:13:28.517002+00:00] main.DEBUG: cache_invalidate:  {"method":"GET","url":"http:/","invalidateInfo":{"tags":["EAV_ATTRIBUTE"],"mode":"matchingAnyTag"}} []
[2026-09-24T07:13:28.517341+00:00] main.DEBUG: cache_invalidate:  {"method":"GET","url":"http:/","invalidateInfo":{"tags":["EAV_ATTRIBUTE_36","FPC","MAGE"],"mode":"matchingTag"}} []
[2026-09-24T07:13:28.517375+00:00] main.DEBUG: cache_invalidate:  {"method":"GET","url":"http:/","invalidateInfo":{"tags":["EAV_ATTRIBUTE_36","FPC"],"mode":"matchingTag"}} []
[2026-09-24T07:13:28.517460+00:00] main.DEBUG: cache_invalidate:  {"method":"GET","url":"http:/","invalidateInfo":{"tags":["EAV_ENTITY_TYPES_CUSTOMER_ADDRESS_ENTITY","FPC","MAGE"],"mode":"matchingTag"}} []
[2026-09-24T07:13:28.517508+00:00] main.DEBUG: cache_invalidate:  {"method":"GET","url":"http:/","invalidateInfo":{"tags":["EAV_ENTITY_TYPES_CUSTOMER_ADDRESS_ENTITY","FPC"],"mode":"matchingTag"}} []
[2026-09-24T07:13:28.517600+00:00] main.DEBUG: cache_invalidate:  {"method":"GET","url":"http:/","invalidateInfo":{"tags":["EAV_FORM_adminhtml_customer_address_FORM","FPC","MAGE"],"mode":"matchingTag"}} []
[2026-09-24T07:13:28.517632+00:00] main.DEBUG: cache_invalidate:  {"method":"GET","url":"http:/","invalidateInfo":{"tags":["EAV_FORM_adminhtml_customer_address_FORM","FPC"],"mode":"matchingTag"}} []
[2026-09-24T07:13:28.517745+00:00] main.DEBUG: cache_invalidate:  {"method":"GET","url":"http:/","invalidateInfo":{"tags":["EAV_FORM_customer_address_edit_FORM","FPC","MAGE"],"mode":"matchingTag"}} []
[2026-09-24T07:13:28.517775+00:00] main.DEBUG: cache_invalidate:  {"method":"GET","url":"http:/","invalidateInfo":{"tags":["EAV_FORM_customer_address_edit_FORM","FPC"],"mode":"matchingTag"}} []
[2026-09-24T07:13:28.517859+00:00] main.DEBUG: cache_invalidate:  {"method":"GET","url":"http:/","invalidateInfo":{"tags":["EAV_FORM_customer_register_address_FORM","FPC","MAGE"],"mode":"matchingTag"}} []
[2026-09-24T07:13:28.517887+00:00] main.DEBUG: cache_invalidate:  {"method":"GET","url":"http:/","invalidateInfo":{"tags":["EAV_FORM_customer_register_address_FORM","FPC"],"mode":"matchingTag"}} []
[2026-09-24T07:13:28.517968+00:00] main.DEBUG: cache_invalidate:  {"method":"GET","url":"http:/","invalidateInfo":{"tags":["EAV_ATTRIBUTE_customer_address_vat_id","FPC","MAGE"],"mode":"matchingTag"}} []
[2026-09-24T07:13:28.517996+00:00] main.DEBUG: cache_invalidate:  {"method":"GET","url":"http:/","invalidateInfo":{"tags":["EAV_ATTRIBUTE_customer_address_vat_id","FPC"],"mode":"matchingTag"}} []
[2026-09-24T07:13:28.518784+00:00] main.DEBUG: cache_invalidate:  {"method":"GET","url":"http:/","invalidateInfo":{"tags":["EAV","MAGE"],"mode":"matchingTag"}} []
[2026-09-24T07:13:28.518992+00:00] main.DEBUG: cache_invalidate:  {"method":"GET","url":"http:/","invalidateInfo":{"tags":["EAV_ATTRIBUTE","MAGE"],"mode":"matchingTag"}} []
[2026-09-24T07:13:28.519023+00:00] main.DEBUG: cache_invalidate:  {"method":"GET","url":"http:/","invalidateInfo":{"tags":["EAV","EAV_ATTRIBUTE"],"mode":"matchingAnyTag"}} []
[2026-09-24T07:13:28.519830+00:00] main.DEBUG: cache_invalidate:  {"method":"GET","url":"http:/","invalidateInfo":{"tags":["EAV","MAGE"],"mode":"matchingTag"}} []
[2026-09-24T07:13:28.520045+00:00] main.DEBUG: cache_invalidate:  {"method":"GET","url":"http:/","invalidateInfo":{"tags":["EAV_ATTRIBUTE","MAGE"],"mode":"matchingTag"}} []
[2026-09-24T07:13:28.520079+00:00] main.DEBUG: cache_invalidate:  {"method":"GET","url":"http:/","invalidateInfo":{"tags":["EAV","EAV_ATTRIBUTE"],"mode":"matchingAnyTag"}} []
[2026-09-24T07:13:28.523165+00:00] main.DEBUG: cache_invalidate:  {"method":"GET","url":"http:/","invalidateInfo":{"tags":["EAV_ATTRIBUTE_21","FPC","MAGE"],"mode":"matchingTag"}} []
[2026-09-24T07:13:28.523209+00:00] main.DEBUG: cache_invalidate:  {"method":"GET","url":"http:/","invalidateInfo":{"tags":["EAV_ATTRIBUTE_21","FPC"],"mode":"matchingTag"}} []
[2026-09-24T07:13:28.523296+00:00] main.DEBUG: cache_invalidate:  {"method":"GET","url":"http:/","invalidateInfo":{"tags":["EAV_ATTRIBUTE_customer_disable_auto_group_change","FPC","MAGE"],"mode":"matchingTag"}} []
[2026-09-24T07:13:28.523326+00:00] main.DEBUG: cache_invalidate:  {"method":"GET","url":"http:/","invalidateInfo":{"tags":["EAV_ATTRIBUTE_customer_disable_auto_group_change","FPC"],"mode":"matchingTag"}} []
[2026-09-24T07:13:28.523661+00:00] main.DEBUG: cache_invalidate:  {"method":"GET","url":"http:/","invalidateInfo":{"tags":["EAV_ATTRIBUTE_36","FPC","MAGE"],"mode":"matchingTag"}} []
[2026-09-24T07:13:28.523723+00:00] main.DEBUG: cache_invalidate:  {"method":"GET","url":"http:/","invalidateInfo":{"tags":["EAV_ATTRIBUTE_36","FPC"],"mode":"matchingTag"}} []
[2026-09-24T07:13:28.523838+00:00] main.DEBUG: cache_invalidate:  {"method":"GET","url":"http:/","invalidateInfo":{"tags":["EAV_ATTRIBUTE_customer_address_vat_id","FPC","MAGE"],"mode":"matchingTag"}} []
[2026-09-24T07:13:28.523889+00:00] main.DEBUG: cache_invalidate:  {"method":"GET","url":"http:/","invalidateInfo":{"tags":["EAV_ATTRIBUTE_customer_address_vat_id","FPC"],"mode":"matchingTag"}} []
[2026-09-24T07:13:28.528610+00:00] main.DEBUG: cache_invalidate:  {"method":"GET","url":"http:/","invalidateInfo":{"tags":["EAV","MAGE"],"mode":"matchingTag"}} []
[2026-09-24T07:13:28.528751+00:00] main.DEBUG: cache_invalidate:  {"method":"GET","url":"http:/","invalidateInfo":{"tags":["EAV_ATTRIBUTE","MAGE"],"mode":"matchingTag"}} []
[2026-09-24T07:13:28.528779+00:00] main.DEBUG: cache_invalidate:  {"method":"GET","url":"http:/","invalidateInfo":{"tags":["EAV","EAV_ATTRIBUTE"],"mode":"matchingAnyTag"}} []
[2026-09-24T07:13:28.529078+00:00] main.DEBUG: cache_invalidate:  {"method":"GET","url":"http:/","invalidateInfo":{"tags":["EAV","MAGE"],"mode":"matchingTag"}} []
[2026-09-24T07:13:28.529194+00:00] main.DEBUG: cache_invalidate:  {"method":"GET","url":"http:/","invalidateInfo":{"tags":["EAV_ATTRIBUTE","MAGE"],"mode":"matchingTag"}} []
[2026-09-24T07:13:28.529216+00:00] main.DEBUG: cache_invalidate:  {"method":"GET","url":"http:/","invalidateInfo":{"tags":["EAV","EAV_ATTRIBUTE"],"mode":"matchingAnyTag"}} []
[2026-09-24T07:13:28.529328+00:00] main.DEBUG: cache_invalidate:  {"method":"GET","url":"http:/","invalidateInfo":{"tags":["EAV","MAGE"],"mode":"matchingTag"}} []
[2026-09-24T07:13:28.529439+00:00] main.DEBUG: cache_invalidate:  {"method":"GET","url":"http:/","invalidateInfo":{"tags":["EAV_ATTRIBUTE","MAGE"],"mode":"matchingTag"}} []
[2026-09-24T07:13:28.529461+00:00] main.DEBUG: cache_invalidate:  {"method":"GET","url":"http:/","invalidateInfo":{"tags":["EAV","EAV_ATTRIBUTE"],"mode":"matchingAnyTag"}} []
[2026-09-24T07:13:28.529609+00:00] main.DEBUG: cache_invalidate:  {"method":"GET","url":"http:/","invalidateInfo":{"tags":["EAV_ATTRIBUTE","MAGE"],"mode":"matchingTag"}} []
[2026-09-24T07:13:28.529655+00:00] main.DEBUG: cache_invalidate:  {"method":"GET","url":"http:/","invalidateInfo":{"tags":["EAV_ATTRIBUTE"],"mode":"matchingAnyTag"}} []
[2026-09-24T07:13:28.530083+00:00] main.DEBUG: cache_invalidate:  {"method":"GET","url":"http:/","invalidateInfo":{"tags":["EAV_ATTRIBUTE_1","FPC","MAGE"],"mode":"matchingTag"}} []
[2026-09-24T07:13:28.530114+00:00] main.DEBUG: cache_invalidate:  {"method":"GET","url":"http:/","invalidateInfo":{"tags":["EAV_ATTRIBUTE_1","FPC"],"mode":"matchingTag"}} []
[2026-09-24T07:13:28.530171+00:00] main.DEBUG: cache_invalidate:  {"method":"GET","url":"http:/","invalidateInfo":{"tags":["EAV_ENTITY_TYPES_CUSTOMER_ENTITY","FPC","MAGE"],"mode":"matchingTag"}} []
[2026-09-24T07:13:28.530197+00:00] main.DEBUG: cache_invalidate:  {"method":"GET","url":"http:/","invalidateInfo":{"tags":["EAV_ENTITY_TYPES_CUSTOMER_ENTITY","FPC"],"mode":"matchingTag"}} []
[2026-09-24T07:13:28.530252+00:00] main.DEBUG: cache_invalidate:  {"method":"GET","url":"http:/","invalidateInfo":{"tags":["EAV_FORM_adminhtml_customer_FORM","FPC","MAGE"],"mode":"matchingTag"}} []
[2026-09-24T07:13:28.530274+00:00] main.DEBUG: cache_invalidate:  {"method":"GET","url":"http:/","invalidateInfo":{"tags":["EAV_FORM_adminhtml_customer_FORM","FPC"],"mode":"matchingTag"}} []
[2026-09-24T07:13:28.530326+00:00] main.DEBUG: cache_invalidate:  {"method":"GET","url":"http:/","invalidateInfo":{"tags":["EAV_ATTRIBUTE_customer_website_id","FPC","MAGE"],"mode":"matchingTag"}} []
[2026-09-24T07:13:28.530348+00:00] main.DEBUG: cache_invalidate:  {"method":"GET","url":"http:/","invalidateInfo":{"tags":["EAV_ATTRIBUTE_customer_website_id","FPC"],"mode":"matchingTag"}} []
[2026-09-24T07:13:28.532462+00:00] main.DEBUG: cache_invalidate:  {"method":"GET","url":"http:/","invalidateInfo":{"tags":["EAV","MAGE"],"mode":"matchingTag"}} []
[2026-09-24T07:13:28.532709+00:00] main.DEBUG: cache_invalidate:  {"method":"GET","url":"http:/","invalidateInfo":{"tags":["EAV_ATTRIBUTE","MAGE"],"mode":"matchingTag"}} []
[2026-09-24T07:13:28.532742+00:00] main.DEBUG: cache_invalidate:  {"method":"GET","url":"http:/","invalidateInfo":{"tags":["EAV","EAV_ATTRIBUTE"],"mode":"matchingAnyTag"}} []
[2026-09-24T07:13:28.533181+00:00] main.DEBUG: cache_invalidate:  {"method":"GET","url":"http:/","invalidateInfo":{"tags":["EAV","MAGE"],"mode":"matchingTag"}} []
[2026-09-24T07:13:28.533388+00:00] main.DEBUG: cache_invalidate:  {"method":"GET","url":"http:/","invalidateInfo":{"tags":["EAV_ATTRIBUTE","MAGE"],"mode":"matchingTag"}} []
[2026-09-24T07:13:28.533419+00:00] main.DEBUG: cache_invalidate:  {"method":"GET","url":"http:/","invalidateInfo":{"tags":["EAV","EAV_ATTRIBUTE"],"mode":"matchingAnyTag"}} []
[2026-09-24T07:13:28.533628+00:00] main.DEBUG: cache_invalidate:  {"method":"GET","url":"http:/","invalidateInfo":{"tags":["EAV","MAGE"],"mode":"matchingTag"}} []
[2026-09-24T07:13:28.533837+00:00] main.DEBUG: cache_invalidate:  {"method":"GET","url":"http:/","invalidateInfo":{"tags":["EAV_ATTRIBUTE","MAGE"],"mode":"matchingTag"}} []
[2026-09-24T07:13:28.533866+00:00] main.DEBUG: cache_invalidate:  {"method":"GET","url":"http:/","invalidateInfo":{"tags":["EAV","EAV_ATTRIBUTE"],"mode":"matchingAnyTag"}} []
[2026-09-24T07:13:28.534077+00:00] main.DEBUG: cache_invalidate:  {"method":"GET","url":"http:/","invalidateInfo":{"tags":["EAV_ATTRIBUTE","MAGE"],"mode":"matchingTag"}} []
[2026-09-24T07:13:28.534106+00:00] main.DEBUG: cache_invalidate:  {"method":"GET","url":"http:/","invalidateInfo":{"tags":["EAV_ATTRIBUTE"],"mode":"matchingAnyTag"}} []
[2026-09-24T07:13:28.534572+00:00] main.DEBUG: cache_invalidate:  {"method":"GET","url":"http:/","invalidateInfo":{"tags":["EAV_ATTRIBUTE_3","FPC","MAGE"],"mode":"matchingTag"}} []
[2026-09-24T07:13:28.534606+00:00] main.DEBUG: cache_invalidate:  {"method":"GET","url":"http:/","invalidateInfo":{"tags":["EAV_ATTRIBUTE_3","FPC"],"mode":"matchingTag"}} []
[2026-09-24T07:13:28.534693+00:00] main.DEBUG: cache_invalidate:  {"method":"GET","url":"http:/","invalidateInfo":{"tags":["EAV_ENTITY_TYPES_CUSTOMER_ENTITY","FPC","MAGE"],"mode":"matchingTag"}} []
[2026-09-24T07:13:28.534724+00:00] main.DEBUG: cache_invalidate:  {"method":"GET","url":"http:/","invalidateInfo":{"tags":["EAV_ENTITY_TYPES_CUSTOMER_ENTITY","FPC"],"mode":"matchingTag"}} []
[2026-09-24T07:13:28.534808+00:00] main.DEBUG: cache_invalidate:  {"method":"GET","url":"http:/","invalidateInfo":{"tags":["EAV_FORM_adminhtml_customer_FORM","FPC","MAGE"],"mode":"matchingTag"}} []
[2026-09-24T07:13:28.534837+00:00] main.DEBUG: cache_invalidate:  {"method":"GET","url":"http:/","invalidateInfo":{"tags":["EAV_FORM_adminhtml_customer_FORM","FPC"],"mode":"matchingTag"}} []
[2026-09-24T07:13:28.534925+00:00] main.DEBUG: cache_invalidate:  {"method":"GET","url":"http:/","invalidateInfo":{"tags":["EAV_ATTRIBUTE_customer_created_in","FPC","MAGE"],"mode":"matchingTag"}} []
[2026-09-24T07:13:28.534958+00:00] main.DEBUG: cache_invalidate:  {"method":"GET","url":"http:/","invalidateInfo":{"tags":["EAV_ATTRIBUTE_customer_created_in","FPC"],"mode":"matchingTag"}} []
[2026-09-24T07:13:28.537491+00:00] main.DEBUG: cache_invalidate:  {"method":"GET","url":"http:/","invalidateInfo":{"tags":["EAV","MAGE"],"mode":"matchingTag"}} []
[2026-09-24T07:13:28.537741+00:00] main.DEBUG: cache_invalidate:  {"method":"GET","url":"http:/","invalidateInfo":{"tags":["EAV_ATTRIBUTE","MAGE"],"mode":"matchingTag"}} []
[2026-09-24T07:13:28.537775+00:00] main.DEBUG: cache_invalidate:  {"method":"GET","url":"http:/","invalidateInfo":{"tags":["EAV","EAV_ATTRIBUTE"],"mode":"matchingAnyTag"}} []
[2026-09-24T07:13:28.538216+00:00] main.DEBUG: cache_invalidate:  {"method":"GET","url":"http:/","invalidateInfo":{"tags":["EAV","MAGE"],"mode":"matchingTag"}} []
[2026-09-24T07:13:28.538428+00:00] main.DEBUG: cache_invalidate:  {"method":"GET","url":"http:/","invalidateInfo":{"tags":["EAV_ATTRIBUTE","MAGE"],"mode":"matchingTag"}} []
[2026-09-24T07:13:28.538457+00:00] main.DEBUG: cache_invalidate:  {"method":"GET","url":"http:/","invalidateInfo":{"tags":["EAV","EAV_ATTRIBUTE"],"mode":"matchingAnyTag"}} []
[2026-09-24T07:13:28.538672+00:00] main.DEBUG: cache_invalidate:  {"method":"GET","url":"http:/","invalidateInfo":{"tags":["EAV","MAGE"],"mode":"matchingTag"}} []
[2026-09-24T07:13:28.538899+00:00] main.DEBUG: cache_invalidate:  {"method":"GET","url":"http:/","invalidateInfo":{"tags":["EAV_ATTRIBUTE","MAGE"],"mode":"matchingTag"}} []
[2026-09-24T07:13:28.538930+00:00] main.DEBUG: cache_invalidate:  {"method":"GET","url":"http:/","invalidateInfo":{"tags":["EAV","EAV_ATTRIBUTE"],"mode":"matchingAnyTag"}} []
[2026-09-24T07:13:28.539139+00:00] main.DEBUG: cache_invalidate:  {"method":"GET","url":"http:/","invalidateInfo":{"tags":["EAV_ATTRIBUTE","MAGE"],"mode":"matchingTag"}} []
[2026-09-24T07:13:28.539168+00:00] main.DEBUG: cache_invalidate:  {"method":"GET","url":"http:/","invalidateInfo":{"tags":["EAV_ATTRIBUTE"],"mode":"matchingAnyTag"}} []
[2026-09-24T07:13:28.539642+00:00] main.DEBUG: cache_invalidate:  {"method":"GET","url":"http:/","invalidateInfo":{"tags":["EAV_ATTRIBUTE_9","FPC","MAGE"],"mode":"matchingTag"}} []
[2026-09-24T07:13:28.539676+00:00] main.DEBUG: cache_invalidate:  {"method":"GET","url":"http:/","invalidateInfo":{"tags":["EAV_ATTRIBUTE_9","FPC"],"mode":"matchingTag"}} []
[2026-09-24T07:13:28.539760+00:00] main.DEBUG: cache_invalidate:  {"method":"GET","url":"http:/","invalidateInfo":{"tags":["EAV_ENTITY_TYPES_CUSTOMER_ENTITY","FPC","MAGE"],"mode":"matchingTag"}} []
[2026-09-24T07:13:28.539789+00:00] main.DEBUG: cache_invalidate:  {"method":"GET","url":"http:/","invalidateInfo":{"tags":["EAV_ENTITY_TYPES_CUSTOMER_ENTITY","FPC"],"mode":"matchingTag"}} []
[2026-09-24T07:13:28.539871+00:00] main.DEBUG: cache_invalidate:  {"method":"GET","url":"http:/","invalidateInfo":{"tags":["EAV_FORM_adminhtml_checkout_FORM","FPC","MAGE"],"mode":"matchingTag"}} []
[2026-09-24T07:13:28.539899+00:00] main.DEBUG: cache_invalidate:  {"method":"GET","url":"http:/","invalidateInfo":{"tags":["EAV_FORM_adminhtml_checkout_FORM","FPC"],"mode":"matchingTag"}} []
[2026-09-24T07:13:28.539980+00:00] main.DEBUG: cache_invalidate:  {"method":"GET","url":"http:/","invalidateInfo":{"tags":["EAV_FORM_adminhtml_customer_FORM","FPC","MAGE"],"mode":"matchingTag"}} []
[2026-09-24T07:13:28.540008+00:00] main.DEBUG: cache_invalidate:  {"method":"GET","url":"http:/","invalidateInfo":{"tags":["EAV_FORM_adminhtml_customer_FORM","FPC"],"mode":"matchingTag"}} []
[2026-09-24T07:13:28.540088+00:00] main.DEBUG: cache_invalidate:  {"method":"GET","url":"http:/","invalidateInfo":{"tags":["EAV_FORM_checkout_register_FORM","FPC","MAGE"],"mode":"matchingTag"}} []
[2026-09-24T07:13:28.540116+00:00] main.DEBUG: cache_invalidate:  {"method":"GET","url":"http:/","invalidateInfo":{"tags":["EAV_FORM_checkout_register_FORM","FPC"],"mode":"matchingTag"}} []
[2026-09-24T07:13:28.540199+00:00] main.DEBUG: cache_invalidate:  {"method":"GET","url":"http:/","invalidateInfo":{"tags":["EAV_FORM_customer_account_create_FORM","FPC","MAGE"],"mode":"matchingTag"}} []
[2026-09-24T07:13:28.540227+00:00] main.DEBUG: cache_invalidate:  {"method":"GET","url":"http:/","invalidateInfo":{"tags":["EAV_FORM_customer_account_create_FORM","FPC"],"mode":"matchingTag"}} []
[2026-09-24T07:13:28.540307+00:00] main.DEBUG: cache_invalidate:  {"method":"GET","url":"http:/","invalidateInfo":{"tags":["EAV_FORM_customer_account_edit_FORM","FPC","MAGE"],"mode":"matchingTag"}} []
[2026-09-24T07:13:28.540335+00:00] main.DEBUG: cache_invalidate:  {"method":"GET","url":"http:/","invalidateInfo":{"tags":["EAV_FORM_customer_account_edit_FORM","FPC"],"mode":"matchingTag"}} []
[2026-09-24T07:13:28.540415+00:00] main.DEBUG: cache_invalidate:  {"method":"GET","url":"http:/","invalidateInfo":{"tags":["EAV_ATTRIBUTE_customer_email","FPC","MAGE"],"mode":"matchingTag"}} []
[2026-09-24T07:13:28.540442+00:00] main.DEBUG: cache_invalidate:  {"method":"GET","url":"http:/","invalidateInfo":{"tags":["EAV_ATTRIBUTE_customer_email","FPC"],"mode":"matchingTag"}} []
[2026-09-24T07:13:28.543165+00:00] main.DEBUG: cache_invalidate:  {"method":"GET","url":"http:/","invalidateInfo":{"tags":["EAV","MAGE"],"mode":"matchingTag"}} []
[2026-09-24T07:13:28.543412+00:00] main.DEBUG: cache_invalidate:  {"method":"GET","url":"http:/","invalidateInfo":{"tags":["EAV_ATTRIBUTE","MAGE"],"mode":"matchingTag"}} []
[2026-09-24T07:13:28.543450+00:00] main.DEBUG: cache_invalidate:  {"method":"GET","url":"http:/","invalidateInfo":{"tags":["EAV","EAV_ATTRIBUTE"],"mode":"matchingAnyTag"}} []
[2026-09-24T07:13:28.543930+00:00] main.DEBUG: cache_invalidate:  {"method":"GET","url":"http:/","invalidateInfo":{"tags":["EAV","MAGE"],"mode":"matchingTag"}} []
[2026-09-24T07:13:28.544152+00:00] main.DEBUG: cache_invalidate:  {"method":"GET","url":"http:/","invalidateInfo":{"tags":["EAV_ATTRIBUTE","MAGE"],"mode":"matchingTag"}} []
[2026-09-24T07:13:28.544182+00:00] main.DEBUG: cache_invalidate:  {"method":"GET","url":"http:/","invalidateInfo":{"tags":["EAV","EAV_ATTRIBUTE"],"mode":"matchingAnyTag"}} []
[2026-09-24T07:13:28.544389+00:00] main.DEBUG: cache_invalidate:  {"method":"GET","url":"http:/","invalidateInfo":{"tags":["EAV","MAGE"],"mode":"matchingTag"}} []
[2026-09-24T07:13:28.544634+00:00] main.DEBUG: cache_invalidate:  {"method":"GET","url":"http:/","invalidateInfo":{"tags":["EAV_ATTRIBUTE","MAGE"],"mode":"matchingTag"}} []
[2026-09-24T07:13:28.544666+00:00] main.DEBUG: cache_invalidate:  {"method":"GET","url":"http:/","invalidateInfo":{"tags":["EAV","EAV_ATTRIBUTE"],"mode":"matchingAnyTag"}} []
[2026-09-24T07:13:28.544892+00:00] main.DEBUG: cache_invalidate:  {"method":"GET","url":"http:/","invalidateInfo":{"tags":["EAV_ATTRIBUTE","MAGE"],"mode":"matchingTag"}} []
[2026-09-24T07:13:28.544922+00:00] main.DEBUG: cache_invalidate:  {"method":"GET","url":"http:/","invalidateInfo":{"tags":["EAV_ATTRIBUTE"],"mode":"matchingAnyTag"}} []
[2026-09-24T07:13:28.545493+00:00] main.DEBUG: cache_invalidate:  {"method":"GET","url":"http:/","invalidateInfo":{"tags":["EAV_ATTRIBUTE_10","FPC","MAGE"],"mode":"matchingTag"}} []
[2026-09-24T07:13:28.545541+00:00] main.DEBUG: cache_invalidate:  {"method":"GET","url":"http:/","invalidateInfo":{"tags":["EAV_ATTRIBUTE_10","FPC"],"mode":"matchingTag"}} []
[2026-09-24T07:13:28.545638+00:00] main.DEBUG: cache_invalidate:  {"method":"GET","url":"http:/","invalidateInfo":{"tags":["EAV_ENTITY_TYPES_CUSTOMER_ENTITY","FPC","MAGE"],"mode":"matchingTag"}} []
[2026-09-24T07:13:28.545669+00:00] main.DEBUG: cache_invalidate:  {"method":"GET","url":"http:/","invalidateInfo":{"tags":["EAV_ENTITY_TYPES_CUSTOMER_ENTITY","FPC"],"mode":"matchingTag"}} []
[2026-09-24T07:13:28.545755+00:00] main.DEBUG: cache_invalidate:  {"method":"GET","url":"http:/","invalidateInfo":{"tags":["EAV_FORM_adminhtml_checkout_FORM","FPC","MAGE"],"mode":"matchingTag"}} []
[2026-09-24T07:13:28.545788+00:00] main.DEBUG: cache_invalidate:  {"method":"GET","url":"http:/","invalidateInfo":{"tags":["EAV_FORM_adminhtml_checkout_FORM","FPC"],"mode":"matchingTag"}} []
[2026-09-24T07:13:28.545890+00:00] main.DEBUG: cache_invalidate:  {"method":"GET","url":"http:/","invalidateInfo":{"tags":["EAV_FORM_adminhtml_customer_FORM","FPC","MAGE"],"mode":"matchingTag"}} []
[2026-09-24T07:13:28.545928+00:00] main.DEBUG: cache_invalidate:  {"method":"GET","url":"http:/","invalidateInfo":{"tags":["EAV_FORM_adminhtml_customer_FORM","FPC"],"mode":"matchingTag"}} []
[2026-09-24T07:13:28.546021+00:00] main.DEBUG: cache_invalidate:  {"method":"GET","url":"http:/","invalidateInfo":{"tags":["EAV_ATTRIBUTE_customer_group_id","FPC","MAGE"],"mode":"matchingTag"}} []
[2026-09-24T07:13:28.546052+00:00] main.DEBUG: cache_invalidate:  {"method":"GET","url":"http:/","invalidateInfo":{"tags":["EAV_ATTRIBUTE_customer_group_id","FPC"],"mode":"matchingTag"}} []
[2026-09-24T07:13:28.549004+00:00] main.DEBUG: cache_invalidate:  {"method":"GET","url":"http:/","invalidateInfo":{"tags":["EAV","MAGE"],"mode":"matchingTag"}} []
[2026-09-24T07:13:28.549272+00:00] main.DEBUG: cache_invalidate:  {"method":"GET","url":"http:/","invalidateInfo":{"tags":["EAV_ATTRIBUTE","MAGE"],"mode":"matchingTag"}} []
[2026-09-24T07:13:28.549307+00:00] main.DEBUG: cache_invalidate:  {"method":"GET","url":"http:/","invalidateInfo":{"tags":["EAV","EAV_ATTRIBUTE"],"mode":"matchingAnyTag"}} []
[2026-09-24T07:13:28.549901+00:00] main.DEBUG: cache_invalidate:  {"method":"GET","url":"http:/","invalidateInfo":{"tags":["EAV","MAGE"],"mode":"matchingTag"}} []
[2026-09-24T07:13:28.550165+00:00] main.DEBUG: cache_invalidate:  {"method":"GET","url":"http:/","invalidateInfo":{"tags":["EAV_ATTRIBUTE","MAGE"],"mode":"matchingTag"}} []
[2026-09-24T07:13:28.550195+00:00] main.DEBUG: cache_invalidate:  {"method":"GET","url":"http:/","invalidateInfo":{"tags":["EAV","EAV_ATTRIBUTE"],"mode":"matchingAnyTag"}} []
[2026-09-24T07:13:28.550449+00:00] main.DEBUG: cache_invalidate:  {"method":"GET","url":"http:/","invalidateInfo":{"tags":["EAV","MAGE"],"mode":"matchingTag"}} []
[2026-09-24T07:13:28.550701+00:00] main.DEBUG: cache_invalidate:  {"method":"GET","url":"http:/","invalidateInfo":{"tags":["EAV_ATTRIBUTE","MAGE"],"mode":"matchingTag"}} []
[2026-09-24T07:13:28.550750+00:00] main.DEBUG: cache_invalidate:  {"method":"GET","url":"http:/","invalidateInfo":{"tags":["EAV","EAV_ATTRIBUTE"],"mode":"matchingAnyTag"}} []
[2026-09-24T07:13:28.550999+00:00] main.DEBUG: cache_invalidate:  {"method":"GET","url":"http:/","invalidateInfo":{"tags":["EAV_ATTRIBUTE","MAGE"],"mode":"matchingTag"}} []
[2026-09-24T07:13:28.551042+00:00] main.DEBUG: cache_invalidate:  {"method":"GET","url":"http:/","invalidateInfo":{"tags":["EAV_ATTRIBUTE"],"mode":"matchingAnyTag"}} []
[2026-09-24T07:13:28.551659+00:00] main.DEBUG: cache_invalidate:  {"method":"GET","url":"http:/","invalidateInfo":{"tags":["EAV_ATTRIBUTE_11","FPC","MAGE"],"mode":"matchingTag"}} []
[2026-09-24T07:13:28.551700+00:00] main.DEBUG: cache_invalidate:  {"method":"GET","url":"http:/","invalidateInfo":{"tags":["EAV_ATTRIBUTE_11","FPC"],"mode":"matchingTag"}} []
[2026-09-24T07:13:28.551800+00:00] main.DEBUG: cache_invalidate:  {"method":"GET","url":"http:/","invalidateInfo":{"tags":["EAV_ENTITY_TYPES_CUSTOMER_ENTITY","FPC","MAGE"],"mode":"matchingTag"}} []
[2026-09-24T07:13:28.551831+00:00] main.DEBUG: cache_invalidate:  {"method":"GET","url":"http:/","invalidateInfo":{"tags":["EAV_ENTITY_TYPES_CUSTOMER_ENTITY","FPC"],"mode":"matchingTag"}} []
[2026-09-24T07:13:28.551931+00:00] main.DEBUG: cache_invalidate:  {"method":"GET","url":"http:/","invalidateInfo":{"tags":["EAV_FORM_adminhtml_checkout_FORM","FPC","MAGE"],"mode":"matchingTag"}} []
[2026-09-24T07:13:28.551971+00:00] main.DEBUG: cache_invalidate:  {"method":"GET","url":"http:/","invalidateInfo":{"tags":["EAV_FORM_adminhtml_checkout_FORM","FPC"],"mode":"matchingTag"}} []
[2026-09-24T07:13:28.552063+00:00] main.DEBUG: cache_invalidate:  {"method":"GET","url":"http:/","invalidateInfo":{"tags":["EAV_FORM_adminhtml_customer_FORM","FPC","MAGE"],"mode":"matchingTag"}} []
[2026-09-24T07:13:28.552103+00:00] main.DEBUG: cache_invalidate:  {"method":"GET","url":"http:/","invalidateInfo":{"tags":["EAV_FORM_adminhtml_customer_FORM","FPC"],"mode":"matchingTag"}} []
[2026-09-24T07:13:28.552208+00:00] main.DEBUG: cache_invalidate:  {"method":"GET","url":"http:/","invalidateInfo":{"tags":["EAV_FORM_checkout_register_FORM","FPC","MAGE"],"mode":"matchingTag"}} []
[2026-09-24T07:13:28.552242+00:00] main.DEBUG: cache_invalidate:  {"method":"GET","url":"http:/","invalidateInfo":{"tags":["EAV_FORM_checkout_register_FORM","FPC"],"mode":"matchingTag"}} []
[2026-09-24T07:13:28.552338+00:00] main.DEBUG: cache_invalidate:  {"method":"GET","url":"http:/","invalidateInfo":{"tags":["EAV_FORM_customer_account_create_FORM","FPC","MAGE"],"mode":"matchingTag"}} []
[2026-09-24T07:13:28.552372+00:00] main.DEBUG: cache_invalidate:  {"method":"GET","url":"http:/","invalidateInfo":{"tags":["EAV_FORM_customer_account_create_FORM","FPC"],"mode":"matchingTag"}} []
[2026-09-24T07:13:28.552466+00:00] main.DEBUG: cache_invalidate:  {"method":"GET","url":"http:/","invalidateInfo":{"tags":["EAV_FORM_customer_account_edit_FORM","FPC","MAGE"],"mode":"matchingTag"}} []
[2026-09-24T07:13:28.552496+00:00] main.DEBUG: cache_invalidate:  {"method":"GET","url":"http:/","invalidateInfo":{"tags":["EAV_FORM_customer_account_edit_FORM","FPC"],"mode":"matchingTag"}} []
[2026-09-24T07:13:28.552591+00:00] main.DEBUG: cache_invalidate:  {"method":"GET","url":"http:/","invalidateInfo":{"tags":["EAV_ATTRIBUTE_customer_dob","FPC","MAGE"],"mode":"matchingTag"}} []
[2026-09-24T07:13:28.552623+00:00] main.DEBUG: cache_invalidate:  {"method":"GET","url":"http:/","invalidateInfo":{"tags":["EAV_ATTRIBUTE_customer_dob","FPC"],"mode":"matchingTag"}} []
[2026-09-24T07:13:28.555499+00:00] main.DEBUG: cache_invalidate:  {"method":"GET","url":"http:/","invalidateInfo":{"tags":["EAV","MAGE"],"mode":"matchingTag"}} []
[2026-09-24T07:13:28.555748+00:00] main.DEBUG: cache_invalidate:  {"method":"GET","url":"http:/","invalidateInfo":{"tags":["EAV_ATTRIBUTE","MAGE"],"mode":"matchingTag"}} []
[2026-09-24T07:13:28.555780+00:00] main.DEBUG: cache_invalidate:  {"method":"GET","url":"http:/","invalidateInfo":{"tags":["EAV","EAV_ATTRIBUTE"],"mode":"matchingAnyTag"}} []
[2026-09-24T07:13:28.556251+00:00] main.DEBUG: cache_invalidate:  {"method":"GET","url":"http:/","invalidateInfo":{"tags":["EAV","MAGE"],"mode":"matchingTag"}} []
[2026-09-24T07:13:28.556482+00:00] main.DEBUG: cache_invalidate:  {"method":"GET","url":"http:/","invalidateInfo":{"tags":["EAV_ATTRIBUTE","MAGE"],"mode":"matchingTag"}} []
[2026-09-24T07:13:28.556513+00:00] main.DEBUG: cache_invalidate:  {"method":"GET","url":"http:/","invalidateInfo":{"tags":["EAV","EAV_ATTRIBUTE"],"mode":"matchingAnyTag"}} []
[2026-09-24T07:13:28.556751+00:00] main.DEBUG: cache_invalidate:  {"method":"GET","url":"http:/","invalidateInfo":{"tags":["EAV","MAGE"],"mode":"matchingTag"}} []
[2026-09-24T07:13:28.556966+00:00] main.DEBUG: cache_invalidate:  {"method":"GET","url":"http:/","invalidateInfo":{"tags":["EAV_ATTRIBUTE","MAGE"],"mode":"matchingTag"}} []
[2026-09-24T07:13:28.556995+00:00] main.DEBUG: cache_invalidate:  {"method":"GET","url":"http:/","invalidateInfo":{"tags":["EAV","EAV_ATTRIBUTE"],"mode":"matchingAnyTag"}} []
[2026-09-24T07:13:28.557205+00:00] main.DEBUG: cache_invalidate:  {"method":"GET","url":"http:/","invalidateInfo":{"tags":["EAV_ATTRIBUTE","MAGE"],"mode":"matchingTag"}} []
[2026-09-24T07:13:28.557233+00:00] main.DEBUG: cache_invalidate:  {"method":"GET","url":"http:/","invalidateInfo":{"tags":["EAV_ATTRIBUTE"],"mode":"matchingAnyTag"}} []
[2026-09-24T07:13:28.557753+00:00] main.DEBUG: cache_invalidate:  {"method":"GET","url":"http:/","invalidateInfo":{"tags":["EAV_ATTRIBUTE_17","FPC","MAGE"],"mode":"matchingTag"}} []
[2026-09-24T07:13:28.557787+00:00] main.DEBUG: cache_invalidate:  {"method":"GET","url":"http:/","invalidateInfo":{"tags":["EAV_ATTRIBUTE_17","FPC"],"mode":"matchingTag"}} []
[2026-09-24T07:13:28.557873+00:00] main.DEBUG: cache_invalidate:  {"method":"GET","url":"http:/","invalidateInfo":{"tags":["EAV_ENTITY_TYPES_CUSTOMER_ENTITY","FPC","MAGE"],"mode":"matchingTag"}} []
[2026-09-24T07:13:28.557905+00:00] main.DEBUG: cache_invalidate:  {"method":"GET","url":"http:/","invalidateInfo":{"tags":["EAV_ENTITY_TYPES_CUSTOMER_ENTITY","FPC"],"mode":"matchingTag"}} []
[2026-09-24T07:13:28.558005+00:00] main.DEBUG: cache_invalidate:  {"method":"GET","url":"http:/","invalidateInfo":{"tags":["EAV_FORM_adminhtml_checkout_FORM","FPC","MAGE"],"mode":"matchingTag"}} []
[2026-09-24T07:13:28.558033+00:00] main.DEBUG: cache_invalidate:  {"method":"GET","url":"http:/","invalidateInfo":{"tags":["EAV_FORM_adminhtml_checkout_FORM","FPC"],"mode":"matchingTag"}} []
[2026-09-24T07:13:28.558114+00:00] main.DEBUG: cache_invalidate:  {"method":"GET","url":"http:/","invalidateInfo":{"tags":["EAV_FORM_adminhtml_customer_FORM","FPC","MAGE"],"mode":"matchingTag"}} []
[2026-09-24T07:13:28.558142+00:00] main.DEBUG: cache_invalidate:  {"method":"GET","url":"http:/","invalidateInfo":{"tags":["EAV_FORM_adminhtml_customer_FORM","FPC"],"mode":"matchingTag"}} []
[2026-09-24T07:13:28.558222+00:00] main.DEBUG: cache_invalidate:  {"method":"GET","url":"http:/","invalidateInfo":{"tags":["EAV_FORM_checkout_register_FORM","FPC","MAGE"],"mode":"matchingTag"}} []
[2026-09-24T07:13:28.558255+00:00] main.DEBUG: cache_invalidate:  {"method":"GET","url":"http:/","invalidateInfo":{"tags":["EAV_FORM_checkout_register_FORM","FPC"],"mode":"matchingTag"}} []
[2026-09-24T07:13:28.558337+00:00] main.DEBUG: cache_invalidate:  {"method":"GET","url":"http:/","invalidateInfo":{"tags":["EAV_FORM_customer_account_create_FORM","FPC","MAGE"],"mode":"matchingTag"}} []
[2026-09-24T07:13:28.558365+00:00] main.DEBUG: cache_invalidate:  {"method":"GET","url":"http:/","invalidateInfo":{"tags":["EAV_FORM_customer_account_create_FORM","FPC"],"mode":"matchingTag"}} []
[2026-09-24T07:13:28.558447+00:00] main.DEBUG: cache_invalidate:  {"method":"GET","url":"http:/","invalidateInfo":{"tags":["EAV_FORM_customer_account_edit_FORM","FPC","MAGE"],"mode":"matchingTag"}} []
[2026-09-24T07:13:28.558475+00:00] main.DEBUG: cache_invalidate:  {"method":"GET","url":"http:/","invalidateInfo":{"tags":["EAV_FORM_customer_account_edit_FORM","FPC"],"mode":"matchingTag"}} []
[2026-09-24T07:13:28.558572+00:00] main.DEBUG: cache_invalidate:  {"method":"GET","url":"http:/","invalidateInfo":{"tags":["EAV_ATTRIBUTE_customer_taxvat","FPC","MAGE"],"mode":"matchingTag"}} []
[2026-09-24T07:13:28.558602+00:00] main.DEBUG: cache_invalidate:  {"method":"GET","url":"http:/","invalidateInfo":{"tags":["EAV_ATTRIBUTE_customer_taxvat","FPC"],"mode":"matchingTag"}} []
[2026-09-24T07:13:28.561173+00:00] main.DEBUG: cache_invalidate:  {"method":"GET","url":"http:/","invalidateInfo":{"tags":["EAV","MAGE"],"mode":"matchingTag"}} []
[2026-09-24T07:13:28.561392+00:00] main.DEBUG: cache_invalidate:  {"method":"GET","url":"http:/","invalidateInfo":{"tags":["EAV_ATTRIBUTE","MAGE"],"mode":"matchingTag"}} []
[2026-09-24T07:13:28.561422+00:00] main.DEBUG: cache_invalidate:  {"method":"GET","url":"http:/","invalidateInfo":{"tags":["EAV","EAV_ATTRIBUTE"],"mode":"matchingAnyTag"}} []
[2026-09-24T07:13:28.561886+00:00] main.DEBUG: cache_invalidate:  {"method":"GET","url":"http:/","invalidateInfo":{"tags":["EAV","MAGE"],"mode":"matchingTag"}} []
[2026-09-24T07:13:28.562105+00:00] main.DEBUG: cache_invalidate:  {"method":"GET","url":"http:/","invalidateInfo":{"tags":["EAV_ATTRIBUTE","MAGE"],"mode":"matchingTag"}} []
[2026-09-24T07:13:28.562137+00:00] main.DEBUG: cache_invalidate:  {"method":"GET","url":"http:/","invalidateInfo":{"tags":["EAV","EAV_ATTRIBUTE"],"mode":"matchingAnyTag"}} []
[2026-09-24T07:13:28.562348+00:00] main.DEBUG: cache_invalidate:  {"method":"GET","url":"http:/","invalidateInfo":{"tags":["EAV","MAGE"],"mode":"matchingTag"}} []
[2026-09-24T07:13:28.562566+00:00] main.DEBUG: cache_invalidate:  {"method":"GET","url":"http:/","invalidateInfo":{"tags":["EAV_ATTRIBUTE","MAGE"],"mode":"matchingTag"}} []
[2026-09-24T07:13:28.562596+00:00] main.DEBUG: cache_invalidate:  {"method":"GET","url":"http:/","invalidateInfo":{"tags":["EAV","EAV_ATTRIBUTE"],"mode":"matchingAnyTag"}} []
[2026-09-24T07:13:28.562818+00:00] main.DEBUG: cache_invalidate:  {"method":"GET","url":"http:/","invalidateInfo":{"tags":["EAV_ATTRIBUTE","MAGE"],"mode":"matchingTag"}} []
[2026-09-24T07:13:28.562859+00:00] main.DEBUG: cache_invalidate:  {"method":"GET","url":"http:/","invalidateInfo":{"tags":["EAV_ATTRIBUTE"],"mode":"matchingAnyTag"}} []
[2026-09-24T07:13:28.563326+00:00] main.DEBUG: cache_invalidate:  {"method":"GET","url":"http:/","invalidateInfo":{"tags":["EAV_ATTRIBUTE_18","FPC","MAGE"],"mode":"matchingTag"}} []
[2026-09-24T07:13:28.563361+00:00] main.DEBUG: cache_invalidate:  {"method":"GET","url":"http:/","invalidateInfo":{"tags":["EAV_ATTRIBUTE_18","FPC"],"mode":"matchingTag"}} []
[2026-09-24T07:13:28.563446+00:00] main.DEBUG: cache_invalidate:  {"method":"GET","url":"http:/","invalidateInfo":{"tags":["EAV_ENTITY_TYPES_CUSTOMER_ENTITY","FPC","MAGE"],"mode":"matchingTag"}} []
[2026-09-24T07:13:28.563476+00:00] main.DEBUG: cache_invalidate:  {"method":"GET","url":"http:/","invalidateInfo":{"tags":["EAV_ENTITY_TYPES_CUSTOMER_ENTITY","FPC"],"mode":"matchingTag"}} []
[2026-09-24T07:13:28.563573+00:00] main.DEBUG: cache_invalidate:  {"method":"GET","url":"http:/","invalidateInfo":{"tags":["EAV_ATTRIBUTE_customer_confirmation","FPC","MAGE"],"mode":"matchingTag"}} []
[2026-09-24T07:13:28.563603+00:00] main.DEBUG: cache_invalidate:  {"method":"GET","url":"http:/","invalidateInfo":{"tags":["EAV_ATTRIBUTE_customer_confirmation","FPC"],"mode":"matchingTag"}} []
[2026-09-24T07:13:28.566155+00:00] main.DEBUG: cache_invalidate:  {"method":"GET","url":"http:/","invalidateInfo":{"tags":["EAV","MAGE"],"mode":"matchingTag"}} []
[2026-09-24T07:13:28.566396+00:00] main.DEBUG: cache_invalidate:  {"method":"GET","url":"http:/","invalidateInfo":{"tags":["EAV_ATTRIBUTE","MAGE"],"mode":"matchingTag"}} []
[2026-09-24T07:13:28.566427+00:00] main.DEBUG: cache_invalidate:  {"method":"GET","url":"http:/","invalidateInfo":{"tags":["EAV","EAV_ATTRIBUTE"],"mode":"matchingAnyTag"}} []
[2026-09-24T07:13:28.566897+00:00] main.DEBUG: cache_invalidate:  {"method":"GET","url":"http:/","invalidateInfo":{"tags":["EAV","MAGE"],"mode":"matchingTag"}} []
[2026-09-24T07:13:28.567122+00:00] main.DEBUG: cache_invalidate:  {"method":"GET","url":"http:/","invalidateInfo":{"tags":["EAV_ATTRIBUTE","MAGE"],"mode":"matchingTag"}} []
[2026-09-24T07:13:28.567153+00:00] main.DEBUG: cache_invalidate:  {"method":"GET","url":"http:/","invalidateInfo":{"tags":["EAV","EAV_ATTRIBUTE"],"mode":"matchingAnyTag"}} []
[2026-09-24T07:13:28.567360+00:00] main.DEBUG: cache_invalidate:  {"method":"GET","url":"http:/","invalidateInfo":{"tags":["EAV","MAGE"],"mode":"matchingTag"}} []
[2026-09-24T07:13:28.567592+00:00] main.DEBUG: cache_invalidate:  {"method":"GET","url":"http:/","invalidateInfo":{"tags":["EAV_ATTRIBUTE","MAGE"],"mode":"matchingTag"}} []
[2026-09-24T07:13:28.567621+00:00] main.DEBUG: cache_invalidate:  {"method":"GET","url":"http:/","invalidateInfo":{"tags":["EAV","EAV_ATTRIBUTE"],"mode":"matchingAnyTag"}} []
[2026-09-24T07:13:28.567833+00:00] main.DEBUG: cache_invalidate:  {"method":"GET","url":"http:/","invalidateInfo":{"tags":["EAV_ATTRIBUTE","MAGE"],"mode":"matchingTag"}} []
[2026-09-24T07:13:28.567862+00:00] main.DEBUG: cache_invalidate:  {"method":"GET","url":"http:/","invalidateInfo":{"tags":["EAV_ATTRIBUTE"],"mode":"matchingAnyTag"}} []
[2026-09-24T07:13:28.568317+00:00] main.DEBUG: cache_invalidate:  {"method":"GET","url":"http:/","invalidateInfo":{"tags":["EAV_ATTRIBUTE_19","FPC","MAGE"],"mode":"matchingTag"}} []
[2026-09-24T07:13:28.568350+00:00] main.DEBUG: cache_invalidate:  {"method":"GET","url":"http:/","invalidateInfo":{"tags":["EAV_ATTRIBUTE_19","FPC"],"mode":"matchingTag"}} []
[2026-09-24T07:13:28.568433+00:00] main.DEBUG: cache_invalidate:  {"method":"GET","url":"http:/","invalidateInfo":{"tags":["EAV_ENTITY_TYPES_CUSTOMER_ENTITY","FPC","MAGE"],"mode":"matchingTag"}} []
[2026-09-24T07:13:28.568462+00:00] main.DEBUG: cache_invalidate:  {"method":"GET","url":"http:/","invalidateInfo":{"tags":["EAV_ENTITY_TYPES_CUSTOMER_ENTITY","FPC"],"mode":"matchingTag"}} []
[2026-09-24T07:13:28.568555+00:00] main.DEBUG: cache_invalidate:  {"method":"GET","url":"http:/","invalidateInfo":{"tags":["EAV_FORM_adminhtml_customer_FORM","FPC","MAGE"],"mode":"matchingTag"}} []
[2026-09-24T07:13:28.568586+00:00] main.DEBUG: cache_invalidate:  {"method":"GET","url":"http:/","invalidateInfo":{"tags":["EAV_FORM_adminhtml_customer_FORM","FPC"],"mode":"matchingTag"}} []
[2026-09-24T07:13:28.568668+00:00] main.DEBUG: cache_invalidate:  {"method":"GET","url":"http:/","invalidateInfo":{"tags":["EAV_FORM_checkout_register_FORM","FPC","MAGE"],"mode":"matchingTag"}} []
[2026-09-24T07:13:28.568697+00:00] main.DEBUG: cache_invalidate:  {"method":"GET","url":"http:/","invalidateInfo":{"tags":["EAV_FORM_checkout_register_FORM","FPC"],"mode":"matchingTag"}} []
[2026-09-24T07:13:28.568782+00:00] main.DEBUG: cache_invalidate:  {"method":"GET","url":"http:/","invalidateInfo":{"tags":["EAV_FORM_customer_account_create_FORM","FPC","MAGE"],"mode":"matchingTag"}} []
[2026-09-24T07:13:28.568811+00:00] main.DEBUG: cache_invalidate:  {"method":"GET","url":"http:/","invalidateInfo":{"tags":["EAV_FORM_customer_account_create_FORM","FPC"],"mode":"matchingTag"}} []
[2026-09-24T07:13:28.568892+00:00] main.DEBUG: cache_invalidate:  {"method":"GET","url":"http:/","invalidateInfo":{"tags":["EAV_FORM_customer_account_edit_FORM","FPC","MAGE"],"mode":"matchingTag"}} []
[2026-09-24T07:13:28.568921+00:00] main.DEBUG: cache_invalidate:  {"method":"GET","url":"http:/","invalidateInfo":{"tags":["EAV_FORM_customer_account_edit_FORM","FPC"],"mode":"matchingTag"}} []
[2026-09-24T07:13:28.569002+00:00] main.DEBUG: cache_invalidate:  {"method":"GET","url":"http:/","invalidateInfo":{"tags":["EAV_ATTRIBUTE_customer_created_at","FPC","MAGE"],"mode":"matchingTag"}} []
[2026-09-24T07:13:28.569030+00:00] main.DEBUG: cache_invalidate:  {"method":"GET","url":"http:/","invalidateInfo":{"tags":["EAV_ATTRIBUTE_customer_created_at","FPC"],"mode":"matchingTag"}} []
[2026-09-24T07:13:28.571565+00:00] main.DEBUG: cache_invalidate:  {"method":"GET","url":"http:/","invalidateInfo":{"tags":["EAV","MAGE"],"mode":"matchingTag"}} []
[2026-09-24T07:13:28.571810+00:00] main.DEBUG: cache_invalidate:  {"method":"GET","url":"http:/","invalidateInfo":{"tags":["EAV_ATTRIBUTE","MAGE"],"mode":"matchingTag"}} []
[2026-09-24T07:13:28.571841+00:00] main.DEBUG: cache_invalidate:  {"method":"GET","url":"http:/","invalidateInfo":{"tags":["EAV","EAV_ATTRIBUTE"],"mode":"matchingAnyTag"}} []
[2026-09-24T07:13:28.572304+00:00] main.DEBUG: cache_invalidate:  {"method":"GET","url":"http:/","invalidateInfo":{"tags":["EAV","MAGE"],"mode":"matchingTag"}} []
[2026-09-24T07:13:28.572546+00:00] main.DEBUG: cache_invalidate:  {"method":"GET","url":"http:/","invalidateInfo":{"tags":["EAV_ATTRIBUTE","MAGE"],"mode":"matchingTag"}} []
[2026-09-24T07:13:28.572579+00:00] main.DEBUG: cache_invalidate:  {"method":"GET","url":"http:/","invalidateInfo":{"tags":["EAV","EAV_ATTRIBUTE"],"mode":"matchingAnyTag"}} []
[2026-09-24T07:13:28.572796+00:00] main.DEBUG: cache_invalidate:  {"method":"GET","url":"http:/","invalidateInfo":{"tags":["EAV","MAGE"],"mode":"matchingTag"}} []
[2026-09-24T07:13:28.573021+00:00] main.DEBUG: cache_invalidate:  {"method":"GET","url":"http:/","invalidateInfo":{"tags":["EAV_ATTRIBUTE","MAGE"],"mode":"matchingTag"}} []
[2026-09-24T07:13:28.573050+00:00] main.DEBUG: cache_invalidate:  {"method":"GET","url":"http:/","invalidateInfo":{"tags":["EAV","EAV_ATTRIBUTE"],"mode":"matchingAnyTag"}} []
[2026-09-24T07:13:28.573272+00:00] main.DEBUG: cache_invalidate:  {"method":"GET","url":"http:/","invalidateInfo":{"tags":["EAV_ATTRIBUTE","MAGE"],"mode":"matchingTag"}} []
[2026-09-24T07:13:28.573301+00:00] main.DEBUG: cache_invalidate:  {"method":"GET","url":"http:/","invalidateInfo":{"tags":["EAV_ATTRIBUTE"],"mode":"matchingAnyTag"}} []
[2026-09-24T07:13:28.573772+00:00] main.DEBUG: cache_invalidate:  {"method":"GET","url":"http:/","invalidateInfo":{"tags":["EAV_ATTRIBUTE_20","FPC","MAGE"],"mode":"matchingTag"}} []
[2026-09-24T07:13:28.573806+00:00] main.DEBUG: cache_invalidate:  {"method":"GET","url":"http:/","invalidateInfo":{"tags":["EAV_ATTRIBUTE_20","FPC"],"mode":"matchingTag"}} []
[2026-09-24T07:13:28.573892+00:00] main.DEBUG: cache_invalidate:  {"method":"GET","url":"http:/","invalidateInfo":{"tags":["EAV_ENTITY_TYPES_CUSTOMER_ENTITY","FPC","MAGE"],"mode":"matchingTag"}} []
[2026-09-24T07:13:28.573922+00:00] main.DEBUG: cache_invalidate:  {"method":"GET","url":"http:/","invalidateInfo":{"tags":["EAV_ENTITY_TYPES_CUSTOMER_ENTITY","FPC"],"mode":"matchingTag"}} []
[2026-09-24T07:13:28.574003+00:00] main.DEBUG: cache_invalidate:  {"method":"GET","url":"http:/","invalidateInfo":{"tags":["EAV_FORM_adminhtml_checkout_FORM","FPC","MAGE"],"mode":"matchingTag"}} []
[2026-09-24T07:13:28.574031+00:00] main.DEBUG: cache_invalidate:  {"method":"GET","url":"http:/","invalidateInfo":{"tags":["EAV_FORM_adminhtml_checkout_FORM","FPC"],"mode":"matchingTag"}} []
[2026-09-24T07:13:28.574111+00:00] main.DEBUG: cache_invalidate:  {"method":"GET","url":"http:/","invalidateInfo":{"tags":["EAV_FORM_adminhtml_customer_FORM","FPC","MAGE"],"mode":"matchingTag"}} []
[2026-09-24T07:13:28.574139+00:00] main.DEBUG: cache_invalidate:  {"method":"GET","url":"http:/","invalidateInfo":{"tags":["EAV_FORM_adminhtml_customer_FORM","FPC"],"mode":"matchingTag"}} []
[2026-09-24T07:13:28.574219+00:00] main.DEBUG: cache_invalidate:  {"method":"GET","url":"http:/","invalidateInfo":{"tags":["EAV_FORM_checkout_register_FORM","FPC","MAGE"],"mode":"matchingTag"}} []
[2026-09-24T07:13:28.574264+00:00] main.DEBUG: cache_invalidate:  {"method":"GET","url":"http:/","invalidateInfo":{"tags":["EAV_FORM_checkout_register_FORM","FPC"],"mode":"matchingTag"}} []
[2026-09-24T07:13:28.574344+00:00] main.DEBUG: cache_invalidate:  {"method":"GET","url":"http:/","invalidateInfo":{"tags":["EAV_FORM_customer_account_create_FORM","FPC","MAGE"],"mode":"matchingTag"}} []
[2026-09-24T07:13:28.574372+00:00] main.DEBUG: cache_invalidate:  {"method":"GET","url":"http:/","invalidateInfo":{"tags":["EAV_FORM_customer_account_create_FORM","FPC"],"mode":"matchingTag"}} []
[2026-09-24T07:13:28.574470+00:00] main.DEBUG: cache_invalidate:  {"method":"GET","url":"http:/","invalidateInfo":{"tags":["EAV_FORM_customer_account_edit_FORM","FPC","MAGE"],"mode":"matchingTag"}} []
[2026-09-24T07:13:28.574497+00:00] main.DEBUG: cache_invalidate:  {"method":"GET","url":"http:/","invalidateInfo":{"tags":["EAV_FORM_customer_account_edit_FORM","FPC"],"mode":"matchingTag"}} []
[2026-09-24T07:13:28.574599+00:00] main.DEBUG: cache_invalidate:  {"method":"GET","url":"http:/","invalidateInfo":{"tags":["EAV_ATTRIBUTE_customer_gender","FPC","MAGE"],"mode":"matchingTag"}} []
[2026-09-24T07:13:28.574627+00:00] main.DEBUG: cache_invalidate:  {"method":"GET","url":"http:/","invalidateInfo":{"tags":["EAV_ATTRIBUTE_customer_gender","FPC"],"mode":"matchingTag"}} []
[2026-09-24T07:13:28.579774+00:00] main.DEBUG: cache_invalidate:  {"method":"GET","url":"http:/","invalidateInfo":{"tags":["EAV","MAGE"],"mode":"matchingTag"}} []
[2026-09-24T07:13:28.580020+00:00] main.DEBUG: cache_invalidate:  {"method":"GET","url":"http:/","invalidateInfo":{"tags":["EAV_ATTRIBUTE","MAGE"],"mode":"matchingTag"}} []
[2026-09-24T07:13:28.580054+00:00] main.DEBUG: cache_invalidate:  {"method":"GET","url":"http:/","invalidateInfo":{"tags":["EAV","EAV_ATTRIBUTE"],"mode":"matchingAnyTag"}} []
[2026-09-24T07:13:28.580506+00:00] main.DEBUG: cache_invalidate:  {"method":"GET","url":"http:/","invalidateInfo":{"tags":["EAV","MAGE"],"mode":"matchingTag"}} []
[2026-09-24T07:13:28.580748+00:00] main.DEBUG: cache_invalidate:  {"method":"GET","url":"http:/","invalidateInfo":{"tags":["EAV_ATTRIBUTE","MAGE"],"mode":"matchingTag"}} []
[2026-09-24T07:13:28.580780+00:00] main.DEBUG: cache_invalidate:  {"method":"GET","url":"http:/","invalidateInfo":{"tags":["EAV","EAV_ATTRIBUTE"],"mode":"matchingAnyTag"}} []
[2026-09-24T07:13:28.580996+00:00] main.DEBUG: cache_invalidate:  {"method":"GET","url":"http:/","invalidateInfo":{"tags":["EAV","MAGE"],"mode":"matchingTag"}} []
[2026-09-24T07:13:28.581219+00:00] main.DEBUG: cache_invalidate:  {"method":"GET","url":"http:/","invalidateInfo":{"tags":["EAV_ATTRIBUTE","MAGE"],"mode":"matchingTag"}} []
[2026-09-24T07:13:28.581251+00:00] main.DEBUG: cache_invalidate:  {"method":"GET","url":"http:/","invalidateInfo":{"tags":["EAV","EAV_ATTRIBUTE"],"mode":"matchingAnyTag"}} []
[2026-09-24T07:13:28.581476+00:00] main.DEBUG: cache_invalidate:  {"method":"GET","url":"http:/","invalidateInfo":{"tags":["EAV_ATTRIBUTE","MAGE"],"mode":"matchingTag"}} []
[2026-09-24T07:13:28.581506+00:00] main.DEBUG: cache_invalidate:  {"method":"GET","url":"http:/","invalidateInfo":{"tags":["EAV_ATTRIBUTE"],"mode":"matchingAnyTag"}} []
[2026-09-24T07:13:28.582008+00:00] main.DEBUG: cache_invalidate:  {"method":"GET","url":"http:/","invalidateInfo":{"tags":["EAV_ATTRIBUTE_27","FPC","MAGE"],"mode":"matchingTag"}} []
[2026-09-24T07:13:28.582043+00:00] main.DEBUG: cache_invalidate:  {"method":"GET","url":"http:/","invalidateInfo":{"tags":["EAV_ATTRIBUTE_27","FPC"],"mode":"matchingTag"}} []
[2026-09-24T07:13:28.582130+00:00] main.DEBUG: cache_invalidate:  {"method":"GET","url":"http:/","invalidateInfo":{"tags":["EAV_ENTITY_TYPES_CUSTOMER_ADDRESS_ENTITY","FPC","MAGE"],"mode":"matchingTag"}} []
[2026-09-24T07:13:28.582159+00:00] main.DEBUG: cache_invalidate:  {"method":"GET","url":"http:/","invalidateInfo":{"tags":["EAV_ENTITY_TYPES_CUSTOMER_ADDRESS_ENTITY","FPC"],"mode":"matchingTag"}} []
[2026-09-24T07:13:28.582241+00:00] main.DEBUG: cache_invalidate:  {"method":"GET","url":"http:/","invalidateInfo":{"tags":["EAV_FORM_adminhtml_customer_address_FORM","FPC","MAGE"],"mode":"matchingTag"}} []
[2026-09-24T07:13:28.582269+00:00] main.DEBUG: cache_invalidate:  {"method":"GET","url":"http:/","invalidateInfo":{"tags":["EAV_FORM_adminhtml_customer_address_FORM","FPC"],"mode":"matchingTag"}} []
[2026-09-24T07:13:28.582378+00:00] main.DEBUG: cache_invalidate:  {"method":"GET","url":"http:/","invalidateInfo":{"tags":["EAV_FORM_customer_address_edit_FORM","FPC","MAGE"],"mode":"matchingTag"}} []
[2026-09-24T07:13:28.582406+00:00] main.DEBUG: cache_invalidate:  {"method":"GET","url":"http:/","invalidateInfo":{"tags":["EAV_FORM_customer_address_edit_FORM","FPC"],"mode":"matchingTag"}} []
[2026-09-24T07:13:28.582487+00:00] main.DEBUG: cache_invalidate:  {"method":"GET","url":"http:/","invalidateInfo":{"tags":["EAV_FORM_customer_register_address_FORM","FPC","MAGE"],"mode":"matchingTag"}} []
[2026-09-24T07:13:28.582515+00:00] main.DEBUG: cache_invalidate:  {"method":"GET","url":"http:/","invalidateInfo":{"tags":["EAV_FORM_customer_register_address_FORM","FPC"],"mode":"matchingTag"}} []
[2026-09-24T07:13:28.582661+00:00] main.DEBUG: cache_invalidate:  {"method":"GET","url":"http:/","invalidateInfo":{"tags":["EAV_ATTRIBUTE_customer_address_company","FPC","MAGE"],"mode":"matchingTag"}} []
[2026-09-24T07:13:28.582693+00:00] main.DEBUG: cache_invalidate:  {"method":"GET","url":"http:/","invalidateInfo":{"tags":["EAV_ATTRIBUTE_customer_address_company","FPC"],"mode":"matchingTag"}} []
[2026-09-24T07:13:28.585272+00:00] main.DEBUG: cache_invalidate:  {"method":"GET","url":"http:/","invalidateInfo":{"tags":["EAV","MAGE"],"mode":"matchingTag"}} []
[2026-09-24T07:13:28.585502+00:00] main.DEBUG: cache_invalidate:  {"method":"GET","url":"http:/","invalidateInfo":{"tags":["EAV_ATTRIBUTE","MAGE"],"mode":"matchingTag"}} []
[2026-09-24T07:13:28.585542+00:00] main.DEBUG: cache_invalidate:  {"method":"GET","url":"http:/","invalidateInfo":{"tags":["EAV","EAV_ATTRIBUTE"],"mode":"matchingAnyTag"}} []
[2026-09-24T07:13:28.585985+00:00] main.DEBUG: cache_invalidate:  {"method":"GET","url":"http:/","invalidateInfo":{"tags":["EAV","MAGE"],"mode":"matchingTag"}} []
[2026-09-24T07:13:28.586210+00:00] main.DEBUG: cache_invalidate:  {"method":"GET","url":"http:/","invalidateInfo":{"tags":["EAV_ATTRIBUTE","MAGE"],"mode":"matchingTag"}} []
[2026-09-24T07:13:28.586238+00:00] main.DEBUG: cache_invalidate:  {"method":"GET","url":"http:/","invalidateInfo":{"tags":["EAV","EAV_ATTRIBUTE"],"mode":"matchingAnyTag"}} []
[2026-09-24T07:13:28.586478+00:00] main.DEBUG: cache_invalidate:  {"method":"GET","url":"http:/","invalidateInfo":{"tags":["EAV","MAGE"],"mode":"matchingTag"}} []
[2026-09-24T07:13:28.586725+00:00] main.DEBUG: cache_invalidate:  {"method":"GET","url":"http:/","invalidateInfo":{"tags":["EAV_ATTRIBUTE","MAGE"],"mode":"matchingTag"}} []
[2026-09-24T07:13:28.586756+00:00] main.DEBUG: cache_invalidate:  {"method":"GET","url":"http:/","invalidateInfo":{"tags":["EAV","EAV_ATTRIBUTE"],"mode":"matchingAnyTag"}} []
[2026-09-24T07:13:28.586989+00:00] main.DEBUG: cache_invalidate:  {"method":"GET","url":"http:/","invalidateInfo":{"tags":["EAV_ATTRIBUTE","MAGE"],"mode":"matchingTag"}} []
[2026-09-24T07:13:28.587017+00:00] main.DEBUG: cache_invalidate:  {"method":"GET","url":"http:/","invalidateInfo":{"tags":["EAV_ATTRIBUTE"],"mode":"matchingAnyTag"}} []
[2026-09-24T07:13:28.587480+00:00] main.DEBUG: cache_invalidate:  {"method":"GET","url":"http:/","invalidateInfo":{"tags":["EAV_ATTRIBUTE_28","FPC","MAGE"],"mode":"matchingTag"}} []
[2026-09-24T07:13:28.587526+00:00] main.DEBUG: cache_invalidate:  {"method":"GET","url":"http:/","invalidateInfo":{"tags":["EAV_ATTRIBUTE_28","FPC"],"mode":"matchingTag"}} []
[2026-09-24T07:13:28.587661+00:00] main.DEBUG: cache_invalidate:  {"method":"GET","url":"http:/","invalidateInfo":{"tags":["EAV_ENTITY_TYPES_CUSTOMER_ADDRESS_ENTITY","FPC","MAGE"],"mode":"matchingTag"}} []
[2026-09-24T07:13:28.587691+00:00] main.DEBUG: cache_invalidate:  {"method":"GET","url":"http:/","invalidateInfo":{"tags":["EAV_ENTITY_TYPES_CUSTOMER_ADDRESS_ENTITY","FPC"],"mode":"matchingTag"}} []
[2026-09-24T07:13:28.587774+00:00] main.DEBUG: cache_invalidate:  {"method":"GET","url":"http:/","invalidateInfo":{"tags":["EAV_FORM_adminhtml_customer_address_FORM","FPC","MAGE"],"mode":"matchingTag"}} []
[2026-09-24T07:13:28.587802+00:00] main.DEBUG: cache_invalidate:  {"method":"GET","url":"http:/","invalidateInfo":{"tags":["EAV_FORM_adminhtml_customer_address_FORM","FPC"],"mode":"matchingTag"}} []
[2026-09-24T07:13:28.587884+00:00] main.DEBUG: cache_invalidate:  {"method":"GET","url":"http:/","invalidateInfo":{"tags":["EAV_FORM_customer_address_edit_FORM","FPC","MAGE"],"mode":"matchingTag"}} []
[2026-09-24T07:13:28.587912+00:00] main.DEBUG: cache_invalidate:  {"method":"GET","url":"http:/","invalidateInfo":{"tags":["EAV_FORM_customer_address_edit_FORM","FPC"],"mode":"matchingTag"}} []
[2026-09-24T07:13:28.587994+00:00] main.DEBUG: cache_invalidate:  {"method":"GET","url":"http:/","invalidateInfo":{"tags":["EAV_FORM_customer_register_address_FORM","FPC","MAGE"],"mode":"matchingTag"}} []
[2026-09-24T07:13:28.588022+00:00] main.DEBUG: cache_invalidate:  {"method":"GET","url":"http:/","invalidateInfo":{"tags":["EAV_FORM_customer_register_address_FORM","FPC"],"mode":"matchingTag"}} []
[2026-09-24T07:13:28.588102+00:00] main.DEBUG: cache_invalidate:  {"method":"GET","url":"http:/","invalidateInfo":{"tags":["EAV_ATTRIBUTE_customer_address_street","FPC","MAGE"],"mode":"matchingTag"}} []
[2026-09-24T07:13:28.588130+00:00] main.DEBUG: cache_invalidate:  {"method":"GET","url":"http:/","invalidateInfo":{"tags":["EAV_ATTRIBUTE_customer_address_street","FPC"],"mode":"matchingTag"}} []
[2026-09-24T07:13:28.590779+00:00] main.DEBUG: cache_invalidate:  {"method":"GET","url":"http:/","invalidateInfo":{"tags":["EAV","MAGE"],"mode":"matchingTag"}} []
[2026-09-24T07:13:28.591016+00:00] main.DEBUG: cache_invalidate:  {"method":"GET","url":"http:/","invalidateInfo":{"tags":["EAV_ATTRIBUTE","MAGE"],"mode":"matchingTag"}} []
[2026-09-24T07:13:28.591054+00:00] main.DEBUG: cache_invalidate:  {"method":"GET","url":"http:/","invalidateInfo":{"tags":["EAV","EAV_ATTRIBUTE"],"mode":"matchingAnyTag"}} []
[2026-09-24T07:13:28.591516+00:00] main.DEBUG: cache_invalidate:  {"method":"GET","url":"http:/","invalidateInfo":{"tags":["EAV","MAGE"],"mode":"matchingTag"}} []
[2026-09-24T07:13:28.591759+00:00] main.DEBUG: cache_invalidate:  {"method":"GET","url":"http:/","invalidateInfo":{"tags":["EAV_ATTRIBUTE","MAGE"],"mode":"matchingTag"}} []
[2026-09-24T07:13:28.591789+00:00] main.DEBUG: cache_invalidate:  {"method":"GET","url":"http:/","invalidateInfo":{"tags":["EAV","EAV_ATTRIBUTE"],"mode":"matchingAnyTag"}} []
[2026-09-24T07:13:28.592010+00:00] main.DEBUG: cache_invalidate:  {"method":"GET","url":"http:/","invalidateInfo":{"tags":["EAV","MAGE"],"mode":"matchingTag"}} []
[2026-09-24T07:13:28.592241+00:00] main.DEBUG: cache_invalidate:  {"method":"GET","url":"http:/","invalidateInfo":{"tags":["EAV_ATTRIBUTE","MAGE"],"mode":"matchingTag"}} []
[2026-09-24T07:13:28.592270+00:00] main.DEBUG: cache_invalidate:  {"method":"GET","url":"http:/","invalidateInfo":{"tags":["EAV","EAV_ATTRIBUTE"],"mode":"matchingAnyTag"}} []
[2026-09-24T07:13:28.592495+00:00] main.DEBUG: cache_invalidate:  {"method":"GET","url":"http:/","invalidateInfo":{"tags":["EAV_ATTRIBUTE","MAGE"],"mode":"matchingTag"}} []
[2026-09-24T07:13:28.592524+00:00] main.DEBUG: cache_invalidate:  {"method":"GET","url":"http:/","invalidateInfo":{"tags":["EAV_ATTRIBUTE"],"mode":"matchingAnyTag"}} []
[2026-09-24T07:13:28.593008+00:00] main.DEBUG: cache_invalidate:  {"method":"GET","url":"http:/","invalidateInfo":{"tags":["EAV_ATTRIBUTE_29","FPC","MAGE"],"mode":"matchingTag"}} []
[2026-09-24T07:13:28.593040+00:00] main.DEBUG: cache_invalidate:  {"method":"GET","url":"http:/","invalidateInfo":{"tags":["EAV_ATTRIBUTE_29","FPC"],"mode":"matchingTag"}} []
[2026-09-24T07:13:28.593124+00:00] main.DEBUG: cache_invalidate:  {"method":"GET","url":"http:/","invalidateInfo":{"tags":["EAV_ENTITY_TYPES_CUSTOMER_ADDRESS_ENTITY","FPC","MAGE"],"mode":"matchingTag"}} []
[2026-09-24T07:13:28.593153+00:00] main.DEBUG: cache_invalidate:  {"method":"GET","url":"http:/","invalidateInfo":{"tags":["EAV_ENTITY_TYPES_CUSTOMER_ADDRESS_ENTITY","FPC"],"mode":"matchingTag"}} []
[2026-09-24T07:13:28.593236+00:00] main.DEBUG: cache_invalidate:  {"method":"GET","url":"http:/","invalidateInfo":{"tags":["EAV_FORM_adminhtml_customer_address_FORM","FPC","MAGE"],"mode":"matchingTag"}} []
[2026-09-24T07:13:28.593264+00:00] main.DEBUG: cache_invalidate:  {"method":"GET","url":"http:/","invalidateInfo":{"tags":["EAV_FORM_adminhtml_customer_address_FORM","FPC"],"mode":"matchingTag"}} []
[2026-09-24T07:13:28.593344+00:00] main.DEBUG: cache_invalidate:  {"method":"GET","url":"http:/","invalidateInfo":{"tags":["EAV_FORM_customer_address_edit_FORM","FPC","MAGE"],"mode":"matchingTag"}} []
[2026-09-24T07:13:28.593372+00:00] main.DEBUG: cache_invalidate:  {"method":"GET","url":"http:/","invalidateInfo":{"tags":["EAV_FORM_customer_address_edit_FORM","FPC"],"mode":"matchingTag"}} []
[2026-09-24T07:13:28.593452+00:00] main.DEBUG: cache_invalidate:  {"method":"GET","url":"http:/","invalidateInfo":{"tags":["EAV_FORM_customer_register_address_FORM","FPC","MAGE"],"mode":"matchingTag"}} []
[2026-09-24T07:13:28.593480+00:00] main.DEBUG: cache_invalidate:  {"method":"GET","url":"http:/","invalidateInfo":{"tags":["EAV_FORM_customer_register_address_FORM","FPC"],"mode":"matchingTag"}} []
[2026-09-24T07:13:28.593596+00:00] main.DEBUG: cache_invalidate:  {"method":"GET","url":"http:/","invalidateInfo":{"tags":["EAV_ATTRIBUTE_customer_address_city","FPC","MAGE"],"mode":"matchingTag"}} []
[2026-09-24T07:13:28.593626+00:00] main.DEBUG: cache_invalidate:  {"method":"GET","url":"http:/","invalidateInfo":{"tags":["EAV_ATTRIBUTE_customer_address_city","FPC"],"mode":"matchingTag"}} []
[2026-09-24T07:13:28.596138+00:00] main.DEBUG: cache_invalidate:  {"method":"GET","url":"http:/","invalidateInfo":{"tags":["EAV","MAGE"],"mode":"matchingTag"}} []
[2026-09-24T07:13:28.596370+00:00] main.DEBUG: cache_invalidate:  {"method":"GET","url":"http:/","invalidateInfo":{"tags":["EAV_ATTRIBUTE","MAGE"],"mode":"matchingTag"}} []
[2026-09-24T07:13:28.596399+00:00] main.DEBUG: cache_invalidate:  {"method":"GET","url":"http:/","invalidateInfo":{"tags":["EAV","EAV_ATTRIBUTE"],"mode":"matchingAnyTag"}} []
[2026-09-24T07:13:28.596868+00:00] main.DEBUG: cache_invalidate:  {"method":"GET","url":"http:/","invalidateInfo":{"tags":["EAV","MAGE"],"mode":"matchingTag"}} []
[2026-09-24T07:13:28.597102+00:00] main.DEBUG: cache_invalidate:  {"method":"GET","url":"http:/","invalidateInfo":{"tags":["EAV_ATTRIBUTE","MAGE"],"mode":"matchingTag"}} []
[2026-09-24T07:13:28.597134+00:00] main.DEBUG: cache_invalidate:  {"method":"GET","url":"http:/","invalidateInfo":{"tags":["EAV","EAV_ATTRIBUTE"],"mode":"matchingAnyTag"}} []
[2026-09-24T07:13:28.597355+00:00] main.DEBUG: cache_invalidate:  {"method":"GET","url":"http:/","invalidateInfo":{"tags":["EAV","MAGE"],"mode":"matchingTag"}} []
[2026-09-24T07:13:28.597581+00:00] main.DEBUG: cache_invalidate:  {"method":"GET","url":"http:/","invalidateInfo":{"tags":["EAV_ATTRIBUTE","MAGE"],"mode":"matchingTag"}} []
[2026-09-24T07:13:28.597612+00:00] main.DEBUG: cache_invalidate:  {"method":"GET","url":"http:/","invalidateInfo":{"tags":["EAV","EAV_ATTRIBUTE"],"mode":"matchingAnyTag"}} []
[2026-09-24T07:13:28.597835+00:00] main.DEBUG: cache_invalidate:  {"method":"GET","url":"http:/","invalidateInfo":{"tags":["EAV_ATTRIBUTE","MAGE"],"mode":"matchingTag"}} []
[2026-09-24T07:13:28.597865+00:00] main.DEBUG: cache_invalidate:  {"method":"GET","url":"http:/","invalidateInfo":{"tags":["EAV_ATTRIBUTE"],"mode":"matchingAnyTag"}} []
[2026-09-24T07:13:28.598321+00:00] main.DEBUG: cache_invalidate:  {"method":"GET","url":"http:/","invalidateInfo":{"tags":["EAV_ATTRIBUTE_30","FPC","MAGE"],"mode":"matchingTag"}} []
[2026-09-24T07:13:28.598354+00:00] main.DEBUG: cache_invalidate:  {"method":"GET","url":"http:/","invalidateInfo":{"tags":["EAV_ATTRIBUTE_30","FPC"],"mode":"matchingTag"}} []
[2026-09-24T07:13:28.598438+00:00] main.DEBUG: cache_invalidate:  {"method":"GET","url":"http:/","invalidateInfo":{"tags":["EAV_ENTITY_TYPES_CUSTOMER_ADDRESS_ENTITY","FPC","MAGE"],"mode":"matchingTag"}} []
[2026-09-24T07:13:28.598467+00:00] main.DEBUG: cache_invalidate:  {"method":"GET","url":"http:/","invalidateInfo":{"tags":["EAV_ENTITY_TYPES_CUSTOMER_ADDRESS_ENTITY","FPC"],"mode":"matchingTag"}} []
[2026-09-24T07:13:28.598573+00:00] main.DEBUG: cache_invalidate:  {"method":"GET","url":"http:/","invalidateInfo":{"tags":["EAV_FORM_adminhtml_customer_address_FORM","FPC","MAGE"],"mode":"matchingTag"}} []
[2026-09-24T07:13:28.598603+00:00] main.DEBUG: cache_invalidate:  {"method":"GET","url":"http:/","invalidateInfo":{"tags":["EAV_FORM_adminhtml_customer_address_FORM","FPC"],"mode":"matchingTag"}} []
[2026-09-24T07:13:28.598692+00:00] main.DEBUG: cache_invalidate:  {"method":"GET","url":"http:/","invalidateInfo":{"tags":["EAV_FORM_customer_address_edit_FORM","FPC","MAGE"],"mode":"matchingTag"}} []
[2026-09-24T07:13:28.598732+00:00] main.DEBUG: cache_invalidate:  {"method":"GET","url":"http:/","invalidateInfo":{"tags":["EAV_FORM_customer_address_edit_FORM","FPC"],"mode":"matchingTag"}} []
[2026-09-24T07:13:28.598834+00:00] main.DEBUG: cache_invalidate:  {"method":"GET","url":"http:/","invalidateInfo":{"tags":["EAV_FORM_customer_register_address_FORM","FPC","MAGE"],"mode":"matchingTag"}} []
[2026-09-24T07:13:28.598863+00:00] main.DEBUG: cache_invalidate:  {"method":"GET","url":"http:/","invalidateInfo":{"tags":["EAV_FORM_customer_register_address_FORM","FPC"],"mode":"matchingTag"}} []
[2026-09-24T07:13:28.598948+00:00] main.DEBUG: cache_invalidate:  {"method":"GET","url":"http:/","invalidateInfo":{"tags":["EAV_ATTRIBUTE_customer_address_country_id","FPC","MAGE"],"mode":"matchingTag"}} []
[2026-09-24T07:13:28.598977+00:00] main.DEBUG: cache_invalidate:  {"method":"GET","url":"http:/","invalidateInfo":{"tags":["EAV_ATTRIBUTE_customer_address_country_id","FPC"],"mode":"matchingTag"}} []
[2026-09-24T07:13:28.601622+00:00] main.DEBUG: cache_invalidate:  {"method":"GET","url":"http:/","invalidateInfo":{"tags":["EAV","MAGE"],"mode":"matchingTag"}} []
[2026-09-24T07:13:28.601862+00:00] main.DEBUG: cache_invalidate:  {"method":"GET","url":"http:/","invalidateInfo":{"tags":["EAV_ATTRIBUTE","MAGE"],"mode":"matchingTag"}} []
[2026-09-24T07:13:28.601894+00:00] main.DEBUG: cache_invalidate:  {"method":"GET","url":"http:/","invalidateInfo":{"tags":["EAV","EAV_ATTRIBUTE"],"mode":"matchingAnyTag"}} []
[2026-09-24T07:13:28.602352+00:00] main.DEBUG: cache_invalidate:  {"method":"GET","url":"http:/","invalidateInfo":{"tags":["EAV","MAGE"],"mode":"matchingTag"}} []
[2026-09-24T07:13:28.602585+00:00] main.DEBUG: cache_invalidate:  {"method":"GET","url":"http:/","invalidateInfo":{"tags":["EAV_ATTRIBUTE","MAGE"],"mode":"matchingTag"}} []
[2026-09-24T07:13:28.602615+00:00] main.DEBUG: cache_invalidate:  {"method":"GET","url":"http:/","invalidateInfo":{"tags":["EAV","EAV_ATTRIBUTE"],"mode":"matchingAnyTag"}} []
[2026-09-24T07:13:28.602834+00:00] main.DEBUG: cache_invalidate:  {"method":"GET","url":"http:/","invalidateInfo":{"tags":["EAV","MAGE"],"mode":"matchingTag"}} []
[2026-09-24T07:13:28.603064+00:00] main.DEBUG: cache_invalidate:  {"method":"GET","url":"http:/","invalidateInfo":{"tags":["EAV_ATTRIBUTE","MAGE"],"mode":"matchingTag"}} []
[2026-09-24T07:13:28.603092+00:00] main.DEBUG: cache_invalidate:  {"method":"GET","url":"http:/","invalidateInfo":{"tags":["EAV","EAV_ATTRIBUTE"],"mode":"matchingAnyTag"}} []
[2026-09-24T07:13:28.603319+00:00] main.DEBUG: cache_invalidate:  {"method":"GET","url":"http:/","invalidateInfo":{"tags":["EAV_ATTRIBUTE","MAGE"],"mode":"matchingTag"}} []
[2026-09-24T07:13:28.603348+00:00] main.DEBUG: cache_invalidate:  {"method":"GET","url":"http:/","invalidateInfo":{"tags":["EAV_ATTRIBUTE"],"mode":"matchingAnyTag"}} []
[2026-09-24T07:13:28.603811+00:00] main.DEBUG: cache_invalidate:  {"method":"GET","url":"http:/","invalidateInfo":{"tags":["EAV_ATTRIBUTE_31","FPC","MAGE"],"mode":"matchingTag"}} []
[2026-09-24T07:13:28.603844+00:00] main.DEBUG: cache_invalidate:  {"method":"GET","url":"http:/","invalidateInfo":{"tags":["EAV_ATTRIBUTE_31","FPC"],"mode":"matchingTag"}} []
[2026-09-24T07:13:28.603928+00:00] main.DEBUG: cache_invalidate:  {"method":"GET","url":"http:/","invalidateInfo":{"tags":["EAV_ENTITY_TYPES_CUSTOMER_ADDRESS_ENTITY","FPC","MAGE"],"mode":"matchingTag"}} []
[2026-09-24T07:13:28.603957+00:00] main.DEBUG: cache_invalidate:  {"method":"GET","url":"http:/","invalidateInfo":{"tags":["EAV_ENTITY_TYPES_CUSTOMER_ADDRESS_ENTITY","FPC"],"mode":"matchingTag"}} []
[2026-09-24T07:13:28.604040+00:00] main.DEBUG: cache_invalidate:  {"method":"GET","url":"http:/","invalidateInfo":{"tags":["EAV_FORM_adminhtml_customer_address_FORM","FPC","MAGE"],"mode":"matchingTag"}} []
[2026-09-24T07:13:28.604068+00:00] main.DEBUG: cache_invalidate:  {"method":"GET","url":"http:/","invalidateInfo":{"tags":["EAV_FORM_adminhtml_customer_address_FORM","FPC"],"mode":"matchingTag"}} []
[2026-09-24T07:13:28.604148+00:00] main.DEBUG: cache_invalidate:  {"method":"GET","url":"http:/","invalidateInfo":{"tags":["EAV_FORM_customer_address_edit_FORM","FPC","MAGE"],"mode":"matchingTag"}} []
[2026-09-24T07:13:28.604176+00:00] main.DEBUG: cache_invalidate:  {"method":"GET","url":"http:/","invalidateInfo":{"tags":["EAV_FORM_customer_address_edit_FORM","FPC"],"mode":"matchingTag"}} []
[2026-09-24T07:13:28.604257+00:00] main.DEBUG: cache_invalidate:  {"method":"GET","url":"http:/","invalidateInfo":{"tags":["EAV_FORM_customer_register_address_FORM","FPC","MAGE"],"mode":"matchingTag"}} []
[2026-09-24T07:13:28.604284+00:00] main.DEBUG: cache_invalidate:  {"method":"GET","url":"http:/","invalidateInfo":{"tags":["EAV_FORM_customer_register_address_FORM","FPC"],"mode":"matchingTag"}} []
[2026-09-24T07:13:28.604364+00:00] main.DEBUG: cache_invalidate:  {"method":"GET","url":"http:/","invalidateInfo":{"tags":["EAV_ATTRIBUTE_customer_address_region","FPC","MAGE"],"mode":"matchingTag"}} []
[2026-09-24T07:13:28.604392+00:00] main.DEBUG: cache_invalidate:  {"method":"GET","url":"http:/","invalidateInfo":{"tags":["EAV_ATTRIBUTE_customer_address_region","FPC"],"mode":"matchingTag"}} []
[2026-09-24T07:13:28.606971+00:00] main.DEBUG: cache_invalidate:  {"method":"GET","url":"http:/","invalidateInfo":{"tags":["EAV","MAGE"],"mode":"matchingTag"}} []
[2026-09-24T07:13:28.607220+00:00] main.DEBUG: cache_invalidate:  {"method":"GET","url":"http:/","invalidateInfo":{"tags":["EAV_ATTRIBUTE","MAGE"],"mode":"matchingTag"}} []
[2026-09-24T07:13:28.607254+00:00] main.DEBUG: cache_invalidate:  {"method":"GET","url":"http:/","invalidateInfo":{"tags":["EAV","EAV_ATTRIBUTE"],"mode":"matchingAnyTag"}} []
[2026-09-24T07:13:28.607761+00:00] main.DEBUG: cache_invalidate:  {"method":"GET","url":"http:/","invalidateInfo":{"tags":["EAV","MAGE"],"mode":"matchingTag"}} []
[2026-09-24T07:13:28.608012+00:00] main.DEBUG: cache_invalidate:  {"method":"GET","url":"http:/","invalidateInfo":{"tags":["EAV_ATTRIBUTE","MAGE"],"mode":"matchingTag"}} []
[2026-09-24T07:13:28.608053+00:00] main.DEBUG: cache_invalidate:  {"method":"GET","url":"http:/","invalidateInfo":{"tags":["EAV","EAV_ATTRIBUTE"],"mode":"matchingAnyTag"}} []
[2026-09-24T07:13:28.608296+00:00] main.DEBUG: cache_invalidate:  {"method":"GET","url":"http:/","invalidateInfo":{"tags":["EAV","MAGE"],"mode":"matchingTag"}} []
[2026-09-24T07:13:28.608549+00:00] main.DEBUG: cache_invalidate:  {"method":"GET","url":"http:/","invalidateInfo":{"tags":["EAV_ATTRIBUTE","MAGE"],"mode":"matchingTag"}} []
[2026-09-24T07:13:28.608581+00:00] main.DEBUG: cache_invalidate:  {"method":"GET","url":"http:/","invalidateInfo":{"tags":["EAV","EAV_ATTRIBUTE"],"mode":"matchingAnyTag"}} []
[2026-09-24T07:13:28.608824+00:00] main.DEBUG: cache_invalidate:  {"method":"GET","url":"http:/","invalidateInfo":{"tags":["EAV_ATTRIBUTE","MAGE"],"mode":"matchingTag"}} []
[2026-09-24T07:13:28.608854+00:00] main.DEBUG: cache_invalidate:  {"method":"GET","url":"http:/","invalidateInfo":{"tags":["EAV_ATTRIBUTE"],"mode":"matchingAnyTag"}} []
[2026-09-24T07:13:28.609331+00:00] main.DEBUG: cache_invalidate:  {"method":"GET","url":"http:/","invalidateInfo":{"tags":["EAV_ATTRIBUTE_32","FPC","MAGE"],"mode":"matchingTag"}} []
[2026-09-24T07:13:28.609363+00:00] main.DEBUG: cache_invalidate:  {"method":"GET","url":"http:/","invalidateInfo":{"tags":["EAV_ATTRIBUTE_32","FPC"],"mode":"matchingTag"}} []
[2026-09-24T07:13:28.609448+00:00] main.DEBUG: cache_invalidate:  {"method":"GET","url":"http:/","invalidateInfo":{"tags":["EAV_ENTITY_TYPES_CUSTOMER_ADDRESS_ENTITY","FPC","MAGE"],"mode":"matchingTag"}} []
[2026-09-24T07:13:28.609477+00:00] main.DEBUG: cache_invalidate:  {"method":"GET","url":"http:/","invalidateInfo":{"tags":["EAV_ENTITY_TYPES_CUSTOMER_ADDRESS_ENTITY","FPC"],"mode":"matchingTag"}} []
[2026-09-24T07:13:28.609565+00:00] main.DEBUG: cache_invalidate:  {"method":"GET","url":"http:/","invalidateInfo":{"tags":["EAV_FORM_adminhtml_customer_address_FORM","FPC","MAGE"],"mode":"matchingTag"}} []
[2026-09-24T07:13:28.609594+00:00] main.DEBUG: cache_invalidate:  {"method":"GET","url":"http:/","invalidateInfo":{"tags":["EAV_FORM_adminhtml_customer_address_FORM","FPC"],"mode":"matchingTag"}} []
[2026-09-24T07:13:28.609675+00:00] main.DEBUG: cache_invalidate:  {"method":"GET","url":"http:/","invalidateInfo":{"tags":["EAV_FORM_customer_address_edit_FORM","FPC","MAGE"],"mode":"matchingTag"}} []
[2026-09-24T07:13:28.609703+00:00] main.DEBUG: cache_invalidate:  {"method":"GET","url":"http:/","invalidateInfo":{"tags":["EAV_FORM_customer_address_edit_FORM","FPC"],"mode":"matchingTag"}} []
[2026-09-24T07:13:28.609783+00:00] main.DEBUG: cache_invalidate:  {"method":"GET","url":"http:/","invalidateInfo":{"tags":["EAV_FORM_customer_register_address_FORM","FPC","MAGE"],"mode":"matchingTag"}} []
[2026-09-24T07:13:28.609811+00:00] main.DEBUG: cache_invalidate:  {"method":"GET","url":"http:/","invalidateInfo":{"tags":["EAV_FORM_customer_register_address_FORM","FPC"],"mode":"matchingTag"}} []
[2026-09-24T07:13:28.609892+00:00] main.DEBUG: cache_invalidate:  {"method":"GET","url":"http:/","invalidateInfo":{"tags":["EAV_ATTRIBUTE_customer_address_region_id","FPC","MAGE"],"mode":"matchingTag"}} []
[2026-09-24T07:13:28.609920+00:00] main.DEBUG: cache_invalidate:  {"method":"GET","url":"http:/","invalidateInfo":{"tags":["EAV_ATTRIBUTE_customer_address_region_id","FPC"],"mode":"matchingTag"}} []
[2026-09-24T07:13:28.612510+00:00] main.DEBUG: cache_invalidate:  {"method":"GET","url":"http:/","invalidateInfo":{"tags":["EAV","MAGE"],"mode":"matchingTag"}} []
[2026-09-24T07:13:28.612773+00:00] main.DEBUG: cache_invalidate:  {"method":"GET","url":"http:/","invalidateInfo":{"tags":["EAV_ATTRIBUTE","MAGE"],"mode":"matchingTag"}} []
[2026-09-24T07:13:28.612803+00:00] main.DEBUG: cache_invalidate:  {"method":"GET","url":"http:/","invalidateInfo":{"tags":["EAV","EAV_ATTRIBUTE"],"mode":"matchingAnyTag"}} []
[2026-09-24T07:13:28.613281+00:00] main.DEBUG: cache_invalidate:  {"method":"GET","url":"http:/","invalidateInfo":{"tags":["EAV","MAGE"],"mode":"matchingTag"}} []
[2026-09-24T07:13:28.613515+00:00] main.DEBUG: cache_invalidate:  {"method":"GET","url":"http:/","invalidateInfo":{"tags":["EAV_ATTRIBUTE","MAGE"],"mode":"matchingTag"}} []
[2026-09-24T07:13:28.613558+00:00] main.DEBUG: cache_invalidate:  {"method":"GET","url":"http:/","invalidateInfo":{"tags":["EAV","EAV_ATTRIBUTE"],"mode":"matchingAnyTag"}} []
[2026-09-24T07:13:28.613781+00:00] main.DEBUG: cache_invalidate:  {"method":"GET","url":"http:/","invalidateInfo":{"tags":["EAV","MAGE"],"mode":"matchingTag"}} []
[2026-09-24T07:13:28.614010+00:00] main.DEBUG: cache_invalidate:  {"method":"GET","url":"http:/","invalidateInfo":{"tags":["EAV_ATTRIBUTE","MAGE"],"mode":"matchingTag"}} []
[2026-09-24T07:13:28.614046+00:00] main.DEBUG: cache_invalidate:  {"method":"GET","url":"http:/","invalidateInfo":{"tags":["EAV","EAV_ATTRIBUTE"],"mode":"matchingAnyTag"}} []
[2026-09-24T07:13:28.614282+00:00] main.DEBUG: cache_invalidate:  {"method":"GET","url":"http:/","invalidateInfo":{"tags":["EAV_ATTRIBUTE","MAGE"],"mode":"matchingTag"}} []
[2026-09-24T07:13:28.614310+00:00] main.DEBUG: cache_invalidate:  {"method":"GET","url":"http:/","invalidateInfo":{"tags":["EAV_ATTRIBUTE"],"mode":"matchingAnyTag"}} []
[2026-09-24T07:13:28.614818+00:00] main.DEBUG: cache_invalidate:  {"method":"GET","url":"http:/","invalidateInfo":{"tags":["EAV_ATTRIBUTE_33","FPC","MAGE"],"mode":"matchingTag"}} []
[2026-09-24T07:13:28.614852+00:00] main.DEBUG: cache_invalidate:  {"method":"GET","url":"http:/","invalidateInfo":{"tags":["EAV_ATTRIBUTE_33","FPC"],"mode":"matchingTag"}} []
[2026-09-24T07:13:28.614937+00:00] main.DEBUG: cache_invalidate:  {"method":"GET","url":"http:/","invalidateInfo":{"tags":["EAV_ENTITY_TYPES_CUSTOMER_ADDRESS_ENTITY","FPC","MAGE"],"mode":"matchingTag"}} []
[2026-09-24T07:13:28.614975+00:00] main.DEBUG: cache_invalidate:  {"method":"GET","url":"http:/","invalidateInfo":{"tags":["EAV_ENTITY_TYPES_CUSTOMER_ADDRESS_ENTITY","FPC"],"mode":"matchingTag"}} []
[2026-09-24T07:13:28.615073+00:00] main.DEBUG: cache_invalidate:  {"method":"GET","url":"http:/","invalidateInfo":{"tags":["EAV_FORM_adminhtml_customer_address_FORM","FPC","MAGE"],"mode":"matchingTag"}} []
[2026-09-24T07:13:28.615101+00:00] main.DEBUG: cache_invalidate:  {"method":"GET","url":"http:/","invalidateInfo":{"tags":["EAV_FORM_adminhtml_customer_address_FORM","FPC"],"mode":"matchingTag"}} []
[2026-09-24T07:13:28.615182+00:00] main.DEBUG: cache_invalidate:  {"method":"GET","url":"http:/","invalidateInfo":{"tags":["EAV_FORM_customer_address_edit_FORM","FPC","MAGE"],"mode":"matchingTag"}} []
[2026-09-24T07:13:28.615210+00:00] main.DEBUG: cache_invalidate:  {"method":"GET","url":"http:/","invalidateInfo":{"tags":["EAV_FORM_customer_address_edit_FORM","FPC"],"mode":"matchingTag"}} []
[2026-09-24T07:13:28.615290+00:00] main.DEBUG: cache_invalidate:  {"method":"GET","url":"http:/","invalidateInfo":{"tags":["EAV_FORM_customer_register_address_FORM","FPC","MAGE"],"mode":"matchingTag"}} []
[2026-09-24T07:13:28.615325+00:00] main.DEBUG: cache_invalidate:  {"method":"GET","url":"http:/","invalidateInfo":{"tags":["EAV_FORM_customer_register_address_FORM","FPC"],"mode":"matchingTag"}} []
[2026-09-24T07:13:28.615407+00:00] main.DEBUG: cache_invalidate:  {"method":"GET","url":"http:/","invalidateInfo":{"tags":["EAV_ATTRIBUTE_customer_address_postcode","FPC","MAGE"],"mode":"matchingTag"}} []
[2026-09-24T07:13:28.615435+00:00] main.DEBUG: cache_invalidate:  {"method":"GET","url":"http:/","invalidateInfo":{"tags":["EAV_ATTRIBUTE_customer_address_postcode","FPC"],"mode":"matchingTag"}} []
[2026-09-24T07:13:28.617994+00:00] main.DEBUG: cache_invalidate:  {"method":"GET","url":"http:/","invalidateInfo":{"tags":["EAV","MAGE"],"mode":"matchingTag"}} []
[2026-09-24T07:13:28.618240+00:00] main.DEBUG: cache_invalidate:  {"method":"GET","url":"http:/","invalidateInfo":{"tags":["EAV_ATTRIBUTE","MAGE"],"mode":"matchingTag"}} []
[2026-09-24T07:13:28.618275+00:00] main.DEBUG: cache_invalidate:  {"method":"GET","url":"http:/","invalidateInfo":{"tags":["EAV","EAV_ATTRIBUTE"],"mode":"matchingAnyTag"}} []
[2026-09-24T07:13:28.618794+00:00] main.DEBUG: cache_invalidate:  {"method":"GET","url":"http:/","invalidateInfo":{"tags":["EAV","MAGE"],"mode":"matchingTag"}} []
[2026-09-24T07:13:28.619045+00:00] main.DEBUG: cache_invalidate:  {"method":"GET","url":"http:/","invalidateInfo":{"tags":["EAV_ATTRIBUTE","MAGE"],"mode":"matchingTag"}} []
[2026-09-24T07:13:28.619075+00:00] main.DEBUG: cache_invalidate:  {"method":"GET","url":"http:/","invalidateInfo":{"tags":["EAV","EAV_ATTRIBUTE"],"mode":"matchingAnyTag"}} []
[2026-09-24T07:13:28.619306+00:00] main.DEBUG: cache_invalidate:  {"method":"GET","url":"http:/","invalidateInfo":{"tags":["EAV","MAGE"],"mode":"matchingTag"}} []
[2026-09-24T07:13:28.619551+00:00] main.DEBUG: cache_invalidate:  {"method":"GET","url":"http:/","invalidateInfo":{"tags":["EAV_ATTRIBUTE","MAGE"],"mode":"matchingTag"}} []
[2026-09-24T07:13:28.619592+00:00] main.DEBUG: cache_invalidate:  {"method":"GET","url":"http:/","invalidateInfo":{"tags":["EAV","EAV_ATTRIBUTE"],"mode":"matchingAnyTag"}} []
[2026-09-24T07:13:28.619837+00:00] main.DEBUG: cache_invalidate:  {"method":"GET","url":"http:/","invalidateInfo":{"tags":["EAV_ATTRIBUTE","MAGE"],"mode":"matchingTag"}} []
[2026-09-24T07:13:28.619867+00:00] main.DEBUG: cache_invalidate:  {"method":"GET","url":"http:/","invalidateInfo":{"tags":["EAV_ATTRIBUTE"],"mode":"matchingAnyTag"}} []
[2026-09-24T07:13:28.620339+00:00] main.DEBUG: cache_invalidate:  {"method":"GET","url":"http:/","invalidateInfo":{"tags":["EAV_ATTRIBUTE_34","FPC","MAGE"],"mode":"matchingTag"}} []
[2026-09-24T07:13:28.620370+00:00] main.DEBUG: cache_invalidate:  {"method":"GET","url":"http:/","invalidateInfo":{"tags":["EAV_ATTRIBUTE_34","FPC"],"mode":"matchingTag"}} []
[2026-09-24T07:13:28.620456+00:00] main.DEBUG: cache_invalidate:  {"method":"GET","url":"http:/","invalidateInfo":{"tags":["EAV_ENTITY_TYPES_CUSTOMER_ADDRESS_ENTITY","FPC","MAGE"],"mode":"matchingTag"}} []
[2026-09-24T07:13:28.620486+00:00] main.DEBUG: cache_invalidate:  {"method":"GET","url":"http:/","invalidateInfo":{"tags":["EAV_ENTITY_TYPES_CUSTOMER_ADDRESS_ENTITY","FPC"],"mode":"matchingTag"}} []
[2026-09-24T07:13:28.620568+00:00] main.DEBUG: cache_invalidate:  {"method":"GET","url":"http:/","invalidateInfo":{"tags":["EAV_FORM_adminhtml_customer_address_FORM","FPC","MAGE"],"mode":"matchingTag"}} []
[2026-09-24T07:13:28.620597+00:00] main.DEBUG: cache_invalidate:  {"method":"GET","url":"http:/","invalidateInfo":{"tags":["EAV_FORM_adminhtml_customer_address_FORM","FPC"],"mode":"matchingTag"}} []
[2026-09-24T07:13:28.620692+00:00] main.DEBUG: cache_invalidate:  {"method":"GET","url":"http:/","invalidateInfo":{"tags":["EAV_FORM_customer_address_edit_FORM","FPC","MAGE"],"mode":"matchingTag"}} []
[2026-09-24T07:13:28.620720+00:00] main.DEBUG: cache_invalidate:  {"method":"GET","url":"http:/","invalidateInfo":{"tags":["EAV_FORM_customer_address_edit_FORM","FPC"],"mode":"matchingTag"}} []
[2026-09-24T07:13:28.620800+00:00] main.DEBUG: cache_invalidate:  {"method":"GET","url":"http:/","invalidateInfo":{"tags":["EAV_FORM_customer_register_address_FORM","FPC","MAGE"],"mode":"matchingTag"}} []
[2026-09-24T07:13:28.620828+00:00] main.DEBUG: cache_invalidate:  {"method":"GET","url":"http:/","invalidateInfo":{"tags":["EAV_FORM_customer_register_address_FORM","FPC"],"mode":"matchingTag"}} []
[2026-09-24T07:13:28.620912+00:00] main.DEBUG: cache_invalidate:  {"method":"GET","url":"http:/","invalidateInfo":{"tags":["EAV_ATTRIBUTE_customer_address_telephone","FPC","MAGE"],"mode":"matchingTag"}} []
[2026-09-24T07:13:28.620940+00:00] main.DEBUG: cache_invalidate:  {"method":"GET","url":"http:/","invalidateInfo":{"tags":["EAV_ATTRIBUTE_customer_address_telephone","FPC"],"mode":"matchingTag"}} []
[2026-09-24T07:13:28.623516+00:00] main.DEBUG: cache_invalidate:  {"method":"GET","url":"http:/","invalidateInfo":{"tags":["EAV","MAGE"],"mode":"matchingTag"}} []
[2026-09-24T07:13:28.623783+00:00] main.DEBUG: cache_invalidate:  {"method":"GET","url":"http:/","invalidateInfo":{"tags":["EAV_ATTRIBUTE","MAGE"],"mode":"matchingTag"}} []
[2026-09-24T07:13:28.623815+00:00] main.DEBUG: cache_invalidate:  {"method":"GET","url":"http:/","invalidateInfo":{"tags":["EAV","EAV_ATTRIBUTE"],"mode":"matchingAnyTag"}} []
[2026-09-24T07:13:28.624276+00:00] main.DEBUG: cache_invalidate:  {"method":"GET","url":"http:/","invalidateInfo":{"tags":["EAV","MAGE"],"mode":"matchingTag"}} []
[2026-09-24T07:13:28.624514+00:00] main.DEBUG: cache_invalidate:  {"method":"GET","url":"http:/","invalidateInfo":{"tags":["EAV_ATTRIBUTE","MAGE"],"mode":"matchingTag"}} []
[2026-09-24T07:13:28.624556+00:00] main.DEBUG: cache_invalidate:  {"method":"GET","url":"http:/","invalidateInfo":{"tags":["EAV","EAV_ATTRIBUTE"],"mode":"matchingAnyTag"}} []
[2026-09-24T07:13:28.624786+00:00] main.DEBUG: cache_invalidate:  {"method":"GET","url":"http:/","invalidateInfo":{"tags":["EAV","MAGE"],"mode":"matchingTag"}} []
[2026-09-24T07:13:28.625018+00:00] main.DEBUG: cache_invalidate:  {"method":"GET","url":"http:/","invalidateInfo":{"tags":["EAV_ATTRIBUTE","MAGE"],"mode":"matchingTag"}} []
[2026-09-24T07:13:28.625045+00:00] main.DEBUG: cache_invalidate:  {"method":"GET","url":"http:/","invalidateInfo":{"tags":["EAV","EAV_ATTRIBUTE"],"mode":"matchingAnyTag"}} []
[2026-09-24T07:13:28.625279+00:00] main.DEBUG: cache_invalidate:  {"method":"GET","url":"http:/","invalidateInfo":{"tags":["EAV_ATTRIBUTE","MAGE"],"mode":"matchingTag"}} []
[2026-09-24T07:13:28.625306+00:00] main.DEBUG: cache_invalidate:  {"method":"GET","url":"http:/","invalidateInfo":{"tags":["EAV_ATTRIBUTE"],"mode":"matchingAnyTag"}} []
[2026-09-24T07:13:28.625770+00:00] main.DEBUG: cache_invalidate:  {"method":"GET","url":"http:/","invalidateInfo":{"tags":["EAV_ATTRIBUTE_35","FPC","MAGE"],"mode":"matchingTag"}} []
[2026-09-24T07:13:28.625803+00:00] main.DEBUG: cache_invalidate:  {"method":"GET","url":"http:/","invalidateInfo":{"tags":["EAV_ATTRIBUTE_35","FPC"],"mode":"matchingTag"}} []
[2026-09-24T07:13:28.625887+00:00] main.DEBUG: cache_invalidate:  {"method":"GET","url":"http:/","invalidateInfo":{"tags":["EAV_ENTITY_TYPES_CUSTOMER_ADDRESS_ENTITY","FPC","MAGE"],"mode":"matchingTag"}} []
[2026-09-24T07:13:28.625916+00:00] main.DEBUG: cache_invalidate:  {"method":"GET","url":"http:/","invalidateInfo":{"tags":["EAV_ENTITY_TYPES_CUSTOMER_ADDRESS_ENTITY","FPC"],"mode":"matchingTag"}} []
[2026-09-24T07:13:28.625996+00:00] main.DEBUG: cache_invalidate:  {"method":"GET","url":"http:/","invalidateInfo":{"tags":["EAV_FORM_adminhtml_customer_address_FORM","FPC","MAGE"],"mode":"matchingTag"}} []
[2026-09-24T07:13:28.626024+00:00] main.DEBUG: cache_invalidate:  {"method":"GET","url":"http:/","invalidateInfo":{"tags":["EAV_FORM_adminhtml_customer_address_FORM","FPC"],"mode":"matchingTag"}} []
[2026-09-24T07:13:28.626103+00:00] main.DEBUG: cache_invalidate:  {"method":"GET","url":"http:/","invalidateInfo":{"tags":["EAV_FORM_customer_address_edit_FORM","FPC","MAGE"],"mode":"matchingTag"}} []
[2026-09-24T07:13:28.626131+00:00] main.DEBUG: cache_invalidate:  {"method":"GET","url":"http:/","invalidateInfo":{"tags":["EAV_FORM_customer_address_edit_FORM","FPC"],"mode":"matchingTag"}} []
[2026-09-24T07:13:28.626210+00:00] main.DEBUG: cache_invalidate:  {"method":"GET","url":"http:/","invalidateInfo":{"tags":["EAV_FORM_customer_register_address_FORM","FPC","MAGE"],"mode":"matchingTag"}} []
[2026-09-24T07:13:28.626238+00:00] main.DEBUG: cache_invalidate:  {"method":"GET","url":"http:/","invalidateInfo":{"tags":["EAV_FORM_customer_register_address_FORM","FPC"],"mode":"matchingTag"}} []
[2026-09-24T07:13:28.626317+00:00] main.DEBUG: cache_invalidate:  {"method":"GET","url":"http:/","invalidateInfo":{"tags":["EAV_ATTRIBUTE_customer_address_fax","FPC","MAGE"],"mode":"matchingTag"}} []
[2026-09-24T07:13:28.626345+00:00] main.DEBUG: cache_invalidate:  {"method":"GET","url":"http:/","invalidateInfo":{"tags":["EAV_ATTRIBUTE_customer_address_fax","FPC"],"mode":"matchingTag"}} []
[2026-09-24T07:13:28.628442+00:00] main.DEBUG: cache_invalidate:  {"method":"GET","url":"http:/","invalidateInfo":{"tags":["EAV_ATTRIBUTE_1","FPC","MAGE"],"mode":"matchingTag"}} []
[2026-09-24T07:13:28.628476+00:00] main.DEBUG: cache_invalidate:  {"method":"GET","url":"http:/","invalidateInfo":{"tags":["EAV_ATTRIBUTE_1","FPC"],"mode":"matchingTag"}} []
[2026-09-24T07:13:28.628570+00:00] main.DEBUG: cache_invalidate:  {"method":"GET","url":"http:/","invalidateInfo":{"tags":["EAV_ATTRIBUTE_customer_website_id","FPC","MAGE"],"mode":"matchingTag"}} []
[2026-09-24T07:13:28.628604+00:00] main.DEBUG: cache_invalidate:  {"method":"GET","url":"http:/","invalidateInfo":{"tags":["EAV_ATTRIBUTE_customer_website_id","FPC"],"mode":"matchingTag"}} []
[2026-09-24T07:13:28.628899+00:00] main.DEBUG: cache_invalidate:  {"method":"GET","url":"http:/","invalidateInfo":{"tags":["EAV_ATTRIBUTE_3","FPC","MAGE"],"mode":"matchingTag"}} []
[2026-09-24T07:13:28.628932+00:00] main.DEBUG: cache_invalidate:  {"method":"GET","url":"http:/","invalidateInfo":{"tags":["EAV_ATTRIBUTE_3","FPC"],"mode":"matchingTag"}} []
[2026-09-24T07:13:28.629017+00:00] main.DEBUG: cache_invalidate:  {"method":"GET","url":"http:/","invalidateInfo":{"tags":["EAV_ATTRIBUTE_customer_created_in","FPC","MAGE"],"mode":"matchingTag"}} []
[2026-09-24T07:13:28.629046+00:00] main.DEBUG: cache_invalidate:  {"method":"GET","url":"http:/","invalidateInfo":{"tags":["EAV_ATTRIBUTE_customer_created_in","FPC"],"mode":"matchingTag"}} []
[2026-09-24T07:13:28.629330+00:00] main.DEBUG: cache_invalidate:  {"method":"GET","url":"http:/","invalidateInfo":{"tags":["EAV_ATTRIBUTE_9","FPC","MAGE"],"mode":"matchingTag"}} []
[2026-09-24T07:13:28.629359+00:00] main.DEBUG: cache_invalidate:  {"method":"GET","url":"http:/","invalidateInfo":{"tags":["EAV_ATTRIBUTE_9","FPC"],"mode":"matchingTag"}} []
[2026-09-24T07:13:28.629443+00:00] main.DEBUG: cache_invalidate:  {"method":"GET","url":"http:/","invalidateInfo":{"tags":["EAV_ATTRIBUTE_customer_email","FPC","MAGE"],"mode":"matchingTag"}} []
[2026-09-24T07:13:28.629471+00:00] main.DEBUG: cache_invalidate:  {"method":"GET","url":"http:/","invalidateInfo":{"tags":["EAV_ATTRIBUTE_customer_email","FPC"],"mode":"matchingTag"}} []
[2026-09-24T07:13:28.629762+00:00] main.DEBUG: cache_invalidate:  {"method":"GET","url":"http:/","invalidateInfo":{"tags":["EAV_ATTRIBUTE_10","FPC","MAGE"],"mode":"matchingTag"}} []
[2026-09-24T07:13:28.629795+00:00] main.DEBUG: cache_invalidate:  {"method":"GET","url":"http:/","invalidateInfo":{"tags":["EAV_ATTRIBUTE_10","FPC"],"mode":"matchingTag"}} []
[2026-09-24T07:13:28.629879+00:00] main.DEBUG: cache_invalidate:  {"method":"GET","url":"http:/","invalidateInfo":{"tags":["EAV_ATTRIBUTE_customer_group_id","FPC","MAGE"],"mode":"matchingTag"}} []
[2026-09-24T07:13:28.629907+00:00] main.DEBUG: cache_invalidate:  {"method":"GET","url":"http:/","invalidateInfo":{"tags":["EAV_ATTRIBUTE_customer_group_id","FPC"],"mode":"matchingTag"}} []
[2026-09-24T07:13:28.630214+00:00] main.DEBUG: cache_invalidate:  {"method":"GET","url":"http:/","invalidateInfo":{"tags":["EAV_ATTRIBUTE_11","FPC","MAGE"],"mode":"matchingTag"}} []
[2026-09-24T07:13:28.630250+00:00] main.DEBUG: cache_invalidate:  {"method":"GET","url":"http:/","invalidateInfo":{"tags":["EAV_ATTRIBUTE_11","FPC"],"mode":"matchingTag"}} []
[2026-09-24T07:13:28.630337+00:00] main.DEBUG: cache_invalidate:  {"method":"GET","url":"http:/","invalidateInfo":{"tags":["EAV_ATTRIBUTE_customer_dob","FPC","MAGE"],"mode":"matchingTag"}} []
[2026-09-24T07:13:28.630366+00:00] main.DEBUG: cache_invalidate:  {"method":"GET","url":"http:/","invalidateInfo":{"tags":["EAV_ATTRIBUTE_customer_dob","FPC"],"mode":"matchingTag"}} []
[2026-09-24T07:13:28.630660+00:00] main.DEBUG: cache_invalidate:  {"method":"GET","url":"http:/","invalidateInfo":{"tags":["EAV_ATTRIBUTE_17","FPC","MAGE"],"mode":"matchingTag"}} []
[2026-09-24T07:13:28.630692+00:00] main.DEBUG: cache_invalidate:  {"method":"GET","url":"http:/","invalidateInfo":{"tags":["EAV_ATTRIBUTE_17","FPC"],"mode":"matchingTag"}} []
[2026-09-24T07:13:28.630784+00:00] main.DEBUG: cache_invalidate:  {"method":"GET","url":"http:/","invalidateInfo":{"tags":["EAV_ATTRIBUTE_customer_taxvat","FPC","MAGE"],"mode":"matchingTag"}} []
[2026-09-24T07:13:28.630815+00:00] main.DEBUG: cache_invalidate:  {"method":"GET","url":"http:/","invalidateInfo":{"tags":["EAV_ATTRIBUTE_customer_taxvat","FPC"],"mode":"matchingTag"}} []
[2026-09-24T07:13:28.631064+00:00] main.DEBUG: cache_invalidate:  {"method":"GET","url":"http:/","invalidateInfo":{"tags":["EAV_ATTRIBUTE_18","FPC","MAGE"],"mode":"matchingTag"}} []
[2026-09-24T07:13:28.631095+00:00] main.DEBUG: cache_invalidate:  {"method":"GET","url":"http:/","invalidateInfo":{"tags":["EAV_ATTRIBUTE_18","FPC"],"mode":"matchingTag"}} []
[2026-09-24T07:13:28.631153+00:00] main.DEBUG: cache_invalidate:  {"method":"GET","url":"http:/","invalidateInfo":{"tags":["EAV_ATTRIBUTE_customer_confirmation","FPC","MAGE"],"mode":"matchingTag"}} []
[2026-09-24T07:13:28.631176+00:00] main.DEBUG: cache_invalidate:  {"method":"GET","url":"http:/","invalidateInfo":{"tags":["EAV_ATTRIBUTE_customer_confirmation","FPC"],"mode":"matchingTag"}} []
[2026-09-24T07:13:28.631370+00:00] main.DEBUG: cache_invalidate:  {"method":"GET","url":"http:/","invalidateInfo":{"tags":["EAV_ATTRIBUTE_19","FPC","MAGE"],"mode":"matchingTag"}} []
[2026-09-24T07:13:28.631395+00:00] main.DEBUG: cache_invalidate:  {"method":"GET","url":"http:/","invalidateInfo":{"tags":["EAV_ATTRIBUTE_19","FPC"],"mode":"matchingTag"}} []
[2026-09-24T07:13:28.631450+00:00] main.DEBUG: cache_invalidate:  {"method":"GET","url":"http:/","invalidateInfo":{"tags":["EAV_ATTRIBUTE_customer_created_at","FPC","MAGE"],"mode":"matchingTag"}} []
[2026-09-24T07:13:28.631472+00:00] main.DEBUG: cache_invalidate:  {"method":"GET","url":"http:/","invalidateInfo":{"tags":["EAV_ATTRIBUTE_customer_created_at","FPC"],"mode":"matchingTag"}} []
[2026-09-24T07:13:28.631701+00:00] main.DEBUG: cache_invalidate:  {"method":"GET","url":"http:/","invalidateInfo":{"tags":["EAV_ATTRIBUTE_20","FPC","MAGE"],"mode":"matchingTag"}} []
[2026-09-24T07:13:28.631733+00:00] main.DEBUG: cache_invalidate:  {"method":"GET","url":"http:/","invalidateInfo":{"tags":["EAV_ATTRIBUTE_20","FPC"],"mode":"matchingTag"}} []
[2026-09-24T07:13:28.631788+00:00] main.DEBUG: cache_invalidate:  {"method":"GET","url":"http:/","invalidateInfo":{"tags":["EAV_ATTRIBUTE_customer_gender","FPC","MAGE"],"mode":"matchingTag"}} []
[2026-09-24T07:13:28.631811+00:00] main.DEBUG: cache_invalidate:  {"method":"GET","url":"http:/","invalidateInfo":{"tags":["EAV_ATTRIBUTE_customer_gender","FPC"],"mode":"matchingTag"}} []
[2026-09-24T07:13:28.632007+00:00] main.DEBUG: cache_invalidate:  {"method":"GET","url":"http:/","invalidateInfo":{"tags":["EAV_ATTRIBUTE_27","FPC","MAGE"],"mode":"matchingTag"}} []
[2026-09-24T07:13:28.632032+00:00] main.DEBUG: cache_invalidate:  {"method":"GET","url":"http:/","invalidateInfo":{"tags":["EAV_ATTRIBUTE_27","FPC"],"mode":"matchingTag"}} []
[2026-09-24T07:13:28.632085+00:00] main.DEBUG: cache_invalidate:  {"method":"GET","url":"http:/","invalidateInfo":{"tags":["EAV_ATTRIBUTE_customer_address_company","FPC","MAGE"],"mode":"matchingTag"}} []
[2026-09-24T07:13:28.632107+00:00] main.DEBUG: cache_invalidate:  {"method":"GET","url":"http:/","invalidateInfo":{"tags":["EAV_ATTRIBUTE_customer_address_company","FPC"],"mode":"matchingTag"}} []
[2026-09-24T07:13:28.632291+00:00] main.DEBUG: cache_invalidate:  {"method":"GET","url":"http:/","invalidateInfo":{"tags":["EAV_ATTRIBUTE_28","FPC","MAGE"],"mode":"matchingTag"}} []
[2026-09-24T07:13:28.632316+00:00] main.DEBUG: cache_invalidate:  {"method":"GET","url":"http:/","invalidateInfo":{"tags":["EAV_ATTRIBUTE_28","FPC"],"mode":"matchingTag"}} []
[2026-09-24T07:13:28.632370+00:00] main.DEBUG: cache_invalidate:  {"method":"GET","url":"http:/","invalidateInfo":{"tags":["EAV_ATTRIBUTE_customer_address_street","FPC","MAGE"],"mode":"matchingTag"}} []
[2026-09-24T07:13:28.632392+00:00] main.DEBUG: cache_invalidate:  {"method":"GET","url":"http:/","invalidateInfo":{"tags":["EAV_ATTRIBUTE_customer_address_street","FPC"],"mode":"matchingTag"}} []
[2026-09-24T07:13:28.632612+00:00] main.DEBUG: cache_invalidate:  {"method":"GET","url":"http:/","invalidateInfo":{"tags":["EAV_ATTRIBUTE_29","FPC","MAGE"],"mode":"matchingTag"}} []
[2026-09-24T07:13:28.632646+00:00] main.DEBUG: cache_invalidate:  {"method":"GET","url":"http:/","invalidateInfo":{"tags":["EAV_ATTRIBUTE_29","FPC"],"mode":"matchingTag"}} []
[2026-09-24T07:13:28.632707+00:00] main.DEBUG: cache_invalidate:  {"method":"GET","url":"http:/","invalidateInfo":{"tags":["EAV_ATTRIBUTE_customer_address_city","FPC","MAGE"],"mode":"matchingTag"}} []
[2026-09-24T07:13:28.632730+00:00] main.DEBUG: cache_invalidate:  {"method":"GET","url":"http:/","invalidateInfo":{"tags":["EAV_ATTRIBUTE_customer_address_city","FPC"],"mode":"matchingTag"}} []
[2026-09-24T07:13:28.632932+00:00] main.DEBUG: cache_invalidate:  {"method":"GET","url":"http:/","invalidateInfo":{"tags":["EAV_ATTRIBUTE_30","FPC","MAGE"],"mode":"matchingTag"}} []
[2026-09-24T07:13:28.632957+00:00] main.DEBUG: cache_invalidate:  {"method":"GET","url":"http:/","invalidateInfo":{"tags":["EAV_ATTRIBUTE_30","FPC"],"mode":"matchingTag"}} []
[2026-09-24T07:13:28.633012+00:00] main.DEBUG: cache_invalidate:  {"method":"GET","url":"http:/","invalidateInfo":{"tags":["EAV_ATTRIBUTE_customer_address_country_id","FPC","MAGE"],"mode":"matchingTag"}} []
[2026-09-24T07:13:28.633035+00:00] main.DEBUG: cache_invalidate:  {"method":"GET","url":"http:/","invalidateInfo":{"tags":["EAV_ATTRIBUTE_customer_address_country_id","FPC"],"mode":"matchingTag"}} []
[2026-09-24T07:13:28.633221+00:00] main.DEBUG: cache_invalidate:  {"method":"GET","url":"http:/","invalidateInfo":{"tags":["EAV_ATTRIBUTE_31","FPC","MAGE"],"mode":"matchingTag"}} []
[2026-09-24T07:13:28.633246+00:00] main.DEBUG: cache_invalidate:  {"method":"GET","url":"http:/","invalidateInfo":{"tags":["EAV_ATTRIBUTE_31","FPC"],"mode":"matchingTag"}} []
[2026-09-24T07:13:28.633298+00:00] main.DEBUG: cache_invalidate:  {"method":"GET","url":"http:/","invalidateInfo":{"tags":["EAV_ATTRIBUTE_customer_address_region","FPC","MAGE"],"mode":"matchingTag"}} []
[2026-09-24T07:13:28.633320+00:00] main.DEBUG: cache_invalidate:  {"method":"GET","url":"http:/","invalidateInfo":{"tags":["EAV_ATTRIBUTE_customer_address_region","FPC"],"mode":"matchingTag"}} []
[2026-09-24T07:13:28.633501+00:00] main.DEBUG: cache_invalidate:  {"method":"GET","url":"http:/","invalidateInfo":{"tags":["EAV_ATTRIBUTE_32","FPC","MAGE"],"mode":"matchingTag"}} []
[2026-09-24T07:13:28.633526+00:00] main.DEBUG: cache_invalidate:  {"method":"GET","url":"http:/","invalidateInfo":{"tags":["EAV_ATTRIBUTE_32","FPC"],"mode":"matchingTag"}} []
[2026-09-24T07:13:28.633599+00:00] main.DEBUG: cache_invalidate:  {"method":"GET","url":"http:/","invalidateInfo":{"tags":["EAV_ATTRIBUTE_customer_address_region_id","FPC","MAGE"],"mode":"matchingTag"}} []
[2026-09-24T07:13:28.633622+00:00] main.DEBUG: cache_invalidate:  {"method":"GET","url":"http:/","invalidateInfo":{"tags":["EAV_ATTRIBUTE_customer_address_region_id","FPC"],"mode":"matchingTag"}} []
[2026-09-24T07:13:28.633805+00:00] main.DEBUG: cache_invalidate:  {"method":"GET","url":"http:/","invalidateInfo":{"tags":["EAV_ATTRIBUTE_33","FPC","MAGE"],"mode":"matchingTag"}} []
[2026-09-24T07:13:28.633829+00:00] main.DEBUG: cache_invalidate:  {"method":"GET","url":"http:/","invalidateInfo":{"tags":["EAV_ATTRIBUTE_33","FPC"],"mode":"matchingTag"}} []
[2026-09-24T07:13:28.633883+00:00] main.DEBUG: cache_invalidate:  {"method":"GET","url":"http:/","invalidateInfo":{"tags":["EAV_ATTRIBUTE_customer_address_postcode","FPC","MAGE"],"mode":"matchingTag"}} []
[2026-09-24T07:13:28.633904+00:00] main.DEBUG: cache_invalidate:  {"method":"GET","url":"http:/","invalidateInfo":{"tags":["EAV_ATTRIBUTE_customer_address_postcode","FPC"],"mode":"matchingTag"}} []
[2026-09-24T07:13:28.634088+00:00] main.DEBUG: cache_invalidate:  {"method":"GET","url":"http:/","invalidateInfo":{"tags":["EAV_ATTRIBUTE_34","FPC","MAGE"],"mode":"matchingTag"}} []
[2026-09-24T07:13:28.634112+00:00] main.DEBUG: cache_invalidate:  {"method":"GET","url":"http:/","invalidateInfo":{"tags":["EAV_ATTRIBUTE_34","FPC"],"mode":"matchingTag"}} []
[2026-09-24T07:13:28.634170+00:00] main.DEBUG: cache_invalidate:  {"method":"GET","url":"http:/","invalidateInfo":{"tags":["EAV_ATTRIBUTE_customer_address_telephone","FPC","MAGE"],"mode":"matchingTag"}} []
[2026-09-24T07:13:28.634192+00:00] main.DEBUG: cache_invalidate:  {"method":"GET","url":"http:/","invalidateInfo":{"tags":["EAV_ATTRIBUTE_customer_address_telephone","FPC"],"mode":"matchingTag"}} []
[2026-09-24T07:13:28.634376+00:00] main.DEBUG: cache_invalidate:  {"method":"GET","url":"http:/","invalidateInfo":{"tags":["EAV_ATTRIBUTE_35","FPC","MAGE"],"mode":"matchingTag"}} []
[2026-09-24T07:13:28.634400+00:00] main.DEBUG: cache_invalidate:  {"method":"GET","url":"http:/","invalidateInfo":{"tags":["EAV_ATTRIBUTE_35","FPC"],"mode":"matchingTag"}} []
[2026-09-24T07:13:28.634452+00:00] main.DEBUG: cache_invalidate:  {"method":"GET","url":"http:/","invalidateInfo":{"tags":["EAV_ATTRIBUTE_customer_address_fax","FPC","MAGE"],"mode":"matchingTag"}} []
[2026-09-24T07:13:28.634474+00:00] main.DEBUG: cache_invalidate:  {"method":"GET","url":"http:/","invalidateInfo":{"tags":["EAV_ATTRIBUTE_customer_address_fax","FPC"],"mode":"matchingTag"}} []
[2026-09-24T07:13:28.637774+00:00] main.DEBUG: cache_invalidate:  {"method":"GET","url":"http:/","invalidateInfo":{"tags":["EAV","MAGE"],"mode":"matchingTag"}} []
[2026-09-24T07:13:28.638021+00:00] main.DEBUG: cache_invalidate:  {"method":"GET","url":"http:/","invalidateInfo":{"tags":["EAV_ATTRIBUTE","MAGE"],"mode":"matchingTag"}} []
[2026-09-24T07:13:28.638055+00:00] main.DEBUG: cache_invalidate:  {"method":"GET","url":"http:/","invalidateInfo":{"tags":["EAV","EAV_ATTRIBUTE"],"mode":"matchingAnyTag"}} []
[2026-09-24T07:13:28.638518+00:00] main.DEBUG: cache_invalidate:  {"method":"GET","url":"http:/","invalidateInfo":{"tags":["EAV","MAGE"],"mode":"matchingTag"}} []
[2026-09-24T07:13:28.638737+00:00] main.DEBUG: cache_invalidate:  {"method":"GET","url":"http:/","invalidateInfo":{"tags":["EAV_ATTRIBUTE","MAGE"],"mode":"matchingTag"}} []
[2026-09-24T07:13:28.638766+00:00] main.DEBUG: cache_invalidate:  {"method":"GET","url":"http:/","invalidateInfo":{"tags":["EAV","EAV_ATTRIBUTE"],"mode":"matchingAnyTag"}} []
[2026-09-24T07:13:28.638922+00:00] main.DEBUG: cache_invalidate:  {"method":"GET","url":"http:/","invalidateInfo":{"tags":["EAV","MAGE"],"mode":"matchingTag"}} []
[2026-09-24T07:13:28.639118+00:00] main.DEBUG: cache_invalidate:  {"method":"GET","url":"http:/","invalidateInfo":{"tags":["EAV_ATTRIBUTE","MAGE"],"mode":"matchingTag"}} []
[2026-09-24T07:13:28.639146+00:00] main.DEBUG: cache_invalidate:  {"method":"GET","url":"http:/","invalidateInfo":{"tags":["EAV","EAV_ATTRIBUTE"],"mode":"matchingAnyTag"}} []
[2026-09-24T07:13:28.639303+00:00] main.DEBUG: cache_invalidate:  {"method":"GET","url":"http:/","invalidateInfo":{"tags":["EAV_ATTRIBUTE","MAGE"],"mode":"matchingTag"}} []
[2026-09-24T07:13:28.639324+00:00] main.DEBUG: cache_invalidate:  {"method":"GET","url":"http:/","invalidateInfo":{"tags":["EAV_ATTRIBUTE"],"mode":"matchingAnyTag"}} []
[2026-09-24T07:13:28.639761+00:00] main.DEBUG: cache_invalidate:  {"method":"GET","url":"http:/","invalidateInfo":{"tags":["EAV_ATTRIBUTE_32","FPC","MAGE"],"mode":"matchingTag"}} []
[2026-09-24T07:13:28.639794+00:00] main.DEBUG: cache_invalidate:  {"method":"GET","url":"http:/","invalidateInfo":{"tags":["EAV_ATTRIBUTE_32","FPC"],"mode":"matchingTag"}} []
[2026-09-24T07:13:28.639852+00:00] main.DEBUG: cache_invalidate:  {"method":"GET","url":"http:/","invalidateInfo":{"tags":["EAV_ENTITY_TYPES_CUSTOMER_ADDRESS_ENTITY","FPC","MAGE"],"mode":"matchingTag"}} []
[2026-09-24T07:13:28.639875+00:00] main.DEBUG: cache_invalidate:  {"method":"GET","url":"http:/","invalidateInfo":{"tags":["EAV_ENTITY_TYPES_CUSTOMER_ADDRESS_ENTITY","FPC"],"mode":"matchingTag"}} []
[2026-09-24T07:13:28.639928+00:00] main.DEBUG: cache_invalidate:  {"method":"GET","url":"http:/","invalidateInfo":{"tags":["EAV_FORM_adminhtml_customer_address_FORM","FPC","MAGE"],"mode":"matchingTag"}} []
[2026-09-24T07:13:28.639952+00:00] main.DEBUG: cache_invalidate:  {"method":"GET","url":"http:/","invalidateInfo":{"tags":["EAV_FORM_adminhtml_customer_address_FORM","FPC"],"mode":"matchingTag"}} []
[2026-09-24T07:13:28.640004+00:00] main.DEBUG: cache_invalidate:  {"method":"GET","url":"http:/","invalidateInfo":{"tags":["EAV_FORM_customer_address_edit_FORM","FPC","MAGE"],"mode":"matchingTag"}} []
[2026-09-24T07:13:28.640025+00:00] main.DEBUG: cache_invalidate:  {"method":"GET","url":"http:/","invalidateInfo":{"tags":["EAV_FORM_customer_address_edit_FORM","FPC"],"mode":"matchingTag"}} []
[2026-09-24T07:13:28.640076+00:00] main.DEBUG: cache_invalidate:  {"method":"GET","url":"http:/","invalidateInfo":{"tags":["EAV_FORM_customer_register_address_FORM","FPC","MAGE"],"mode":"matchingTag"}} []
[2026-09-24T07:13:28.640097+00:00] main.DEBUG: cache_invalidate:  {"method":"GET","url":"http:/","invalidateInfo":{"tags":["EAV_FORM_customer_register_address_FORM","FPC"],"mode":"matchingTag"}} []
[2026-09-24T07:13:28.640147+00:00] main.DEBUG: cache_invalidate:  {"method":"GET","url":"http:/","invalidateInfo":{"tags":["EAV_ATTRIBUTE_customer_address_region_id","FPC","MAGE"],"mode":"matchingTag"}} []
[2026-09-24T07:13:28.640168+00:00] main.DEBUG: cache_invalidate:  {"method":"GET","url":"http:/","invalidateInfo":{"tags":["EAV_ATTRIBUTE_customer_address_region_id","FPC"],"mode":"matchingTag"}} []
[2026-09-24T07:13:28.642123+00:00] main.DEBUG: cache_invalidate:  {"method":"GET","url":"http:/","invalidateInfo":{"tags":["EAV","MAGE"],"mode":"matchingTag"}} []
[2026-09-24T07:13:28.642284+00:00] main.DEBUG: cache_invalidate:  {"method":"GET","url":"http:/","invalidateInfo":{"tags":["EAV_ATTRIBUTE","MAGE"],"mode":"matchingTag"}} []
[2026-09-24T07:13:28.642308+00:00] main.DEBUG: cache_invalidate:  {"method":"GET","url":"http:/","invalidateInfo":{"tags":["EAV","EAV_ATTRIBUTE"],"mode":"matchingAnyTag"}} []
[2026-09-24T07:13:28.642721+00:00] main.DEBUG: cache_invalidate:  {"method":"GET","url":"http:/","invalidateInfo":{"tags":["EAV","MAGE"],"mode":"matchingTag"}} []
[2026-09-24T07:13:28.642868+00:00] main.DEBUG: cache_invalidate:  {"method":"GET","url":"http:/","invalidateInfo":{"tags":["EAV_ATTRIBUTE","MAGE"],"mode":"matchingTag"}} []
[2026-09-24T07:13:28.642890+00:00] main.DEBUG: cache_invalidate:  {"method":"GET","url":"http:/","invalidateInfo":{"tags":["EAV","EAV_ATTRIBUTE"],"mode":"matchingAnyTag"}} []
[2026-09-24T07:13:28.643031+00:00] main.DEBUG: cache_invalidate:  {"method":"GET","url":"http:/","invalidateInfo":{"tags":["EAV","MAGE"],"mode":"matchingTag"}} []
[2026-09-24T07:13:28.643172+00:00] main.DEBUG: cache_invalidate:  {"method":"GET","url":"http:/","invalidateInfo":{"tags":["EAV_ATTRIBUTE","MAGE"],"mode":"matchingTag"}} []
[2026-09-24T07:13:28.643194+00:00] main.DEBUG: cache_invalidate:  {"method":"GET","url":"http:/","invalidateInfo":{"tags":["EAV","EAV_ATTRIBUTE"],"mode":"matchingAnyTag"}} []
[2026-09-24T07:13:28.643343+00:00] main.DEBUG: cache_invalidate:  {"method":"GET","url":"http:/","invalidateInfo":{"tags":["EAV_ATTRIBUTE","MAGE"],"mode":"matchingTag"}} []
[2026-09-24T07:13:28.643364+00:00] main.DEBUG: cache_invalidate:  {"method":"GET","url":"http:/","invalidateInfo":{"tags":["EAV_ATTRIBUTE"],"mode":"matchingAnyTag"}} []
[2026-09-24T07:13:28.643750+00:00] main.DEBUG: cache_invalidate:  {"method":"GET","url":"http:/","invalidateInfo":{"tags":["EAV_ATTRIBUTE_23","FPC","MAGE"],"mode":"matchingTag"}} []
[2026-09-24T07:13:28.643779+00:00] main.DEBUG: cache_invalidate:  {"method":"GET","url":"http:/","invalidateInfo":{"tags":["EAV_ATTRIBUTE_23","FPC"],"mode":"matchingTag"}} []
[2026-09-24T07:13:28.643836+00:00] main.DEBUG: cache_invalidate:  {"method":"GET","url":"http:/","invalidateInfo":{"tags":["EAV_ENTITY_TYPES_CUSTOMER_ADDRESS_ENTITY","FPC","MAGE"],"mode":"matchingTag"}} []
[2026-09-24T07:13:28.643859+00:00] main.DEBUG: cache_invalidate:  {"method":"GET","url":"http:/","invalidateInfo":{"tags":["EAV_ENTITY_TYPES_CUSTOMER_ADDRESS_ENTITY","FPC"],"mode":"matchingTag"}} []
[2026-09-24T07:13:28.643913+00:00] main.DEBUG: cache_invalidate:  {"method":"GET","url":"http:/","invalidateInfo":{"tags":["EAV_FORM_adminhtml_customer_address_FORM","FPC","MAGE"],"mode":"matchingTag"}} []
[2026-09-24T07:13:28.643937+00:00] main.DEBUG: cache_invalidate:  {"method":"GET","url":"http:/","invalidateInfo":{"tags":["EAV_FORM_adminhtml_customer_address_FORM","FPC"],"mode":"matchingTag"}} []
[2026-09-24T07:13:28.643988+00:00] main.DEBUG: cache_invalidate:  {"method":"GET","url":"http:/","invalidateInfo":{"tags":["EAV_FORM_customer_address_edit_FORM","FPC","MAGE"],"mode":"matchingTag"}} []
[2026-09-24T07:13:28.644009+00:00] main.DEBUG: cache_invalidate:  {"method":"GET","url":"http:/","invalidateInfo":{"tags":["EAV_FORM_customer_address_edit_FORM","FPC"],"mode":"matchingTag"}} []
[2026-09-24T07:13:28.644060+00:00] main.DEBUG: cache_invalidate:  {"method":"GET","url":"http:/","invalidateInfo":{"tags":["EAV_FORM_customer_register_address_FORM","FPC","MAGE"],"mode":"matchingTag"}} []
[2026-09-24T07:13:28.644082+00:00] main.DEBUG: cache_invalidate:  {"method":"GET","url":"http:/","invalidateInfo":{"tags":["EAV_FORM_customer_register_address_FORM","FPC"],"mode":"matchingTag"}} []
[2026-09-24T07:13:28.644132+00:00] main.DEBUG: cache_invalidate:  {"method":"GET","url":"http:/","invalidateInfo":{"tags":["EAV_ATTRIBUTE_customer_address_firstname","FPC","MAGE"],"mode":"matchingTag"}} []
[2026-09-24T07:13:28.644153+00:00] main.DEBUG: cache_invalidate:  {"method":"GET","url":"http:/","invalidateInfo":{"tags":["EAV_ATTRIBUTE_customer_address_firstname","FPC"],"mode":"matchingTag"}} []
[2026-09-24T07:13:28.645961+00:00] main.DEBUG: cache_invalidate:  {"method":"GET","url":"http:/","invalidateInfo":{"tags":["EAV","MAGE"],"mode":"matchingTag"}} []
[2026-09-24T07:13:28.646117+00:00] main.DEBUG: cache_invalidate:  {"method":"GET","url":"http:/","invalidateInfo":{"tags":["EAV_ATTRIBUTE","MAGE"],"mode":"matchingTag"}} []
[2026-09-24T07:13:28.646140+00:00] main.DEBUG: cache_invalidate:  {"method":"GET","url":"http:/","invalidateInfo":{"tags":["EAV","EAV_ATTRIBUTE"],"mode":"matchingAnyTag"}} []
[2026-09-24T07:13:28.646435+00:00] main.DEBUG: cache_invalidate:  {"method":"GET","url":"http:/","invalidateInfo":{"tags":["EAV","MAGE"],"mode":"matchingTag"}} []
[2026-09-24T07:13:28.646624+00:00] main.DEBUG: cache_invalidate:  {"method":"GET","url":"http:/","invalidateInfo":{"tags":["EAV_ATTRIBUTE","MAGE"],"mode":"matchingTag"}} []
[2026-09-24T07:13:28.646654+00:00] main.DEBUG: cache_invalidate:  {"method":"GET","url":"http:/","invalidateInfo":{"tags":["EAV","EAV_ATTRIBUTE"],"mode":"matchingAnyTag"}} []
[2026-09-24T07:13:28.646890+00:00] main.DEBUG: cache_invalidate:  {"method":"GET","url":"http:/","invalidateInfo":{"tags":["EAV","MAGE"],"mode":"matchingTag"}} []
[2026-09-24T07:13:28.647136+00:00] main.DEBUG: cache_invalidate:  {"method":"GET","url":"http:/","invalidateInfo":{"tags":["EAV_ATTRIBUTE","MAGE"],"mode":"matchingTag"}} []
[2026-09-24T07:13:28.647164+00:00] main.DEBUG: cache_invalidate:  {"method":"GET","url":"http:/","invalidateInfo":{"tags":["EAV","EAV_ATTRIBUTE"],"mode":"matchingAnyTag"}} []
[2026-09-24T07:13:28.647410+00:00] main.DEBUG: cache_invalidate:  {"method":"GET","url":"http:/","invalidateInfo":{"tags":["EAV_ATTRIBUTE","MAGE"],"mode":"matchingTag"}} []
[2026-09-24T07:13:28.647441+00:00] main.DEBUG: cache_invalidate:  {"method":"GET","url":"http:/","invalidateInfo":{"tags":["EAV_ATTRIBUTE"],"mode":"matchingAnyTag"}} []
[2026-09-24T07:13:28.647926+00:00] main.DEBUG: cache_invalidate:  {"method":"GET","url":"http:/","invalidateInfo":{"tags":["EAV_ATTRIBUTE_25","FPC","MAGE"],"mode":"matchingTag"}} []
[2026-09-24T07:13:28.647961+00:00] main.DEBUG: cache_invalidate:  {"method":"GET","url":"http:/","invalidateInfo":{"tags":["EAV_ATTRIBUTE_25","FPC"],"mode":"matchingTag"}} []
[2026-09-24T07:13:28.648048+00:00] main.DEBUG: cache_invalidate:  {"method":"GET","url":"http:/","invalidateInfo":{"tags":["EAV_ENTITY_TYPES_CUSTOMER_ADDRESS_ENTITY","FPC","MAGE"],"mode":"matchingTag"}} []
[2026-09-24T07:13:28.648078+00:00] main.DEBUG: cache_invalidate:  {"method":"GET","url":"http:/","invalidateInfo":{"tags":["EAV_ENTITY_TYPES_CUSTOMER_ADDRESS_ENTITY","FPC"],"mode":"matchingTag"}} []
[2026-09-24T07:13:28.648164+00:00] main.DEBUG: cache_invalidate:  {"method":"GET","url":"http:/","invalidateInfo":{"tags":["EAV_FORM_adminhtml_customer_address_FORM","FPC","MAGE"],"mode":"matchingTag"}} []
[2026-09-24T07:13:28.648192+00:00] main.DEBUG: cache_invalidate:  {"method":"GET","url":"http:/","invalidateInfo":{"tags":["EAV_FORM_adminhtml_customer_address_FORM","FPC"],"mode":"matchingTag"}} []
[2026-09-24T07:13:28.648274+00:00] main.DEBUG: cache_invalidate:  {"method":"GET","url":"http:/","invalidateInfo":{"tags":["EAV_FORM_customer_address_edit_FORM","FPC","MAGE"],"mode":"matchingTag"}} []
[2026-09-24T07:13:28.648303+00:00] main.DEBUG: cache_invalidate:  {"method":"GET","url":"http:/","invalidateInfo":{"tags":["EAV_FORM_customer_address_edit_FORM","FPC"],"mode":"matchingTag"}} []
[2026-09-24T07:13:28.648385+00:00] main.DEBUG: cache_invalidate:  {"method":"GET","url":"http:/","invalidateInfo":{"tags":["EAV_FORM_customer_register_address_FORM","FPC","MAGE"],"mode":"matchingTag"}} []
[2026-09-24T07:13:28.648412+00:00] main.DEBUG: cache_invalidate:  {"method":"GET","url":"http:/","invalidateInfo":{"tags":["EAV_FORM_customer_register_address_FORM","FPC"],"mode":"matchingTag"}} []
[2026-09-24T07:13:28.648493+00:00] main.DEBUG: cache_invalidate:  {"method":"GET","url":"http:/","invalidateInfo":{"tags":["EAV_ATTRIBUTE_customer_address_lastname","FPC","MAGE"],"mode":"matchingTag"}} []
[2026-09-24T07:13:28.648521+00:00] main.DEBUG: cache_invalidate:  {"method":"GET","url":"http:/","invalidateInfo":{"tags":["EAV_ATTRIBUTE_customer_address_lastname","FPC"],"mode":"matchingTag"}} []
[2026-09-24T07:13:28.649011+00:00] main.DEBUG: cache_invalidate:  {"method":"GET","url":"http:/","invalidateInfo":{"tags":["EAV_ATTRIBUTE_32","FPC","MAGE"],"mode":"matchingTag"}} []
[2026-09-24T07:13:28.649042+00:00] main.DEBUG: cache_invalidate:  {"method":"GET","url":"http:/","invalidateInfo":{"tags":["EAV_ATTRIBUTE_32","FPC"],"mode":"matchingTag"}} []
[2026-09-24T07:13:28.649126+00:00] main.DEBUG: cache_invalidate:  {"method":"GET","url":"http:/","invalidateInfo":{"tags":["EAV_ATTRIBUTE_customer_address_region_id","FPC","MAGE"],"mode":"matchingTag"}} []
[2026-09-24T07:13:28.649156+00:00] main.DEBUG: cache_invalidate:  {"method":"GET","url":"http:/","invalidateInfo":{"tags":["EAV_ATTRIBUTE_customer_address_region_id","FPC"],"mode":"matchingTag"}} []
[2026-09-24T07:13:28.649455+00:00] main.DEBUG: cache_invalidate:  {"method":"GET","url":"http:/","invalidateInfo":{"tags":["EAV_ATTRIBUTE_23","FPC","MAGE"],"mode":"matchingTag"}} []
[2026-09-24T07:13:28.649487+00:00] main.DEBUG: cache_invalidate:  {"method":"GET","url":"http:/","invalidateInfo":{"tags":["EAV_ATTRIBUTE_23","FPC"],"mode":"matchingTag"}} []
[2026-09-24T07:13:28.649581+00:00] main.DEBUG: cache_invalidate:  {"method":"GET","url":"http:/","invalidateInfo":{"tags":["EAV_ATTRIBUTE_customer_address_firstname","FPC","MAGE"],"mode":"matchingTag"}} []
[2026-09-24T07:13:28.649613+00:00] main.DEBUG: cache_invalidate:  {"method":"GET","url":"http:/","invalidateInfo":{"tags":["EAV_ATTRIBUTE_customer_address_firstname","FPC"],"mode":"matchingTag"}} []
[2026-09-24T07:13:28.649909+00:00] main.DEBUG: cache_invalidate:  {"method":"GET","url":"http:/","invalidateInfo":{"tags":["EAV_ATTRIBUTE_25","FPC","MAGE"],"mode":"matchingTag"}} []
[2026-09-24T07:13:28.649941+00:00] main.DEBUG: cache_invalidate:  {"method":"GET","url":"http:/","invalidateInfo":{"tags":["EAV_ATTRIBUTE_25","FPC"],"mode":"matchingTag"}} []
[2026-09-24T07:13:28.650023+00:00] main.DEBUG: cache_invalidate:  {"method":"GET","url":"http:/","invalidateInfo":{"tags":["EAV_ATTRIBUTE_customer_address_lastname","FPC","MAGE"],"mode":"matchingTag"}} []
[2026-09-24T07:13:28.650052+00:00] main.DEBUG: cache_invalidate:  {"method":"GET","url":"http:/","invalidateInfo":{"tags":["EAV_ATTRIBUTE_customer_address_lastname","FPC"],"mode":"matchingTag"}} []
[2026-09-24T07:13:28.653792+00:00] main.DEBUG: cache_invalidate:  {"method":"GET","url":"http:/","invalidateInfo":{"tags":["EAV","MAGE"],"mode":"matchingTag"}} []
[2026-09-24T07:13:28.653969+00:00] main.DEBUG: cache_invalidate:  {"method":"GET","url":"http:/","invalidateInfo":{"tags":["EAV_ATTRIBUTE","MAGE"],"mode":"matchingTag"}} []
[2026-09-24T07:13:28.653996+00:00] main.DEBUG: cache_invalidate:  {"method":"GET","url":"http:/","invalidateInfo":{"tags":["EAV","EAV_ATTRIBUTE"],"mode":"matchingAnyTag"}} []
[2026-09-24T07:13:28.654329+00:00] main.DEBUG: cache_invalidate:  {"method":"GET","url":"http:/","invalidateInfo":{"tags":["EAV","MAGE"],"mode":"matchingTag"}} []
[2026-09-24T07:13:28.654479+00:00] main.DEBUG: cache_invalidate:  {"method":"GET","url":"http:/","invalidateInfo":{"tags":["EAV_ATTRIBUTE","MAGE"],"mode":"matchingTag"}} []
[2026-09-24T07:13:28.654503+00:00] main.DEBUG: cache_invalidate:  {"method":"GET","url":"http:/","invalidateInfo":{"tags":["EAV","EAV_ATTRIBUTE"],"mode":"matchingAnyTag"}} []
[2026-09-24T07:13:28.655000+00:00] main.DEBUG: cache_invalidate:  {"method":"GET","url":"http:/","invalidateInfo":{"tags":["EAV","MAGE"],"mode":"matchingTag"}} []
[2026-09-24T07:13:28.655230+00:00] main.DEBUG: cache_invalidate:  {"method":"GET","url":"http:/","invalidateInfo":{"tags":["EAV_ATTRIBUTE","MAGE"],"mode":"matchingTag"}} []
[2026-09-24T07:13:28.655264+00:00] main.DEBUG: cache_invalidate:  {"method":"GET","url":"http:/","invalidateInfo":{"tags":["EAV","EAV_ATTRIBUTE"],"mode":"matchingAnyTag"}} []
[2026-09-24T07:13:28.655438+00:00] main.DEBUG: cache_invalidate:  {"method":"GET","url":"http:/","invalidateInfo":{"tags":["EAV_ATTRIBUTE","MAGE"],"mode":"matchingTag"}} []
[2026-09-24T07:13:28.655463+00:00] main.DEBUG: cache_invalidate:  {"method":"GET","url":"http:/","invalidateInfo":{"tags":["EAV_ATTRIBUTE"],"mode":"matchingAnyTag"}} []
[2026-09-24T07:13:28.655881+00:00] main.DEBUG: cache_invalidate:  {"method":"GET","url":"http:/","invalidateInfo":{"tags":["EAV_ATTRIBUTE_35","FPC","MAGE"],"mode":"matchingTag"}} []
[2026-09-24T07:13:28.655911+00:00] main.DEBUG: cache_invalidate:  {"method":"GET","url":"http:/","invalidateInfo":{"tags":["EAV_ATTRIBUTE_35","FPC"],"mode":"matchingTag"}} []
[2026-09-24T07:13:28.655966+00:00] main.DEBUG: cache_invalidate:  {"method":"GET","url":"http:/","invalidateInfo":{"tags":["EAV_ENTITY_TYPES_CUSTOMER_ADDRESS_ENTITY","FPC","MAGE"],"mode":"matchingTag"}} []
[2026-09-24T07:13:28.655989+00:00] main.DEBUG: cache_invalidate:  {"method":"GET","url":"http:/","invalidateInfo":{"tags":["EAV_ENTITY_TYPES_CUSTOMER_ADDRESS_ENTITY","FPC"],"mode":"matchingTag"}} []
[2026-09-24T07:13:28.656042+00:00] main.DEBUG: cache_invalidate:  {"method":"GET","url":"http:/","invalidateInfo":{"tags":["EAV_FORM_adminhtml_customer_address_FORM","FPC","MAGE"],"mode":"matchingTag"}} []
[2026-09-24T07:13:28.656063+00:00] main.DEBUG: cache_invalidate:  {"method":"GET","url":"http:/","invalidateInfo":{"tags":["EAV_FORM_adminhtml_customer_address_FORM","FPC"],"mode":"matchingTag"}} []
[2026-09-24T07:13:28.656115+00:00] main.DEBUG: cache_invalidate:  {"method":"GET","url":"http:/","invalidateInfo":{"tags":["EAV_FORM_customer_address_edit_FORM","FPC","MAGE"],"mode":"matchingTag"}} []
[2026-09-24T07:13:28.656136+00:00] main.DEBUG: cache_invalidate:  {"method":"GET","url":"http:/","invalidateInfo":{"tags":["EAV_FORM_customer_address_edit_FORM","FPC"],"mode":"matchingTag"}} []
[2026-09-24T07:13:28.656187+00:00] main.DEBUG: cache_invalidate:  {"method":"GET","url":"http:/","invalidateInfo":{"tags":["EAV_FORM_customer_register_address_FORM","FPC","MAGE"],"mode":"matchingTag"}} []
[2026-09-24T07:13:28.656208+00:00] main.DEBUG: cache_invalidate:  {"method":"GET","url":"http:/","invalidateInfo":{"tags":["EAV_FORM_customer_register_address_FORM","FPC"],"mode":"matchingTag"}} []
[2026-09-24T07:13:28.656259+00:00] main.DEBUG: cache_invalidate:  {"method":"GET","url":"http:/","invalidateInfo":{"tags":["EAV_ATTRIBUTE_customer_address_fax","FPC","MAGE"],"mode":"matchingTag"}} []
[2026-09-24T07:13:28.656280+00:00] main.DEBUG: cache_invalidate:  {"method":"GET","url":"http:/","invalidateInfo":{"tags":["EAV_ATTRIBUTE_customer_address_fax","FPC"],"mode":"matchingTag"}} []
[2026-09-24T07:13:28.656787+00:00] main.DEBUG: cache_invalidate:  {"method":"GET","url":"http:/","invalidateInfo":{"tags":["EAV_ATTRIBUTE_35","FPC","MAGE"],"mode":"matchingTag"}} []
[2026-09-24T07:13:28.656820+00:00] main.DEBUG: cache_invalidate:  {"method":"GET","url":"http:/","invalidateInfo":{"tags":["EAV_ATTRIBUTE_35","FPC"],"mode":"matchingTag"}} []
[2026-09-24T07:13:28.656878+00:00] main.DEBUG: cache_invalidate:  {"method":"GET","url":"http:/","invalidateInfo":{"tags":["EAV_ATTRIBUTE_customer_address_fax","FPC","MAGE"],"mode":"matchingTag"}} []
[2026-09-24T07:13:28.656901+00:00] main.DEBUG: cache_invalidate:  {"method":"GET","url":"http:/","invalidateInfo":{"tags":["EAV_ATTRIBUTE_customer_address_fax","FPC"],"mode":"matchingTag"}} []
[2026-09-24T07:13:28.666505+00:00] main.DEBUG: cache_invalidate:  {"method":"GET","url":"http:/","invalidateInfo":{"tags":["EAV","MAGE"],"mode":"matchingTag"}} []
[2026-09-24T07:13:28.666694+00:00] main.DEBUG: cache_invalidate:  {"method":"GET","url":"http:/","invalidateInfo":{"tags":["EAV_ATTRIBUTE","MAGE"],"mode":"matchingTag"}} []
[2026-09-24T07:13:28.666722+00:00] main.DEBUG: cache_invalidate:  {"method":"GET","url":"http:/","invalidateInfo":{"tags":["EAV","EAV_ATTRIBUTE"],"mode":"matchingAnyTag"}} []
[2026-09-24T07:13:28.667031+00:00] main.DEBUG: cache_invalidate:  {"method":"GET","url":"http:/","invalidateInfo":{"tags":["EAV","MAGE"],"mode":"matchingTag"}} []
[2026-09-24T07:13:28.667183+00:00] main.DEBUG: cache_invalidate:  {"method":"GET","url":"http:/","invalidateInfo":{"tags":["EAV_ATTRIBUTE","MAGE"],"mode":"matchingTag"}} []
[2026-09-24T07:13:28.667206+00:00] main.DEBUG: cache_invalidate:  {"method":"GET","url":"http:/","invalidateInfo":{"tags":["EAV","EAV_ATTRIBUTE"],"mode":"matchingAnyTag"}} []
[2026-09-24T07:13:28.667353+00:00] main.DEBUG: cache_invalidate:  {"method":"GET","url":"http:/","invalidateInfo":{"tags":["EAV","MAGE"],"mode":"matchingTag"}} []
[2026-09-24T07:13:28.667503+00:00] main.DEBUG: cache_invalidate:  {"method":"GET","url":"http:/","invalidateInfo":{"tags":["EAV_ATTRIBUTE","MAGE"],"mode":"matchingTag"}} []
[2026-09-24T07:13:28.667525+00:00] main.DEBUG: cache_invalidate:  {"method":"GET","url":"http:/","invalidateInfo":{"tags":["EAV","EAV_ATTRIBUTE"],"mode":"matchingAnyTag"}} []
[2026-09-24T07:13:28.667703+00:00] main.DEBUG: cache_invalidate:  {"method":"GET","url":"http:/","invalidateInfo":{"tags":["EAV_ATTRIBUTE","MAGE"],"mode":"matchingTag"}} []
[2026-09-24T07:13:28.667726+00:00] main.DEBUG: cache_invalidate:  {"method":"GET","url":"http:/","invalidateInfo":{"tags":["EAV_ATTRIBUTE"],"mode":"matchingAnyTag"}} []
[2026-09-24T07:13:28.668096+00:00] main.DEBUG: cache_invalidate:  {"method":"GET","url":"http:/","invalidateInfo":{"tags":["EAV_ATTRIBUTE_30","FPC","MAGE"],"mode":"matchingTag"}} []
[2026-09-24T07:13:28.668124+00:00] main.DEBUG: cache_invalidate:  {"method":"GET","url":"http:/","invalidateInfo":{"tags":["EAV_ATTRIBUTE_30","FPC"],"mode":"matchingTag"}} []
[2026-09-24T07:13:28.668181+00:00] main.DEBUG: cache_invalidate:  {"method":"GET","url":"http:/","invalidateInfo":{"tags":["EAV_ENTITY_TYPES_CUSTOMER_ADDRESS_ENTITY","FPC","MAGE"],"mode":"matchingTag"}} []
[2026-09-24T07:13:28.668204+00:00] main.DEBUG: cache_invalidate:  {"method":"GET","url":"http:/","invalidateInfo":{"tags":["EAV_ENTITY_TYPES_CUSTOMER_ADDRESS_ENTITY","FPC"],"mode":"matchingTag"}} []
[2026-09-24T07:13:28.668255+00:00] main.DEBUG: cache_invalidate:  {"method":"GET","url":"http:/","invalidateInfo":{"tags":["EAV_FORM_adminhtml_customer_address_FORM","FPC","MAGE"],"mode":"matchingTag"}} []
[2026-09-24T07:13:28.668277+00:00] main.DEBUG: cache_invalidate:  {"method":"GET","url":"http:/","invalidateInfo":{"tags":["EAV_FORM_adminhtml_customer_address_FORM","FPC"],"mode":"matchingTag"}} []
[2026-09-24T07:13:28.668328+00:00] main.DEBUG: cache_invalidate:  {"method":"GET","url":"http:/","invalidateInfo":{"tags":["EAV_FORM_customer_address_edit_FORM","FPC","MAGE"],"mode":"matchingTag"}} []
[2026-09-24T07:13:28.668349+00:00] main.DEBUG: cache_invalidate:  {"method":"GET","url":"http:/","invalidateInfo":{"tags":["EAV_FORM_customer_address_edit_FORM","FPC"],"mode":"matchingTag"}} []
[2026-09-24T07:13:28.668403+00:00] main.DEBUG: cache_invalidate:  {"method":"GET","url":"http:/","invalidateInfo":{"tags":["EAV_FORM_customer_register_address_FORM","FPC","MAGE"],"mode":"matchingTag"}} []
[2026-09-24T07:13:28.668424+00:00] main.DEBUG: cache_invalidate:  {"method":"GET","url":"http:/","invalidateInfo":{"tags":["EAV_FORM_customer_register_address_FORM","FPC"],"mode":"matchingTag"}} []
[2026-09-24T07:13:28.668474+00:00] main.DEBUG: cache_invalidate:  {"method":"GET","url":"http:/","invalidateInfo":{"tags":["EAV_ATTRIBUTE_customer_address_country_id","FPC","MAGE"],"mode":"matchingTag"}} []
[2026-09-24T07:13:28.668495+00:00] main.DEBUG: cache_invalidate:  {"method":"GET","url":"http:/","invalidateInfo":{"tags":["EAV_ATTRIBUTE_customer_address_country_id","FPC"],"mode":"matchingTag"}} []
[2026-09-24T07:13:28.670212+00:00] main.DEBUG: cache_invalidate:  {"method":"GET","url":"http:/","invalidateInfo":{"tags":["EAV","MAGE"],"mode":"matchingTag"}} []
[2026-09-24T07:13:28.670371+00:00] main.DEBUG: cache_invalidate:  {"method":"GET","url":"http:/","invalidateInfo":{"tags":["EAV_ATTRIBUTE","MAGE"],"mode":"matchingTag"}} []
[2026-09-24T07:13:28.670394+00:00] main.DEBUG: cache_invalidate:  {"method":"GET","url":"http:/","invalidateInfo":{"tags":["EAV","EAV_ATTRIBUTE"],"mode":"matchingAnyTag"}} []
[2026-09-24T07:13:28.670706+00:00] main.DEBUG: cache_invalidate:  {"method":"GET","url":"http:/","invalidateInfo":{"tags":["EAV","MAGE"],"mode":"matchingTag"}} []
[2026-09-24T07:13:28.670857+00:00] main.DEBUG: cache_invalidate:  {"method":"GET","url":"http:/","invalidateInfo":{"tags":["EAV_ATTRIBUTE","MAGE"],"mode":"matchingTag"}} []
[2026-09-24T07:13:28.670880+00:00] main.DEBUG: cache_invalidate:  {"method":"GET","url":"http:/","invalidateInfo":{"tags":["EAV","EAV_ATTRIBUTE"],"mode":"matchingAnyTag"}} []
[2026-09-24T07:13:28.671022+00:00] main.DEBUG: cache_invalidate:  {"method":"GET","url":"http:/","invalidateInfo":{"tags":["EAV","MAGE"],"mode":"matchingTag"}} []
[2026-09-24T07:13:28.671167+00:00] main.DEBUG: cache_invalidate:  {"method":"GET","url":"http:/","invalidateInfo":{"tags":["EAV_ATTRIBUTE","MAGE"],"mode":"matchingTag"}} []
[2026-09-24T07:13:28.671188+00:00] main.DEBUG: cache_invalidate:  {"method":"GET","url":"http:/","invalidateInfo":{"tags":["EAV","EAV_ATTRIBUTE"],"mode":"matchingAnyTag"}} []
[2026-09-24T07:13:28.671336+00:00] main.DEBUG: cache_invalidate:  {"method":"GET","url":"http:/","invalidateInfo":{"tags":["EAV_ATTRIBUTE","MAGE"],"mode":"matchingTag"}} []
[2026-09-24T07:13:28.671358+00:00] main.DEBUG: cache_invalidate:  {"method":"GET","url":"http:/","invalidateInfo":{"tags":["EAV_ATTRIBUTE"],"mode":"matchingAnyTag"}} []
[2026-09-24T07:13:28.671737+00:00] main.DEBUG: cache_invalidate:  {"method":"GET","url":"http:/","invalidateInfo":{"tags":["EAV_ATTRIBUTE_31","FPC","MAGE"],"mode":"matchingTag"}} []
[2026-09-24T07:13:28.671766+00:00] main.DEBUG: cache_invalidate:  {"method":"GET","url":"http:/","invalidateInfo":{"tags":["EAV_ATTRIBUTE_31","FPC"],"mode":"matchingTag"}} []
[2026-09-24T07:13:28.671827+00:00] main.DEBUG: cache_invalidate:  {"method":"GET","url":"http:/","invalidateInfo":{"tags":["EAV_ENTITY_TYPES_CUSTOMER_ADDRESS_ENTITY","FPC","MAGE"],"mode":"matchingTag"}} []
[2026-09-24T07:13:28.671850+00:00] main.DEBUG: cache_invalidate:  {"method":"GET","url":"http:/","invalidateInfo":{"tags":["EAV_ENTITY_TYPES_CUSTOMER_ADDRESS_ENTITY","FPC"],"mode":"matchingTag"}} []
[2026-09-24T07:13:28.671905+00:00] main.DEBUG: cache_invalidate:  {"method":"GET","url":"http:/","invalidateInfo":{"tags":["EAV_FORM_adminhtml_customer_address_FORM","FPC","MAGE"],"mode":"matchingTag"}} []
[2026-09-24T07:13:28.671926+00:00] main.DEBUG: cache_invalidate:  {"method":"GET","url":"http:/","invalidateInfo":{"tags":["EAV_FORM_adminhtml_customer_address_FORM","FPC"],"mode":"matchingTag"}} []
[2026-09-24T07:13:28.671977+00:00] main.DEBUG: cache_invalidate:  {"method":"GET","url":"http:/","invalidateInfo":{"tags":["EAV_FORM_customer_address_edit_FORM","FPC","MAGE"],"mode":"matchingTag"}} []
[2026-09-24T07:13:28.672000+00:00] main.DEBUG: cache_invalidate:  {"method":"GET","url":"http:/","invalidateInfo":{"tags":["EAV_FORM_customer_address_edit_FORM","FPC"],"mode":"matchingTag"}} []
[2026-09-24T07:13:28.672052+00:00] main.DEBUG: cache_invalidate:  {"method":"GET","url":"http:/","invalidateInfo":{"tags":["EAV_FORM_customer_register_address_FORM","FPC","MAGE"],"mode":"matchingTag"}} []
[2026-09-24T07:13:28.672073+00:00] main.DEBUG: cache_invalidate:  {"method":"GET","url":"http:/","invalidateInfo":{"tags":["EAV_FORM_customer_register_address_FORM","FPC"],"mode":"matchingTag"}} []
[2026-09-24T07:13:28.672126+00:00] main.DEBUG: cache_invalidate:  {"method":"GET","url":"http:/","invalidateInfo":{"tags":["EAV_ATTRIBUTE_customer_address_region","FPC","MAGE"],"mode":"matchingTag"}} []
[2026-09-24T07:13:28.672147+00:00] main.DEBUG: cache_invalidate:  {"method":"GET","url":"http:/","invalidateInfo":{"tags":["EAV_ATTRIBUTE_customer_address_region","FPC"],"mode":"matchingTag"}} []
[2026-09-24T07:13:28.673815+00:00] main.DEBUG: cache_invalidate:  {"method":"GET","url":"http:/","invalidateInfo":{"tags":["EAV","MAGE"],"mode":"matchingTag"}} []
[2026-09-24T07:13:28.673970+00:00] main.DEBUG: cache_invalidate:  {"method":"GET","url":"http:/","invalidateInfo":{"tags":["EAV_ATTRIBUTE","MAGE"],"mode":"matchingTag"}} []
[2026-09-24T07:13:28.673993+00:00] main.DEBUG: cache_invalidate:  {"method":"GET","url":"http:/","invalidateInfo":{"tags":["EAV","EAV_ATTRIBUTE"],"mode":"matchingAnyTag"}} []
[2026-09-24T07:13:28.674312+00:00] main.DEBUG: cache_invalidate:  {"method":"GET","url":"http:/","invalidateInfo":{"tags":["EAV","MAGE"],"mode":"matchingTag"}} []
[2026-09-24T07:13:28.674459+00:00] main.DEBUG: cache_invalidate:  {"method":"GET","url":"http:/","invalidateInfo":{"tags":["EAV_ATTRIBUTE","MAGE"],"mode":"matchingTag"}} []
[2026-09-24T07:13:28.674482+00:00] main.DEBUG: cache_invalidate:  {"method":"GET","url":"http:/","invalidateInfo":{"tags":["EAV","EAV_ATTRIBUTE"],"mode":"matchingAnyTag"}} []
[2026-09-24T07:13:28.674674+00:00] main.DEBUG: cache_invalidate:  {"method":"GET","url":"http:/","invalidateInfo":{"tags":["EAV","MAGE"],"mode":"matchingTag"}} []
[2026-09-24T07:13:28.674862+00:00] main.DEBUG: cache_invalidate:  {"method":"GET","url":"http:/","invalidateInfo":{"tags":["EAV_ATTRIBUTE","MAGE"],"mode":"matchingTag"}} []
[2026-09-24T07:13:28.674891+00:00] main.DEBUG: cache_invalidate:  {"method":"GET","url":"http:/","invalidateInfo":{"tags":["EAV","EAV_ATTRIBUTE"],"mode":"matchingAnyTag"}} []
[2026-09-24T07:13:28.675045+00:00] main.DEBUG: cache_invalidate:  {"method":"GET","url":"http:/","invalidateInfo":{"tags":["EAV_ATTRIBUTE","MAGE"],"mode":"matchingTag"}} []
[2026-09-24T07:13:28.675067+00:00] main.DEBUG: cache_invalidate:  {"method":"GET","url":"http:/","invalidateInfo":{"tags":["EAV_ATTRIBUTE"],"mode":"matchingAnyTag"}} []
[2026-09-24T07:13:28.675424+00:00] main.DEBUG: cache_invalidate:  {"method":"GET","url":"http:/","invalidateInfo":{"tags":["EAV_ATTRIBUTE_32","FPC","MAGE"],"mode":"matchingTag"}} []
[2026-09-24T07:13:28.675450+00:00] main.DEBUG: cache_invalidate:  {"method":"GET","url":"http:/","invalidateInfo":{"tags":["EAV_ATTRIBUTE_32","FPC"],"mode":"matchingTag"}} []
[2026-09-24T07:13:28.675504+00:00] main.DEBUG: cache_invalidate:  {"method":"GET","url":"http:/","invalidateInfo":{"tags":["EAV_ENTITY_TYPES_CUSTOMER_ADDRESS_ENTITY","FPC","MAGE"],"mode":"matchingTag"}} []
[2026-09-24T07:13:28.675527+00:00] main.DEBUG: cache_invalidate:  {"method":"GET","url":"http:/","invalidateInfo":{"tags":["EAV_ENTITY_TYPES_CUSTOMER_ADDRESS_ENTITY","FPC"],"mode":"matchingTag"}} []
[2026-09-24T07:13:28.675601+00:00] main.DEBUG: cache_invalidate:  {"method":"GET","url":"http:/","invalidateInfo":{"tags":["EAV_FORM_adminhtml_customer_address_FORM","FPC","MAGE"],"mode":"matchingTag"}} []
[2026-09-24T07:13:28.675623+00:00] main.DEBUG: cache_invalidate:  {"method":"GET","url":"http:/","invalidateInfo":{"tags":["EAV_FORM_adminhtml_customer_address_FORM","FPC"],"mode":"matchingTag"}} []
[2026-09-24T07:13:28.675680+00:00] main.DEBUG: cache_invalidate:  {"method":"GET","url":"http:/","invalidateInfo":{"tags":["EAV_FORM_customer_address_edit_FORM","FPC","MAGE"],"mode":"matchingTag"}} []
[2026-09-24T07:13:28.675701+00:00] main.DEBUG: cache_invalidate:  {"method":"GET","url":"http:/","invalidateInfo":{"tags":["EAV_FORM_customer_address_edit_FORM","FPC"],"mode":"matchingTag"}} []
[2026-09-24T07:13:28.675751+00:00] main.DEBUG: cache_invalidate:  {"method":"GET","url":"http:/","invalidateInfo":{"tags":["EAV_FORM_customer_register_address_FORM","FPC","MAGE"],"mode":"matchingTag"}} []
[2026-09-24T07:13:28.675773+00:00] main.DEBUG: cache_invalidate:  {"method":"GET","url":"http:/","invalidateInfo":{"tags":["EAV_FORM_customer_register_address_FORM","FPC"],"mode":"matchingTag"}} []
[2026-09-24T07:13:28.675846+00:00] main.DEBUG: cache_invalidate:  {"method":"GET","url":"http:/","invalidateInfo":{"tags":["EAV_ATTRIBUTE_customer_address_region_id","FPC","MAGE"],"mode":"matchingTag"}} []
[2026-09-24T07:13:28.675891+00:00] main.DEBUG: cache_invalidate:  {"method":"GET","url":"http:/","invalidateInfo":{"tags":["EAV_ATTRIBUTE_customer_address_region_id","FPC"],"mode":"matchingTag"}} []
[2026-09-24T07:13:28.677655+00:00] main.DEBUG: cache_invalidate:  {"method":"GET","url":"http:/","invalidateInfo":{"tags":["EAV","MAGE"],"mode":"matchingTag"}} []
[2026-09-24T07:13:28.677817+00:00] main.DEBUG: cache_invalidate:  {"method":"GET","url":"http:/","invalidateInfo":{"tags":["EAV_ATTRIBUTE","MAGE"],"mode":"matchingTag"}} []
[2026-09-24T07:13:28.677841+00:00] main.DEBUG: cache_invalidate:  {"method":"GET","url":"http:/","invalidateInfo":{"tags":["EAV","EAV_ATTRIBUTE"],"mode":"matchingAnyTag"}} []
[2026-09-24T07:13:28.678280+00:00] main.DEBUG: cache_invalidate:  {"method":"GET","url":"http:/","invalidateInfo":{"tags":["EAV","MAGE"],"mode":"matchingTag"}} []
[2026-09-24T07:13:28.678526+00:00] main.DEBUG: cache_invalidate:  {"method":"GET","url":"http:/","invalidateInfo":{"tags":["EAV_ATTRIBUTE","MAGE"],"mode":"matchingTag"}} []
[2026-09-24T07:13:28.678571+00:00] main.DEBUG: cache_invalidate:  {"method":"GET","url":"http:/","invalidateInfo":{"tags":["EAV","EAV_ATTRIBUTE"],"mode":"matchingAnyTag"}} []
[2026-09-24T07:13:28.678810+00:00] main.DEBUG: cache_invalidate:  {"method":"GET","url":"http:/","invalidateInfo":{"tags":["EAV","MAGE"],"mode":"matchingTag"}} []
[2026-09-24T07:13:28.679052+00:00] main.DEBUG: cache_invalidate:  {"method":"GET","url":"http:/","invalidateInfo":{"tags":["EAV_ATTRIBUTE","MAGE"],"mode":"matchingTag"}} []
[2026-09-24T07:13:28.679100+00:00] main.DEBUG: cache_invalidate:  {"method":"GET","url":"http:/","invalidateInfo":{"tags":["EAV","EAV_ATTRIBUTE"],"mode":"matchingAnyTag"}} []
[2026-09-24T07:13:28.679348+00:00] main.DEBUG: cache_invalidate:  {"method":"GET","url":"http:/","invalidateInfo":{"tags":["EAV_ATTRIBUTE","MAGE"],"mode":"matchingTag"}} []
[2026-09-24T07:13:28.679377+00:00] main.DEBUG: cache_invalidate:  {"method":"GET","url":"http:/","invalidateInfo":{"tags":["EAV_ATTRIBUTE"],"mode":"matchingAnyTag"}} []
[2026-09-24T07:13:28.679875+00:00] main.DEBUG: cache_invalidate:  {"method":"GET","url":"http:/","invalidateInfo":{"tags":["EAV_ATTRIBUTE_29","FPC","MAGE"],"mode":"matchingTag"}} []
[2026-09-24T07:13:28.679910+00:00] main.DEBUG: cache_invalidate:  {"method":"GET","url":"http:/","invalidateInfo":{"tags":["EAV_ATTRIBUTE_29","FPC"],"mode":"matchingTag"}} []
[2026-09-24T07:13:28.679997+00:00] main.DEBUG: cache_invalidate:  {"method":"GET","url":"http:/","invalidateInfo":{"tags":["EAV_ENTITY_TYPES_CUSTOMER_ADDRESS_ENTITY","FPC","MAGE"],"mode":"matchingTag"}} []
[2026-09-24T07:13:28.680027+00:00] main.DEBUG: cache_invalidate:  {"method":"GET","url":"http:/","invalidateInfo":{"tags":["EAV_ENTITY_TYPES_CUSTOMER_ADDRESS_ENTITY","FPC"],"mode":"matchingTag"}} []
[2026-09-24T07:13:28.680112+00:00] main.DEBUG: cache_invalidate:  {"method":"GET","url":"http:/","invalidateInfo":{"tags":["EAV_FORM_adminhtml_customer_address_FORM","FPC","MAGE"],"mode":"matchingTag"}} []
[2026-09-24T07:13:28.680143+00:00] main.DEBUG: cache_invalidate:  {"method":"GET","url":"http:/","invalidateInfo":{"tags":["EAV_FORM_adminhtml_customer_address_FORM","FPC"],"mode":"matchingTag"}} []
[2026-09-24T07:13:28.680225+00:00] main.DEBUG: cache_invalidate:  {"method":"GET","url":"http:/","invalidateInfo":{"tags":["EAV_FORM_customer_address_edit_FORM","FPC","MAGE"],"mode":"matchingTag"}} []
[2026-09-24T07:13:28.680253+00:00] main.DEBUG: cache_invalidate:  {"method":"GET","url":"http:/","invalidateInfo":{"tags":["EAV_FORM_customer_address_edit_FORM","FPC"],"mode":"matchingTag"}} []
[2026-09-24T07:13:28.680336+00:00] main.DEBUG: cache_invalidate:  {"method":"GET","url":"http:/","invalidateInfo":{"tags":["EAV_FORM_customer_register_address_FORM","FPC","MAGE"],"mode":"matchingTag"}} []
[2026-09-24T07:13:28.680364+00:00] main.DEBUG: cache_invalidate:  {"method":"GET","url":"http:/","invalidateInfo":{"tags":["EAV_FORM_customer_register_address_FORM","FPC"],"mode":"matchingTag"}} []
[2026-09-24T07:13:28.680444+00:00] main.DEBUG: cache_invalidate:  {"method":"GET","url":"http:/","invalidateInfo":{"tags":["EAV_ATTRIBUTE_customer_address_city","FPC","MAGE"],"mode":"matchingTag"}} []
[2026-09-24T07:13:28.680472+00:00] main.DEBUG: cache_invalidate:  {"method":"GET","url":"http:/","invalidateInfo":{"tags":["EAV_ATTRIBUTE_customer_address_city","FPC"],"mode":"matchingTag"}} []
[2026-09-24T07:13:28.681201+00:00] main.DEBUG: cache_invalidate:  {"method":"GET","url":"http:/","invalidateInfo":{"tags":["EAV_ATTRIBUTE_30","FPC","MAGE"],"mode":"matchingTag"}} []
[2026-09-24T07:13:28.681234+00:00] main.DEBUG: cache_invalidate:  {"method":"GET","url":"http:/","invalidateInfo":{"tags":["EAV_ATTRIBUTE_30","FPC"],"mode":"matchingTag"}} []
[2026-09-24T07:13:28.681318+00:00] main.DEBUG: cache_invalidate:  {"method":"GET","url":"http:/","invalidateInfo":{"tags":["EAV_ATTRIBUTE_customer_address_country_id","FPC","MAGE"],"mode":"matchingTag"}} []
[2026-09-24T07:13:28.681347+00:00] main.DEBUG: cache_invalidate:  {"method":"GET","url":"http:/","invalidateInfo":{"tags":["EAV_ATTRIBUTE_customer_address_country_id","FPC"],"mode":"matchingTag"}} []
[2026-09-24T07:13:28.681658+00:00] main.DEBUG: cache_invalidate:  {"method":"GET","url":"http:/","invalidateInfo":{"tags":["EAV_ATTRIBUTE_31","FPC","MAGE"],"mode":"matchingTag"}} []
[2026-09-24T07:13:28.681690+00:00] main.DEBUG: cache_invalidate:  {"method":"GET","url":"http:/","invalidateInfo":{"tags":["EAV_ATTRIBUTE_31","FPC"],"mode":"matchingTag"}} []
[2026-09-24T07:13:28.681776+00:00] main.DEBUG: cache_invalidate:  {"method":"GET","url":"http:/","invalidateInfo":{"tags":["EAV_ATTRIBUTE_customer_address_region","FPC","MAGE"],"mode":"matchingTag"}} []
[2026-09-24T07:13:28.681805+00:00] main.DEBUG: cache_invalidate:  {"method":"GET","url":"http:/","invalidateInfo":{"tags":["EAV_ATTRIBUTE_customer_address_region","FPC"],"mode":"matchingTag"}} []
[2026-09-24T07:13:28.682078+00:00] main.DEBUG: cache_invalidate:  {"method":"GET","url":"http:/","invalidateInfo":{"tags":["EAV_ATTRIBUTE_32","FPC","MAGE"],"mode":"matchingTag"}} []
[2026-09-24T07:13:28.682110+00:00] main.DEBUG: cache_invalidate:  {"method":"GET","url":"http:/","invalidateInfo":{"tags":["EAV_ATTRIBUTE_32","FPC"],"mode":"matchingTag"}} []
[2026-09-24T07:13:28.682167+00:00] main.DEBUG: cache_invalidate:  {"method":"GET","url":"http:/","invalidateInfo":{"tags":["EAV_ATTRIBUTE_customer_address_region_id","FPC","MAGE"],"mode":"matchingTag"}} []
[2026-09-24T07:13:28.682191+00:00] main.DEBUG: cache_invalidate:  {"method":"GET","url":"http:/","invalidateInfo":{"tags":["EAV_ATTRIBUTE_customer_address_region_id","FPC"],"mode":"matchingTag"}} []
[2026-09-24T07:13:28.682383+00:00] main.DEBUG: cache_invalidate:  {"method":"GET","url":"http:/","invalidateInfo":{"tags":["EAV_ATTRIBUTE_29","FPC","MAGE"],"mode":"matchingTag"}} []
[2026-09-24T07:13:28.682406+00:00] main.DEBUG: cache_invalidate:  {"method":"GET","url":"http:/","invalidateInfo":{"tags":["EAV_ATTRIBUTE_29","FPC"],"mode":"matchingTag"}} []
[2026-09-24T07:13:28.682458+00:00] main.DEBUG: cache_invalidate:  {"method":"GET","url":"http:/","invalidateInfo":{"tags":["EAV_ATTRIBUTE_customer_address_city","FPC","MAGE"],"mode":"matchingTag"}} []
[2026-09-24T07:13:28.682482+00:00] main.DEBUG: cache_invalidate:  {"method":"GET","url":"http:/","invalidateInfo":{"tags":["EAV_ATTRIBUTE_customer_address_city","FPC"],"mode":"matchingTag"}} []
[2026-09-24T07:13:28.685101+00:00] main.DEBUG: cache_invalidate:  {"method":"GET","url":"http:/","invalidateInfo":{"tags":["EAV","MAGE"],"mode":"matchingTag"}} []
[2026-09-24T07:13:28.685271+00:00] main.DEBUG: cache_invalidate:  {"method":"GET","url":"http:/","invalidateInfo":{"tags":["EAV_ATTRIBUTE","MAGE"],"mode":"matchingTag"}} []
[2026-09-24T07:13:28.685298+00:00] main.DEBUG: cache_invalidate:  {"method":"GET","url":"http:/","invalidateInfo":{"tags":["EAV","EAV_ATTRIBUTE"],"mode":"matchingAnyTag"}} []
[2026-09-24T07:13:28.685652+00:00] main.DEBUG: cache_invalidate:  {"method":"GET","url":"http:/","invalidateInfo":{"tags":["EAV","MAGE"],"mode":"matchingTag"}} []
[2026-09-24T07:13:28.685843+00:00] main.DEBUG: cache_invalidate:  {"method":"GET","url":"http:/","invalidateInfo":{"tags":["EAV_ATTRIBUTE","MAGE"],"mode":"matchingTag"}} []
[2026-09-24T07:13:28.685874+00:00] main.DEBUG: cache_invalidate:  {"method":"GET","url":"http:/","invalidateInfo":{"tags":["EAV","EAV_ATTRIBUTE"],"mode":"matchingAnyTag"}} []
[2026-09-24T07:13:28.686056+00:00] main.DEBUG: cache_invalidate:  {"method":"GET","url":"http:/","invalidateInfo":{"tags":["EAV","MAGE"],"mode":"matchingTag"}} []
[2026-09-24T07:13:28.686212+00:00] main.DEBUG: cache_invalidate:  {"method":"GET","url":"http:/","invalidateInfo":{"tags":["EAV_ATTRIBUTE","MAGE"],"mode":"matchingTag"}} []
[2026-09-24T07:13:28.686235+00:00] main.DEBUG: cache_invalidate:  {"method":"GET","url":"http:/","invalidateInfo":{"tags":["EAV","EAV_ATTRIBUTE"],"mode":"matchingAnyTag"}} []
[2026-09-24T07:13:28.686388+00:00] main.DEBUG: cache_invalidate:  {"method":"GET","url":"http:/","invalidateInfo":{"tags":["EAV_ATTRIBUTE","MAGE"],"mode":"matchingTag"}} []
[2026-09-24T07:13:28.686410+00:00] main.DEBUG: cache_invalidate:  {"method":"GET","url":"http:/","invalidateInfo":{"tags":["EAV_ATTRIBUTE"],"mode":"matchingAnyTag"}} []
[2026-09-24T07:13:28.686816+00:00] main.DEBUG: cache_invalidate:  {"method":"GET","url":"http:/","invalidateInfo":{"tags":["EAV_ATTRIBUTE_23","FPC","MAGE"],"mode":"matchingTag"}} []
[2026-09-24T07:13:28.686851+00:00] main.DEBUG: cache_invalidate:  {"method":"GET","url":"http:/","invalidateInfo":{"tags":["EAV_ATTRIBUTE_23","FPC"],"mode":"matchingTag"}} []
[2026-09-24T07:13:28.686914+00:00] main.DEBUG: cache_invalidate:  {"method":"GET","url":"http:/","invalidateInfo":{"tags":["EAV_ENTITY_TYPES_CUSTOMER_ADDRESS_ENTITY","FPC","MAGE"],"mode":"matchingTag"}} []
[2026-09-24T07:13:28.686937+00:00] main.DEBUG: cache_invalidate:  {"method":"GET","url":"http:/","invalidateInfo":{"tags":["EAV_ENTITY_TYPES_CUSTOMER_ADDRESS_ENTITY","FPC"],"mode":"matchingTag"}} []
[2026-09-24T07:13:28.686991+00:00] main.DEBUG: cache_invalidate:  {"method":"GET","url":"http:/","invalidateInfo":{"tags":["EAV_FORM_adminhtml_customer_address_FORM","FPC","MAGE"],"mode":"matchingTag"}} []
[2026-09-24T07:13:28.687013+00:00] main.DEBUG: cache_invalidate:  {"method":"GET","url":"http:/","invalidateInfo":{"tags":["EAV_FORM_adminhtml_customer_address_FORM","FPC"],"mode":"matchingTag"}} []
[2026-09-24T07:13:28.687064+00:00] main.DEBUG: cache_invalidate:  {"method":"GET","url":"http:/","invalidateInfo":{"tags":["EAV_FORM_customer_address_edit_FORM","FPC","MAGE"],"mode":"matchingTag"}} []
[2026-09-24T07:13:28.687086+00:00] main.DEBUG: cache_invalidate:  {"method":"GET","url":"http:/","invalidateInfo":{"tags":["EAV_FORM_customer_address_edit_FORM","FPC"],"mode":"matchingTag"}} []
[2026-09-24T07:13:28.687137+00:00] main.DEBUG: cache_invalidate:  {"method":"GET","url":"http:/","invalidateInfo":{"tags":["EAV_FORM_customer_register_address_FORM","FPC","MAGE"],"mode":"matchingTag"}} []
[2026-09-24T07:13:28.687158+00:00] main.DEBUG: cache_invalidate:  {"method":"GET","url":"http:/","invalidateInfo":{"tags":["EAV_FORM_customer_register_address_FORM","FPC"],"mode":"matchingTag"}} []
[2026-09-24T07:13:28.687213+00:00] main.DEBUG: cache_invalidate:  {"method":"GET","url":"http:/","invalidateInfo":{"tags":["EAV_ATTRIBUTE_customer_address_firstname","FPC","MAGE"],"mode":"matchingTag"}} []
[2026-09-24T07:13:28.687233+00:00] main.DEBUG: cache_invalidate:  {"method":"GET","url":"http:/","invalidateInfo":{"tags":["EAV_ATTRIBUTE_customer_address_firstname","FPC"],"mode":"matchingTag"}} []
[2026-09-24T07:13:28.689104+00:00] main.DEBUG: cache_invalidate:  {"method":"GET","url":"http:/","invalidateInfo":{"tags":["EAV","MAGE"],"mode":"matchingTag"}} []
[2026-09-24T07:13:28.689269+00:00] main.DEBUG: cache_invalidate:  {"method":"GET","url":"http:/","invalidateInfo":{"tags":["EAV_ATTRIBUTE","MAGE"],"mode":"matchingTag"}} []
[2026-09-24T07:13:28.689294+00:00] main.DEBUG: cache_invalidate:  {"method":"GET","url":"http:/","invalidateInfo":{"tags":["EAV","EAV_ATTRIBUTE"],"mode":"matchingAnyTag"}} []
[2026-09-24T07:13:28.689651+00:00] main.DEBUG: cache_invalidate:  {"method":"GET","url":"http:/","invalidateInfo":{"tags":["EAV","MAGE"],"mode":"matchingTag"}} []
[2026-09-24T07:13:28.689814+00:00] main.DEBUG: cache_invalidate:  {"method":"GET","url":"http:/","invalidateInfo":{"tags":["EAV_ATTRIBUTE","MAGE"],"mode":"matchingTag"}} []
[2026-09-24T07:13:28.689837+00:00] main.DEBUG: cache_invalidate:  {"method":"GET","url":"http:/","invalidateInfo":{"tags":["EAV","EAV_ATTRIBUTE"],"mode":"matchingAnyTag"}} []
[2026-09-24T07:13:28.689983+00:00] main.DEBUG: cache_invalidate:  {"method":"GET","url":"http:/","invalidateInfo":{"tags":["EAV","MAGE"],"mode":"matchingTag"}} []
[2026-09-24T07:13:28.690129+00:00] main.DEBUG: cache_invalidate:  {"method":"GET","url":"http:/","invalidateInfo":{"tags":["EAV_ATTRIBUTE","MAGE"],"mode":"matchingTag"}} []
[2026-09-24T07:13:28.690151+00:00] main.DEBUG: cache_invalidate:  {"method":"GET","url":"http:/","invalidateInfo":{"tags":["EAV","EAV_ATTRIBUTE"],"mode":"matchingAnyTag"}} []
[2026-09-24T07:13:28.690302+00:00] main.DEBUG: cache_invalidate:  {"method":"GET","url":"http:/","invalidateInfo":{"tags":["EAV_ATTRIBUTE","MAGE"],"mode":"matchingTag"}} []
[2026-09-24T07:13:28.690323+00:00] main.DEBUG: cache_invalidate:  {"method":"GET","url":"http:/","invalidateInfo":{"tags":["EAV_ATTRIBUTE"],"mode":"matchingAnyTag"}} []
[2026-09-24T07:13:28.690708+00:00] main.DEBUG: cache_invalidate:  {"method":"GET","url":"http:/","invalidateInfo":{"tags":["EAV_ATTRIBUTE_25","FPC","MAGE"],"mode":"matchingTag"}} []
[2026-09-24T07:13:28.690736+00:00] main.DEBUG: cache_invalidate:  {"method":"GET","url":"http:/","invalidateInfo":{"tags":["EAV_ATTRIBUTE_25","FPC"],"mode":"matchingTag"}} []
[2026-09-24T07:13:28.690792+00:00] main.DEBUG: cache_invalidate:  {"method":"GET","url":"http:/","invalidateInfo":{"tags":["EAV_ENTITY_TYPES_CUSTOMER_ADDRESS_ENTITY","FPC","MAGE"],"mode":"matchingTag"}} []
[2026-09-24T07:13:28.690814+00:00] main.DEBUG: cache_invalidate:  {"method":"GET","url":"http:/","invalidateInfo":{"tags":["EAV_ENTITY_TYPES_CUSTOMER_ADDRESS_ENTITY","FPC"],"mode":"matchingTag"}} []
[2026-09-24T07:13:28.690866+00:00] main.DEBUG: cache_invalidate:  {"method":"GET","url":"http:/","invalidateInfo":{"tags":["EAV_FORM_adminhtml_customer_address_FORM","FPC","MAGE"],"mode":"matchingTag"}} []
[2026-09-24T07:13:28.690887+00:00] main.DEBUG: cache_invalidate:  {"method":"GET","url":"http:/","invalidateInfo":{"tags":["EAV_FORM_adminhtml_customer_address_FORM","FPC"],"mode":"matchingTag"}} []
[2026-09-24T07:13:28.690938+00:00] main.DEBUG: cache_invalidate:  {"method":"GET","url":"http:/","invalidateInfo":{"tags":["EAV_FORM_customer_address_edit_FORM","FPC","MAGE"],"mode":"matchingTag"}} []
[2026-09-24T07:13:28.690959+00:00] main.DEBUG: cache_invalidate:  {"method":"GET","url":"http:/","invalidateInfo":{"tags":["EAV_FORM_customer_address_edit_FORM","FPC"],"mode":"matchingTag"}} []
[2026-09-24T07:13:28.691010+00:00] main.DEBUG: cache_invalidate:  {"method":"GET","url":"http:/","invalidateInfo":{"tags":["EAV_FORM_customer_register_address_FORM","FPC","MAGE"],"mode":"matchingTag"}} []
[2026-09-24T07:13:28.691033+00:00] main.DEBUG: cache_invalidate:  {"method":"GET","url":"http:/","invalidateInfo":{"tags":["EAV_FORM_customer_register_address_FORM","FPC"],"mode":"matchingTag"}} []
[2026-09-24T07:13:28.691083+00:00] main.DEBUG: cache_invalidate:  {"method":"GET","url":"http:/","invalidateInfo":{"tags":["EAV_ATTRIBUTE_customer_address_lastname","FPC","MAGE"],"mode":"matchingTag"}} []
[2026-09-24T07:13:28.691104+00:00] main.DEBUG: cache_invalidate:  {"method":"GET","url":"http:/","invalidateInfo":{"tags":["EAV_ATTRIBUTE_customer_address_lastname","FPC"],"mode":"matchingTag"}} []
[2026-09-24T07:13:28.693050+00:00] main.DEBUG: cache_invalidate:  {"method":"GET","url":"http:/","invalidateInfo":{"tags":["EAV","MAGE"],"mode":"matchingTag"}} []
[2026-09-24T07:13:28.693211+00:00] main.DEBUG: cache_invalidate:  {"method":"GET","url":"http:/","invalidateInfo":{"tags":["EAV_ATTRIBUTE","MAGE"],"mode":"matchingTag"}} []
[2026-09-24T07:13:28.693235+00:00] main.DEBUG: cache_invalidate:  {"method":"GET","url":"http:/","invalidateInfo":{"tags":["EAV","EAV_ATTRIBUTE"],"mode":"matchingAnyTag"}} []
[2026-09-24T07:13:28.693588+00:00] main.DEBUG: cache_invalidate:  {"method":"GET","url":"http:/","invalidateInfo":{"tags":["EAV","MAGE"],"mode":"matchingTag"}} []
[2026-09-24T07:13:28.693778+00:00] main.DEBUG: cache_invalidate:  {"method":"GET","url":"http:/","invalidateInfo":{"tags":["EAV_ATTRIBUTE","MAGE"],"mode":"matchingTag"}} []
[2026-09-24T07:13:28.693804+00:00] main.DEBUG: cache_invalidate:  {"method":"GET","url":"http:/","invalidateInfo":{"tags":["EAV","EAV_ATTRIBUTE"],"mode":"matchingAnyTag"}} []
[2026-09-24T07:13:28.693956+00:00] main.DEBUG: cache_invalidate:  {"method":"GET","url":"http:/","invalidateInfo":{"tags":["EAV","MAGE"],"mode":"matchingTag"}} []
[2026-09-24T07:13:28.694106+00:00] main.DEBUG: cache_invalidate:  {"method":"GET","url":"http:/","invalidateInfo":{"tags":["EAV_ATTRIBUTE","MAGE"],"mode":"matchingTag"}} []
[2026-09-24T07:13:28.694128+00:00] main.DEBUG: cache_invalidate:  {"method":"GET","url":"http:/","invalidateInfo":{"tags":["EAV","EAV_ATTRIBUTE"],"mode":"matchingAnyTag"}} []
[2026-09-24T07:13:28.694282+00:00] main.DEBUG: cache_invalidate:  {"method":"GET","url":"http:/","invalidateInfo":{"tags":["EAV_ATTRIBUTE","MAGE"],"mode":"matchingTag"}} []
[2026-09-24T07:13:28.694304+00:00] main.DEBUG: cache_invalidate:  {"method":"GET","url":"http:/","invalidateInfo":{"tags":["EAV_ATTRIBUTE"],"mode":"matchingAnyTag"}} []
[2026-09-24T07:13:28.694685+00:00] main.DEBUG: cache_invalidate:  {"method":"GET","url":"http:/","invalidateInfo":{"tags":["EAV_ATTRIBUTE_24","FPC","MAGE"],"mode":"matchingTag"}} []
[2026-09-24T07:13:28.694713+00:00] main.DEBUG: cache_invalidate:  {"method":"GET","url":"http:/","invalidateInfo":{"tags":["EAV_ATTRIBUTE_24","FPC"],"mode":"matchingTag"}} []
[2026-09-24T07:13:28.694768+00:00] main.DEBUG: cache_invalidate:  {"method":"GET","url":"http:/","invalidateInfo":{"tags":["EAV_ENTITY_TYPES_CUSTOMER_ADDRESS_ENTITY","FPC","MAGE"],"mode":"matchingTag"}} []
[2026-09-24T07:13:28.694791+00:00] main.DEBUG: cache_invalidate:  {"method":"GET","url":"http:/","invalidateInfo":{"tags":["EAV_ENTITY_TYPES_CUSTOMER_ADDRESS_ENTITY","FPC"],"mode":"matchingTag"}} []
[2026-09-24T07:13:28.694843+00:00] main.DEBUG: cache_invalidate:  {"method":"GET","url":"http:/","invalidateInfo":{"tags":["EAV_FORM_adminhtml_customer_address_FORM","FPC","MAGE"],"mode":"matchingTag"}} []
[2026-09-24T07:13:28.694864+00:00] main.DEBUG: cache_invalidate:  {"method":"GET","url":"http:/","invalidateInfo":{"tags":["EAV_FORM_adminhtml_customer_address_FORM","FPC"],"mode":"matchingTag"}} []
[2026-09-24T07:13:28.694915+00:00] main.DEBUG: cache_invalidate:  {"method":"GET","url":"http:/","invalidateInfo":{"tags":["EAV_FORM_customer_address_edit_FORM","FPC","MAGE"],"mode":"matchingTag"}} []
[2026-09-24T07:13:28.694936+00:00] main.DEBUG: cache_invalidate:  {"method":"GET","url":"http:/","invalidateInfo":{"tags":["EAV_FORM_customer_address_edit_FORM","FPC"],"mode":"matchingTag"}} []
[2026-09-24T07:13:28.694987+00:00] main.DEBUG: cache_invalidate:  {"method":"GET","url":"http:/","invalidateInfo":{"tags":["EAV_FORM_customer_register_address_FORM","FPC","MAGE"],"mode":"matchingTag"}} []
[2026-09-24T07:13:28.695010+00:00] main.DEBUG: cache_invalidate:  {"method":"GET","url":"http:/","invalidateInfo":{"tags":["EAV_FORM_customer_register_address_FORM","FPC"],"mode":"matchingTag"}} []
[2026-09-24T07:13:28.695061+00:00] main.DEBUG: cache_invalidate:  {"method":"GET","url":"http:/","invalidateInfo":{"tags":["EAV_ATTRIBUTE_customer_address_middlename","FPC","MAGE"],"mode":"matchingTag"}} []
[2026-09-24T07:13:28.695082+00:00] main.DEBUG: cache_invalidate:  {"method":"GET","url":"http:/","invalidateInfo":{"tags":["EAV_ATTRIBUTE_customer_address_middlename","FPC"],"mode":"matchingTag"}} []
[2026-09-24T07:13:28.697123+00:00] main.DEBUG: cache_invalidate:  {"method":"GET","url":"http:/","invalidateInfo":{"tags":["EAV","MAGE"],"mode":"matchingTag"}} []
[2026-09-24T07:13:28.697286+00:00] main.DEBUG: cache_invalidate:  {"method":"GET","url":"http:/","invalidateInfo":{"tags":["EAV_ATTRIBUTE","MAGE"],"mode":"matchingTag"}} []
[2026-09-24T07:13:28.697310+00:00] main.DEBUG: cache_invalidate:  {"method":"GET","url":"http:/","invalidateInfo":{"tags":["EAV","EAV_ATTRIBUTE"],"mode":"matchingAnyTag"}} []
[2026-09-24T07:13:28.697689+00:00] main.DEBUG: cache_invalidate:  {"method":"GET","url":"http:/","invalidateInfo":{"tags":["EAV","MAGE"],"mode":"matchingTag"}} []
[2026-09-24T07:13:28.697937+00:00] main.DEBUG: cache_invalidate:  {"method":"GET","url":"http:/","invalidateInfo":{"tags":["EAV_ATTRIBUTE","MAGE"],"mode":"matchingTag"}} []
[2026-09-24T07:13:28.697968+00:00] main.DEBUG: cache_invalidate:  {"method":"GET","url":"http:/","invalidateInfo":{"tags":["EAV","EAV_ATTRIBUTE"],"mode":"matchingAnyTag"}} []
[2026-09-24T07:13:28.698211+00:00] main.DEBUG: cache_invalidate:  {"method":"GET","url":"http:/","invalidateInfo":{"tags":["EAV","MAGE"],"mode":"matchingTag"}} []
[2026-09-24T07:13:28.698455+00:00] main.DEBUG: cache_invalidate:  {"method":"GET","url":"http:/","invalidateInfo":{"tags":["EAV_ATTRIBUTE","MAGE"],"mode":"matchingTag"}} []
[2026-09-24T07:13:28.698484+00:00] main.DEBUG: cache_invalidate:  {"method":"GET","url":"http:/","invalidateInfo":{"tags":["EAV","EAV_ATTRIBUTE"],"mode":"matchingAnyTag"}} []
[2026-09-24T07:13:28.698728+00:00] main.DEBUG: cache_invalidate:  {"method":"GET","url":"http:/","invalidateInfo":{"tags":["EAV_ATTRIBUTE","MAGE"],"mode":"matchingTag"}} []
[2026-09-24T07:13:28.698759+00:00] main.DEBUG: cache_invalidate:  {"method":"GET","url":"http:/","invalidateInfo":{"tags":["EAV_ATTRIBUTE"],"mode":"matchingAnyTag"}} []
[2026-09-24T07:13:28.699226+00:00] main.DEBUG: cache_invalidate:  {"method":"GET","url":"http:/","invalidateInfo":{"tags":["EAV_ATTRIBUTE_5","FPC","MAGE"],"mode":"matchingTag"}} []
[2026-09-24T07:13:28.699258+00:00] main.DEBUG: cache_invalidate:  {"method":"GET","url":"http:/","invalidateInfo":{"tags":["EAV_ATTRIBUTE_5","FPC"],"mode":"matchingTag"}} []
[2026-09-24T07:13:28.699341+00:00] main.DEBUG: cache_invalidate:  {"method":"GET","url":"http:/","invalidateInfo":{"tags":["EAV_ENTITY_TYPES_CUSTOMER_ENTITY","FPC","MAGE"],"mode":"matchingTag"}} []
[2026-09-24T07:13:28.699371+00:00] main.DEBUG: cache_invalidate:  {"method":"GET","url":"http:/","invalidateInfo":{"tags":["EAV_ENTITY_TYPES_CUSTOMER_ENTITY","FPC"],"mode":"matchingTag"}} []
[2026-09-24T07:13:28.699453+00:00] main.DEBUG: cache_invalidate:  {"method":"GET","url":"http:/","invalidateInfo":{"tags":["EAV_FORM_adminhtml_customer_FORM","FPC","MAGE"],"mode":"matchingTag"}} []
[2026-09-24T07:13:28.699481+00:00] main.DEBUG: cache_invalidate:  {"method":"GET","url":"http:/","invalidateInfo":{"tags":["EAV_FORM_adminhtml_customer_FORM","FPC"],"mode":"matchingTag"}} []
[2026-09-24T07:13:28.699572+00:00] main.DEBUG: cache_invalidate:  {"method":"GET","url":"http:/","invalidateInfo":{"tags":["EAV_FORM_customer_account_create_FORM","FPC","MAGE"],"mode":"matchingTag"}} []
[2026-09-24T07:13:28.699601+00:00] main.DEBUG: cache_invalidate:  {"method":"GET","url":"http:/","invalidateInfo":{"tags":["EAV_FORM_customer_account_create_FORM","FPC"],"mode":"matchingTag"}} []
[2026-09-24T07:13:28.699684+00:00] main.DEBUG: cache_invalidate:  {"method":"GET","url":"http:/","invalidateInfo":{"tags":["EAV_FORM_customer_account_edit_FORM","FPC","MAGE"],"mode":"matchingTag"}} []
[2026-09-24T07:13:28.699712+00:00] main.DEBUG: cache_invalidate:  {"method":"GET","url":"http:/","invalidateInfo":{"tags":["EAV_FORM_customer_account_edit_FORM","FPC"],"mode":"matchingTag"}} []
[2026-09-24T07:13:28.699792+00:00] main.DEBUG: cache_invalidate:  {"method":"GET","url":"http:/","invalidateInfo":{"tags":["EAV_ATTRIBUTE_customer_firstname","FPC","MAGE"],"mode":"matchingTag"}} []
[2026-09-24T07:13:28.699819+00:00] main.DEBUG: cache_invalidate:  {"method":"GET","url":"http:/","invalidateInfo":{"tags":["EAV_ATTRIBUTE_customer_firstname","FPC"],"mode":"matchingTag"}} []
[2026-09-24T07:13:28.702383+00:00] main.DEBUG: cache_invalidate:  {"method":"GET","url":"http:/","invalidateInfo":{"tags":["EAV","MAGE"],"mode":"matchingTag"}} []
[2026-09-24T07:13:28.702653+00:00] main.DEBUG: cache_invalidate:  {"method":"GET","url":"http:/","invalidateInfo":{"tags":["EAV_ATTRIBUTE","MAGE"],"mode":"matchingTag"}} []
[2026-09-24T07:13:28.702684+00:00] main.DEBUG: cache_invalidate:  {"method":"GET","url":"http:/","invalidateInfo":{"tags":["EAV","EAV_ATTRIBUTE"],"mode":"matchingAnyTag"}} []
[2026-09-24T07:13:28.703153+00:00] main.DEBUG: cache_invalidate:  {"method":"GET","url":"http:/","invalidateInfo":{"tags":["EAV","MAGE"],"mode":"matchingTag"}} []
[2026-09-24T07:13:28.703404+00:00] main.DEBUG: cache_invalidate:  {"method":"GET","url":"http:/","invalidateInfo":{"tags":["EAV_ATTRIBUTE","MAGE"],"mode":"matchingTag"}} []
[2026-09-24T07:13:28.703435+00:00] main.DEBUG: cache_invalidate:  {"method":"GET","url":"http:/","invalidateInfo":{"tags":["EAV","EAV_ATTRIBUTE"],"mode":"matchingAnyTag"}} []
[2026-09-24T07:13:28.703697+00:00] main.DEBUG: cache_invalidate:  {"method":"GET","url":"http:/","invalidateInfo":{"tags":["EAV","MAGE"],"mode":"matchingTag"}} []
[2026-09-24T07:13:28.703960+00:00] main.DEBUG: cache_invalidate:  {"method":"GET","url":"http:/","invalidateInfo":{"tags":["EAV_ATTRIBUTE","MAGE"],"mode":"matchingTag"}} []
[2026-09-24T07:13:28.703990+00:00] main.DEBUG: cache_invalidate:  {"method":"GET","url":"http:/","invalidateInfo":{"tags":["EAV","EAV_ATTRIBUTE"],"mode":"matchingAnyTag"}} []
[2026-09-24T07:13:28.704246+00:00] main.DEBUG: cache_invalidate:  {"method":"GET","url":"http:/","invalidateInfo":{"tags":["EAV_ATTRIBUTE","MAGE"],"mode":"matchingTag"}} []
[2026-09-24T07:13:28.704275+00:00] main.DEBUG: cache_invalidate:  {"method":"GET","url":"http:/","invalidateInfo":{"tags":["EAV_ATTRIBUTE"],"mode":"matchingAnyTag"}} []
[2026-09-24T07:13:28.704745+00:00] main.DEBUG: cache_invalidate:  {"method":"GET","url":"http:/","invalidateInfo":{"tags":["EAV_ATTRIBUTE_7","FPC","MAGE"],"mode":"matchingTag"}} []
[2026-09-24T07:13:28.704778+00:00] main.DEBUG: cache_invalidate:  {"method":"GET","url":"http:/","invalidateInfo":{"tags":["EAV_ATTRIBUTE_7","FPC"],"mode":"matchingTag"}} []
[2026-09-24T07:13:28.704862+00:00] main.DEBUG: cache_invalidate:  {"method":"GET","url":"http:/","invalidateInfo":{"tags":["EAV_ENTITY_TYPES_CUSTOMER_ENTITY","FPC","MAGE"],"mode":"matchingTag"}} []
[2026-09-24T07:13:28.704891+00:00] main.DEBUG: cache_invalidate:  {"method":"GET","url":"http:/","invalidateInfo":{"tags":["EAV_ENTITY_TYPES_CUSTOMER_ENTITY","FPC"],"mode":"matchingTag"}} []
[2026-09-24T07:13:28.704972+00:00] main.DEBUG: cache_invalidate:  {"method":"GET","url":"http:/","invalidateInfo":{"tags":["EAV_FORM_adminhtml_customer_FORM","FPC","MAGE"],"mode":"matchingTag"}} []
[2026-09-24T07:13:28.704999+00:00] main.DEBUG: cache_invalidate:  {"method":"GET","url":"http:/","invalidateInfo":{"tags":["EAV_FORM_adminhtml_customer_FORM","FPC"],"mode":"matchingTag"}} []
[2026-09-24T07:13:28.705079+00:00] main.DEBUG: cache_invalidate:  {"method":"GET","url":"http:/","invalidateInfo":{"tags":["EAV_FORM_customer_account_create_FORM","FPC","MAGE"],"mode":"matchingTag"}} []
[2026-09-24T07:13:28.705112+00:00] main.DEBUG: cache_invalidate:  {"method":"GET","url":"http:/","invalidateInfo":{"tags":["EAV_FORM_customer_account_create_FORM","FPC"],"mode":"matchingTag"}} []
[2026-09-24T07:13:28.705192+00:00] main.DEBUG: cache_invalidate:  {"method":"GET","url":"http:/","invalidateInfo":{"tags":["EAV_FORM_customer_account_edit_FORM","FPC","MAGE"],"mode":"matchingTag"}} []
[2026-09-24T07:13:28.705219+00:00] main.DEBUG: cache_invalidate:  {"method":"GET","url":"http:/","invalidateInfo":{"tags":["EAV_FORM_customer_account_edit_FORM","FPC"],"mode":"matchingTag"}} []
[2026-09-24T07:13:28.705299+00:00] main.DEBUG: cache_invalidate:  {"method":"GET","url":"http:/","invalidateInfo":{"tags":["EAV_ATTRIBUTE_customer_lastname","FPC","MAGE"],"mode":"matchingTag"}} []
[2026-09-24T07:13:28.705326+00:00] main.DEBUG: cache_invalidate:  {"method":"GET","url":"http:/","invalidateInfo":{"tags":["EAV_ATTRIBUTE_customer_lastname","FPC"],"mode":"matchingTag"}} []
[2026-09-24T07:13:28.707921+00:00] main.DEBUG: cache_invalidate:  {"method":"GET","url":"http:/","invalidateInfo":{"tags":["EAV","MAGE"],"mode":"matchingTag"}} []
[2026-09-24T07:13:28.708182+00:00] main.DEBUG: cache_invalidate:  {"method":"GET","url":"http:/","invalidateInfo":{"tags":["EAV_ATTRIBUTE","MAGE"],"mode":"matchingTag"}} []
[2026-09-24T07:13:28.708213+00:00] main.DEBUG: cache_invalidate:  {"method":"GET","url":"http:/","invalidateInfo":{"tags":["EAV","EAV_ATTRIBUTE"],"mode":"matchingAnyTag"}} []
[2026-09-24T07:13:28.708719+00:00] main.DEBUG: cache_invalidate:  {"method":"GET","url":"http:/","invalidateInfo":{"tags":["EAV","MAGE"],"mode":"matchingTag"}} []
[2026-09-24T07:13:28.708972+00:00] main.DEBUG: cache_invalidate:  {"method":"GET","url":"http:/","invalidateInfo":{"tags":["EAV_ATTRIBUTE","MAGE"],"mode":"matchingTag"}} []
[2026-09-24T07:13:28.709003+00:00] main.DEBUG: cache_invalidate:  {"method":"GET","url":"http:/","invalidateInfo":{"tags":["EAV","EAV_ATTRIBUTE"],"mode":"matchingAnyTag"}} []
[2026-09-24T07:13:28.709260+00:00] main.DEBUG: cache_invalidate:  {"method":"GET","url":"http:/","invalidateInfo":{"tags":["EAV","MAGE"],"mode":"matchingTag"}} []
[2026-09-24T07:13:28.709523+00:00] main.DEBUG: cache_invalidate:  {"method":"GET","url":"http:/","invalidateInfo":{"tags":["EAV_ATTRIBUTE","MAGE"],"mode":"matchingTag"}} []
[2026-09-24T07:13:28.709565+00:00] main.DEBUG: cache_invalidate:  {"method":"GET","url":"http:/","invalidateInfo":{"tags":["EAV","EAV_ATTRIBUTE"],"mode":"matchingAnyTag"}} []
[2026-09-24T07:13:28.709826+00:00] main.DEBUG: cache_invalidate:  {"method":"GET","url":"http:/","invalidateInfo":{"tags":["EAV_ATTRIBUTE","MAGE"],"mode":"matchingTag"}} []
[2026-09-24T07:13:28.709855+00:00] main.DEBUG: cache_invalidate:  {"method":"GET","url":"http:/","invalidateInfo":{"tags":["EAV_ATTRIBUTE"],"mode":"matchingAnyTag"}} []
[2026-09-24T07:13:28.710318+00:00] main.DEBUG: cache_invalidate:  {"method":"GET","url":"http:/","invalidateInfo":{"tags":["EAV_ATTRIBUTE_6","FPC","MAGE"],"mode":"matchingTag"}} []
[2026-09-24T07:13:28.710350+00:00] main.DEBUG: cache_invalidate:  {"method":"GET","url":"http:/","invalidateInfo":{"tags":["EAV_ATTRIBUTE_6","FPC"],"mode":"matchingTag"}} []
[2026-09-24T07:13:28.710434+00:00] main.DEBUG: cache_invalidate:  {"method":"GET","url":"http:/","invalidateInfo":{"tags":["EAV_ENTITY_TYPES_CUSTOMER_ENTITY","FPC","MAGE"],"mode":"matchingTag"}} []
[2026-09-24T07:13:28.710463+00:00] main.DEBUG: cache_invalidate:  {"method":"GET","url":"http:/","invalidateInfo":{"tags":["EAV_ENTITY_TYPES_CUSTOMER_ENTITY","FPC"],"mode":"matchingTag"}} []
[2026-09-24T07:13:28.710546+00:00] main.DEBUG: cache_invalidate:  {"method":"GET","url":"http:/","invalidateInfo":{"tags":["EAV_FORM_adminhtml_customer_FORM","FPC","MAGE"],"mode":"matchingTag"}} []
[2026-09-24T07:13:28.710576+00:00] main.DEBUG: cache_invalidate:  {"method":"GET","url":"http:/","invalidateInfo":{"tags":["EAV_FORM_adminhtml_customer_FORM","FPC"],"mode":"matchingTag"}} []
[2026-09-24T07:13:28.710658+00:00] main.DEBUG: cache_invalidate:  {"method":"GET","url":"http:/","invalidateInfo":{"tags":["EAV_FORM_customer_account_create_FORM","FPC","MAGE"],"mode":"matchingTag"}} []
[2026-09-24T07:13:28.710691+00:00] main.DEBUG: cache_invalidate:  {"method":"GET","url":"http:/","invalidateInfo":{"tags":["EAV_FORM_customer_account_create_FORM","FPC"],"mode":"matchingTag"}} []
[2026-09-24T07:13:28.710774+00:00] main.DEBUG: cache_invalidate:  {"method":"GET","url":"http:/","invalidateInfo":{"tags":["EAV_FORM_customer_account_edit_FORM","FPC","MAGE"],"mode":"matchingTag"}} []
[2026-09-24T07:13:28.710801+00:00] main.DEBUG: cache_invalidate:  {"method":"GET","url":"http:/","invalidateInfo":{"tags":["EAV_FORM_customer_account_edit_FORM","FPC"],"mode":"matchingTag"}} []
[2026-09-24T07:13:28.710881+00:00] main.DEBUG: cache_invalidate:  {"method":"GET","url":"http:/","invalidateInfo":{"tags":["EAV_ATTRIBUTE_customer_middlename","FPC","MAGE"],"mode":"matchingTag"}} []
[2026-09-24T07:13:28.710908+00:00] main.DEBUG: cache_invalidate:  {"method":"GET","url":"http:/","invalidateInfo":{"tags":["EAV_ATTRIBUTE_customer_middlename","FPC"],"mode":"matchingTag"}} []
[2026-09-24T07:13:28.712095+00:00] main.DEBUG: cache_invalidate:  {"method":"GET","url":"http:/","invalidateInfo":{"tags":["EAV_ATTRIBUTE_23","FPC","MAGE"],"mode":"matchingTag"}} []
[2026-09-24T07:13:28.712129+00:00] main.DEBUG: cache_invalidate:  {"method":"GET","url":"http:/","invalidateInfo":{"tags":["EAV_ATTRIBUTE_23","FPC"],"mode":"matchingTag"}} []
[2026-09-24T07:13:28.712214+00:00] main.DEBUG: cache_invalidate:  {"method":"GET","url":"http:/","invalidateInfo":{"tags":["EAV_ATTRIBUTE_customer_address_firstname","FPC","MAGE"],"mode":"matchingTag"}} []
[2026-09-24T07:13:28.712243+00:00] main.DEBUG: cache_invalidate:  {"method":"GET","url":"http:/","invalidateInfo":{"tags":["EAV_ATTRIBUTE_customer_address_firstname","FPC"],"mode":"matchingTag"}} []
[2026-09-24T07:13:28.712545+00:00] main.DEBUG: cache_invalidate:  {"method":"GET","url":"http:/","invalidateInfo":{"tags":["EAV_ATTRIBUTE_25","FPC","MAGE"],"mode":"matchingTag"}} []
[2026-09-24T07:13:28.712578+00:00] main.DEBUG: cache_invalidate:  {"method":"GET","url":"http:/","invalidateInfo":{"tags":["EAV_ATTRIBUTE_25","FPC"],"mode":"matchingTag"}} []
[2026-09-24T07:13:28.712662+00:00] main.DEBUG: cache_invalidate:  {"method":"GET","url":"http:/","invalidateInfo":{"tags":["EAV_ATTRIBUTE_customer_address_lastname","FPC","MAGE"],"mode":"matchingTag"}} []
[2026-09-24T07:13:28.712691+00:00] main.DEBUG: cache_invalidate:  {"method":"GET","url":"http:/","invalidateInfo":{"tags":["EAV_ATTRIBUTE_customer_address_lastname","FPC"],"mode":"matchingTag"}} []
[2026-09-24T07:13:28.712968+00:00] main.DEBUG: cache_invalidate:  {"method":"GET","url":"http:/","invalidateInfo":{"tags":["EAV_ATTRIBUTE_24","FPC","MAGE"],"mode":"matchingTag"}} []
[2026-09-24T07:13:28.712998+00:00] main.DEBUG: cache_invalidate:  {"method":"GET","url":"http:/","invalidateInfo":{"tags":["EAV_ATTRIBUTE_24","FPC"],"mode":"matchingTag"}} []
[2026-09-24T07:13:28.713079+00:00] main.DEBUG: cache_invalidate:  {"method":"GET","url":"http:/","invalidateInfo":{"tags":["EAV_ATTRIBUTE_customer_address_middlename","FPC","MAGE"],"mode":"matchingTag"}} []
[2026-09-24T07:13:28.713108+00:00] main.DEBUG: cache_invalidate:  {"method":"GET","url":"http:/","invalidateInfo":{"tags":["EAV_ATTRIBUTE_customer_address_middlename","FPC"],"mode":"matchingTag"}} []
[2026-09-24T07:13:28.713378+00:00] main.DEBUG: cache_invalidate:  {"method":"GET","url":"http:/","invalidateInfo":{"tags":["EAV_ATTRIBUTE_5","FPC","MAGE"],"mode":"matchingTag"}} []
[2026-09-24T07:13:28.713407+00:00] main.DEBUG: cache_invalidate:  {"method":"GET","url":"http:/","invalidateInfo":{"tags":["EAV_ATTRIBUTE_5","FPC"],"mode":"matchingTag"}} []
[2026-09-24T07:13:28.713486+00:00] main.DEBUG: cache_invalidate:  {"method":"GET","url":"http:/","invalidateInfo":{"tags":["EAV_ATTRIBUTE_customer_firstname","FPC","MAGE"],"mode":"matchingTag"}} []
[2026-09-24T07:13:28.713515+00:00] main.DEBUG: cache_invalidate:  {"method":"GET","url":"http:/","invalidateInfo":{"tags":["EAV_ATTRIBUTE_customer_firstname","FPC"],"mode":"matchingTag"}} []
[2026-09-24T07:13:28.713725+00:00] main.DEBUG: cache_invalidate:  {"method":"GET","url":"http:/","invalidateInfo":{"tags":["EAV_ATTRIBUTE_7","FPC","MAGE"],"mode":"matchingTag"}} []
[2026-09-24T07:13:28.713749+00:00] main.DEBUG: cache_invalidate:  {"method":"GET","url":"http:/","invalidateInfo":{"tags":["EAV_ATTRIBUTE_7","FPC"],"mode":"matchingTag"}} []
[2026-09-24T07:13:28.713803+00:00] main.DEBUG: cache_invalidate:  {"method":"GET","url":"http:/","invalidateInfo":{"tags":["EAV_ATTRIBUTE_customer_lastname","FPC","MAGE"],"mode":"matchingTag"}} []
[2026-09-24T07:13:28.713824+00:00] main.DEBUG: cache_invalidate:  {"method":"GET","url":"http:/","invalidateInfo":{"tags":["EAV_ATTRIBUTE_customer_lastname","FPC"],"mode":"matchingTag"}} []
[2026-09-24T07:13:28.714002+00:00] main.DEBUG: cache_invalidate:  {"method":"GET","url":"http:/","invalidateInfo":{"tags":["EAV_ATTRIBUTE_6","FPC","MAGE"],"mode":"matchingTag"}} []
[2026-09-24T07:13:28.714028+00:00] main.DEBUG: cache_invalidate:  {"method":"GET","url":"http:/","invalidateInfo":{"tags":["EAV_ATTRIBUTE_6","FPC"],"mode":"matchingTag"}} []
[2026-09-24T07:13:28.714090+00:00] main.DEBUG: cache_invalidate:  {"method":"GET","url":"http:/","invalidateInfo":{"tags":["EAV_ATTRIBUTE_customer_middlename","FPC","MAGE"],"mode":"matchingTag"}} []
[2026-09-24T07:13:28.714113+00:00] main.DEBUG: cache_invalidate:  {"method":"GET","url":"http:/","invalidateInfo":{"tags":["EAV_ATTRIBUTE_customer_middlename","FPC"],"mode":"matchingTag"}} []
[2026-09-24T07:13:28.748055+00:00] main.DEBUG: cache_invalidate:  {"method":"GET","url":"http:/","invalidateInfo":{"tags":["cms_p","MAGE"],"mode":"matchingTag"}} []
[2026-09-24T07:13:28.748112+00:00] main.DEBUG: cache_invalidate:  {"method":"GET","url":"http:/","invalidateInfo":{"tags":["cms_p"],"mode":"matchingAnyTag"}} []
[2026-09-24T07:13:28.748208+00:00] main.DEBUG: cache_invalidate:  {"method":"GET","url":"http:/","invalidateInfo":{"tags":["cms_p_1","GRAPHQL_QUERY_RESOLVER_RESULT","MAGE"],"mode":"matchingTag"}} []
[2026-09-24T07:13:28.748235+00:00] main.DEBUG: cache_invalidate:  {"method":"GET","url":"http:/","invalidateInfo":{"tags":["cms_p_1","GRAPHQL_QUERY_RESOLVER_RESULT"],"mode":"matchingTag"}} []
[2026-09-24T07:13:28.748308+00:00] main.DEBUG: cache_invalidate:  {"method":"GET","url":"http:/","invalidateInfo":{"tags":["cms_p_1","FPC","MAGE"],"mode":"matchingTag"}} []
[2026-09-24T07:13:28.748331+00:00] main.DEBUG: cache_invalidate:  {"method":"GET","url":"http:/","invalidateInfo":{"tags":["cms_p_1","FPC"],"mode":"matchingTag"}} []
[2026-09-24T07:13:28.759044+00:00] main.DEBUG: cache_invalidate:  {"method":"GET","url":"http:/","invalidateInfo":{"tags":["cms_p","MAGE"],"mode":"matchingTag"}} []
[2026-09-24T07:13:28.759101+00:00] main.DEBUG: cache_invalidate:  {"method":"GET","url":"http:/","invalidateInfo":{"tags":["cms_p"],"mode":"matchingAnyTag"}} []
[2026-09-24T07:13:28.759223+00:00] main.DEBUG: cache_invalidate:  {"method":"GET","url":"http:/","invalidateInfo":{"tags":["cms_p_2","GRAPHQL_QUERY_RESOLVER_RESULT","MAGE"],"mode":"matchingTag"}} []
[2026-09-24T07:13:28.759255+00:00] main.DEBUG: cache_invalidate:  {"method":"GET","url":"http:/","invalidateInfo":{"tags":["cms_p_2","GRAPHQL_QUERY_RESOLVER_RESULT"],"mode":"matchingTag"}} []
[2026-09-24T07:13:28.759359+00:00] main.DEBUG: cache_invalidate:  {"method":"GET","url":"http:/","invalidateInfo":{"tags":["cms_p_2","FPC","MAGE"],"mode":"matchingTag"}} []
[2026-09-24T07:13:28.759389+00:00] main.DEBUG: cache_invalidate:  {"method":"GET","url":"http:/","invalidateInfo":{"tags":["cms_p_2","FPC"],"mode":"matchingTag"}} []
[2026-09-24T07:13:28.761096+00:00] main.DEBUG: cache_invalidate:  {"method":"GET","url":"http:/","invalidateInfo":{"tags":["cms_p","MAGE"],"mode":"matchingTag"}} []
[2026-09-24T07:13:28.761142+00:00] main.DEBUG: cache_invalidate:  {"method":"GET","url":"http:/","invalidateInfo":{"tags":["cms_p"],"mode":"matchingAnyTag"}} []
[2026-09-24T07:13:28.761257+00:00] main.DEBUG: cache_invalidate:  {"method":"GET","url":"http:/","invalidateInfo":{"tags":["cms_p_3","GRAPHQL_QUERY_RESOLVER_RESULT","MAGE"],"mode":"matchingTag"}} []
[2026-09-24T07:13:28.761292+00:00] main.DEBUG: cache_invalidate:  {"method":"GET","url":"http:/","invalidateInfo":{"tags":["cms_p_3","GRAPHQL_QUERY_RESOLVER_RESULT"],"mode":"matchingTag"}} []
[2026-09-24T07:13:28.761394+00:00] main.DEBUG: cache_invalidate:  {"method":"GET","url":"http:/","invalidateInfo":{"tags":["cms_p_3","FPC","MAGE"],"mode":"matchingTag"}} []
[2026-09-24T07:13:28.761423+00:00] main.DEBUG: cache_invalidate:  {"method":"GET","url":"http:/","invalidateInfo":{"tags":["cms_p_3","FPC"],"mode":"matchingTag"}} []
[2026-09-24T07:13:28.764659+00:00] main.DEBUG: cache_invalidate:  {"method":"GET","url":"http:/","invalidateInfo":{"tags":["cms_p","MAGE"],"mode":"matchingTag"}} []
[2026-09-24T07:13:28.764700+00:00] main.DEBUG: cache_invalidate:  {"method":"GET","url":"http:/","invalidateInfo":{"tags":["cms_p"],"mode":"matchingAnyTag"}} []
[2026-09-24T07:13:28.764812+00:00] main.DEBUG: cache_invalidate:  {"method":"GET","url":"http:/","invalidateInfo":{"tags":["cms_p_4","GRAPHQL_QUERY_RESOLVER_RESULT","MAGE"],"mode":"matchingTag"}} []
[2026-09-24T07:13:28.764842+00:00] main.DEBUG: cache_invalidate:  {"method":"GET","url":"http:/","invalidateInfo":{"tags":["cms_p_4","GRAPHQL_QUERY_RESOLVER_RESULT"],"mode":"matchingTag"}} []
[2026-09-24T07:13:28.764942+00:00] main.DEBUG: cache_invalidate:  {"method":"GET","url":"http:/","invalidateInfo":{"tags":["cms_p_4","FPC","MAGE"],"mode":"matchingTag"}} []
[2026-09-24T07:13:28.764978+00:00] main.DEBUG: cache_invalidate:  {"method":"GET","url":"http:/","invalidateInfo":{"tags":["cms_p_4","FPC"],"mode":"matchingTag"}} []
[2026-09-24T07:13:28.774379+00:00] main.DEBUG: cache_invalidate:  {"method":"GET","url":"http:/","invalidateInfo":{"tags":["cms_p_1","FPC","MAGE"],"mode":"matchingTag"}} []
[2026-09-24T07:13:28.774427+00:00] main.DEBUG: cache_invalidate:  {"method":"GET","url":"http:/","invalidateInfo":{"tags":["cms_p_1","FPC"],"mode":"matchingTag"}} []
[2026-09-24T07:13:28.774543+00:00] main.DEBUG: cache_invalidate:  {"method":"GET","url":"http:/","invalidateInfo":{"tags":["cms_p_2","FPC","MAGE"],"mode":"matchingTag"}} []
[2026-09-24T07:13:28.774576+00:00] main.DEBUG: cache_invalidate:  {"method":"GET","url":"http:/","invalidateInfo":{"tags":["cms_p_2","FPC"],"mode":"matchingTag"}} []
[2026-09-24T07:13:28.774681+00:00] main.DEBUG: cache_invalidate:  {"method":"GET","url":"http:/","invalidateInfo":{"tags":["cms_p_3","FPC","MAGE"],"mode":"matchingTag"}} []
[2026-09-24T07:13:28.774723+00:00] main.DEBUG: cache_invalidate:  {"method":"GET","url":"http:/","invalidateInfo":{"tags":["cms_p_3","FPC"],"mode":"matchingTag"}} []
[2026-09-24T07:13:28.774840+00:00] main.DEBUG: cache_invalidate:  {"method":"GET","url":"http:/","invalidateInfo":{"tags":["cms_p_4","FPC","MAGE"],"mode":"matchingTag"}} []
[2026-09-24T07:13:28.774871+00:00] main.DEBUG: cache_invalidate:  {"method":"GET","url":"http:/","invalidateInfo":{"tags":["cms_p_4","FPC"],"mode":"matchingTag"}} []
[2026-09-24T07:13:28.778564+00:00] main.DEBUG: cache_invalidate:  {"method":"GET","url":"http:/","invalidateInfo":{"tags":["cms_p","MAGE"],"mode":"matchingTag"}} []
[2026-09-24T07:13:28.778609+00:00] main.DEBUG: cache_invalidate:  {"method":"GET","url":"http:/","invalidateInfo":{"tags":["cms_p"],"mode":"matchingAnyTag"}} []
[2026-09-24T07:13:28.778699+00:00] main.DEBUG: cache_invalidate:  {"method":"GET","url":"http:/","invalidateInfo":{"tags":["cms_p_4","GRAPHQL_QUERY_RESOLVER_RESULT","MAGE"],"mode":"matchingTag"}} []
[2026-09-24T07:13:28.778725+00:00] main.DEBUG: cache_invalidate:  {"method":"GET","url":"http:/","invalidateInfo":{"tags":["cms_p_4","GRAPHQL_QUERY_RESOLVER_RESULT"],"mode":"matchingTag"}} []
[2026-09-24T07:13:28.778795+00:00] main.DEBUG: cache_invalidate:  {"method":"GET","url":"http:/","invalidateInfo":{"tags":["cms_p_4","FPC","MAGE"],"mode":"matchingTag"}} []
[2026-09-24T07:13:28.778818+00:00] main.DEBUG: cache_invalidate:  {"method":"GET","url":"http:/","invalidateInfo":{"tags":["cms_p_4","FPC"],"mode":"matchingTag"}} []
[2026-09-24T07:13:28.780112+00:00] main.DEBUG: cache_invalidate:  {"method":"GET","url":"http:/","invalidateInfo":{"tags":["cms_p_4","FPC","MAGE"],"mode":"matchingTag"}} []
[2026-09-24T07:13:28.780154+00:00] main.DEBUG: cache_invalidate:  {"method":"GET","url":"http:/","invalidateInfo":{"tags":["cms_p_4","FPC"],"mode":"matchingTag"}} []
[2026-09-24T07:13:28.799010+00:00] main.DEBUG: cache_invalidate:  {"method":"GET","url":"http:/","invalidateInfo":{"tags":["EAV","MAGE"],"mode":"matchingTag"}} []
[2026-09-24T07:13:28.799071+00:00] main.DEBUG: cache_invalidate:  {"method":"GET","url":"http:/","invalidateInfo":{"tags":["EAV"],"mode":"matchingAnyTag"}} []
[2026-09-24T07:13:28.800745+00:00] main.DEBUG: cache_invalidate:  {"method":"GET","url":"http:/","invalidateInfo":{"tags":["EAV","MAGE"],"mode":"matchingTag"}} []
[2026-09-24T07:13:28.800922+00:00] main.DEBUG: cache_invalidate:  {"method":"GET","url":"http:/","invalidateInfo":{"tags":["EAV_ATTRIBUTE","MAGE"],"mode":"matchingTag"}} []
[2026-09-24T07:13:28.800948+00:00] main.DEBUG: cache_invalidate:  {"method":"GET","url":"http:/","invalidateInfo":{"tags":["EAV","EAV_ATTRIBUTE"],"mode":"matchingAnyTag"}} []
[2026-09-24T07:13:28.835571+00:00] main.DEBUG: cache_invalidate:  {"method":"GET","url":"http:/","invalidateInfo":{"tags":["EAV","MAGE"],"mode":"matchingTag"}} []
[2026-09-24T07:13:28.835866+00:00] main.DEBUG: cache_invalidate:  {"method":"GET","url":"http:/","invalidateInfo":{"tags":["EAV_ATTRIBUTE","MAGE"],"mode":"matchingTag"}} []
[2026-09-24T07:13:28.835900+00:00] main.DEBUG: cache_invalidate:  {"method":"GET","url":"http:/","invalidateInfo":{"tags":["EAV","EAV_ATTRIBUTE"],"mode":"matchingAnyTag"}} []
[2026-09-24T07:13:28.956325+00:00] main.DEBUG: cache_invalidate:  {"method":"GET","url":"http:/","invalidateInfo":{"tags":["cat_c_1","MAGE"],"mode":"matchingTag"}} []
[2026-09-24T07:13:28.956460+00:00] main.DEBUG: cache_invalidate:  {"method":"GET","url":"http:/","invalidateInfo":{"tags":["cat_c_p_1","MAGE"],"mode":"matchingTag"}} []
[2026-09-24T07:13:28.956576+00:00] main.DEBUG: cache_invalidate:  {"method":"GET","url":"http:/","invalidateInfo":{"tags":["cat_c","MAGE"],"mode":"matchingTag"}} []
[2026-09-24T07:13:28.956609+00:00] main.DEBUG: cache_invalidate:  {"method":"GET","url":"http:/","invalidateInfo":{"tags":["cat_c_1","cat_c_p_1","cat_c"],"mode":"matchingAnyTag"}} []
[2026-09-24T07:13:28.956762+00:00] main.DEBUG: cache_invalidate:  {"method":"GET","url":"http:/","invalidateInfo":{"tags":["cat_c_1","FPC","MAGE"],"mode":"matchingTag"}} []
[2026-09-24T07:13:28.956793+00:00] main.DEBUG: cache_invalidate:  {"method":"GET","url":"http:/","invalidateInfo":{"tags":["cat_c_1","FPC"],"mode":"matchingTag"}} []
[2026-09-24T07:13:28.956876+00:00] main.DEBUG: cache_invalidate:  {"method":"GET","url":"http:/","invalidateInfo":{"tags":["cat_c_p_1","FPC","MAGE"],"mode":"matchingTag"}} []
[2026-09-24T07:13:28.956904+00:00] main.DEBUG: cache_invalidate:  {"method":"GET","url":"http:/","invalidateInfo":{"tags":["cat_c_p_1","FPC"],"mode":"matchingTag"}} []
[2026-09-24T07:13:28.956986+00:00] main.DEBUG: cache_invalidate:  {"method":"GET","url":"http:/","invalidateInfo":{"tags":["cat_c","FPC","MAGE"],"mode":"matchingTag"}} []
[2026-09-24T07:13:28.957014+00:00] main.DEBUG: cache_invalidate:  {"method":"GET","url":"http:/","invalidateInfo":{"tags":["cat_c","FPC"],"mode":"matchingTag"}} []
[2026-09-24T07:13:28.960114+00:00] main.DEBUG: cache_invalidate:  {"method":"GET","url":"http:/","invalidateInfo":{"tags":["cat_c_1","MAGE"],"mode":"matchingTag"}} []
[2026-09-24T07:13:28.960225+00:00] main.DEBUG: cache_invalidate:  {"method":"GET","url":"http:/","invalidateInfo":{"tags":["cat_c","MAGE"],"mode":"matchingTag"}} []
[2026-09-24T07:13:28.960321+00:00] main.DEBUG: cache_invalidate:  {"method":"GET","url":"http:/","invalidateInfo":{"tags":["cat_c_p_1","MAGE"],"mode":"matchingTag"}} []
[2026-09-24T07:13:28.960352+00:00] main.DEBUG: cache_invalidate:  {"method":"GET","url":"http:/","invalidateInfo":{"tags":["cat_c_1","cat_c","cat_c_p_1"],"mode":"matchingAnyTag"}} []
[2026-09-24T07:13:28.960439+00:00] main.DEBUG: cache_invalidate:  {"method":"GET","url":"http:/","invalidateInfo":{"tags":["cat_c_1","MAGE"],"mode":"matchingTag"}} []
[2026-09-24T07:13:28.960543+00:00] main.DEBUG: cache_invalidate:  {"method":"GET","url":"http:/","invalidateInfo":{"tags":["cat_c","MAGE"],"mode":"matchingTag"}} []
[2026-09-24T07:13:28.960636+00:00] main.DEBUG: cache_invalidate:  {"method":"GET","url":"http:/","invalidateInfo":{"tags":["cat_c_p_1","MAGE"],"mode":"matchingTag"}} []
[2026-09-24T07:13:28.960664+00:00] main.DEBUG: cache_invalidate:  {"method":"GET","url":"http:/","invalidateInfo":{"tags":["cat_c_1","cat_c","cat_c_p_1"],"mode":"matchingAnyTag"}} []
[2026-09-24T07:13:28.968678+00:00] main.DEBUG: cache_invalidate:  {"method":"GET","url":"http:/","invalidateInfo":{"tags":["cat_c_2","MAGE"],"mode":"matchingTag"}} []
[2026-09-24T07:13:28.968799+00:00] main.DEBUG: cache_invalidate:  {"method":"GET","url":"http:/","invalidateInfo":{"tags":["cat_c_p_2","MAGE"],"mode":"matchingTag"}} []
[2026-09-24T07:13:28.968891+00:00] main.DEBUG: cache_invalidate:  {"method":"GET","url":"http:/","invalidateInfo":{"tags":["cat_c_p_1","MAGE"],"mode":"matchingTag"}} []
[2026-09-24T07:13:28.968981+00:00] main.DEBUG: cache_invalidate:  {"method":"GET","url":"http:/","invalidateInfo":{"tags":["cat_c","MAGE"],"mode":"matchingTag"}} []
[2026-09-24T07:13:28.969010+00:00] main.DEBUG: cache_invalidate:  {"method":"GET","url":"http:/","invalidateInfo":{"tags":{"0":"cat_c_2","1":"cat_c_p_2","2":"cat_c_p_1","4":"cat_c"},"mode":"matchingAnyTag"}} []
[2026-09-24T07:13:28.969151+00:00] main.DEBUG: cache_invalidate:  {"method":"GET","url":"http:/","invalidateInfo":{"tags":["cat_c_2","FPC","MAGE"],"mode":"matchingTag"}} []
[2026-09-24T07:13:28.969182+00:00] main.DEBUG: cache_invalidate:  {"method":"GET","url":"http:/","invalidateInfo":{"tags":["cat_c_2","FPC"],"mode":"matchingTag"}} []
[2026-09-24T07:13:28.969264+00:00] main.DEBUG: cache_invalidate:  {"method":"GET","url":"http:/","invalidateInfo":{"tags":["cat_c_p_2","FPC","MAGE"],"mode":"matchingTag"}} []
[2026-09-24T07:13:28.969293+00:00] main.DEBUG: cache_invalidate:  {"method":"GET","url":"http:/","invalidateInfo":{"tags":["cat_c_p_2","FPC"],"mode":"matchingTag"}} []
[2026-09-24T07:13:28.969374+00:00] main.DEBUG: cache_invalidate:  {"method":"GET","url":"http:/","invalidateInfo":{"tags":["cat_c_p_1","FPC","MAGE"],"mode":"matchingTag"}} []
[2026-09-24T07:13:28.969402+00:00] main.DEBUG: cache_invalidate:  {"method":"GET","url":"http:/","invalidateInfo":{"tags":["cat_c_p_1","FPC"],"mode":"matchingTag"}} []
[2026-09-24T07:13:28.969483+00:00] main.DEBUG: cache_invalidate:  {"method":"GET","url":"http:/","invalidateInfo":{"tags":["cat_c","FPC","MAGE"],"mode":"matchingTag"}} []
[2026-09-24T07:13:28.969511+00:00] main.DEBUG: cache_invalidate:  {"method":"GET","url":"http:/","invalidateInfo":{"tags":["cat_c","FPC"],"mode":"matchingTag"}} []
[2026-09-24T07:13:28.969683+00:00] main.DEBUG: cache_invalidate:  {"method":"GET","url":"http:/","invalidateInfo":{"tags":["cat_c_2","MAGE"],"mode":"matchingTag"}} []
[2026-09-24T07:13:28.969769+00:00] main.DEBUG: cache_invalidate:  {"method":"GET","url":"http:/","invalidateInfo":{"tags":["cat_c_p_1","MAGE"],"mode":"matchingTag"}} []
[2026-09-24T07:13:28.969827+00:00] main.DEBUG: cache_invalidate:  {"method":"GET","url":"http:/","invalidateInfo":{"tags":["cat_c_p_2","MAGE"],"mode":"matchingTag"}} []
[2026-09-24T07:13:28.969881+00:00] main.DEBUG: cache_invalidate:  {"method":"GET","url":"http:/","invalidateInfo":{"tags":["cat_c","MAGE"],"mode":"matchingTag"}} []
[2026-09-24T07:13:28.969903+00:00] main.DEBUG: cache_invalidate:  {"method":"GET","url":"http:/","invalidateInfo":{"tags":["cat_c_2","cat_c_p_1","cat_c_p_2","cat_c"],"mode":"matchingAnyTag"}} []
[2026-09-24T07:13:28.969957+00:00] main.DEBUG: cache_invalidate:  {"method":"GET","url":"http:/","invalidateInfo":{"tags":["cat_c_2","MAGE"],"mode":"matchingTag"}} []
[2026-09-24T07:13:28.970013+00:00] main.DEBUG: cache_invalidate:  {"method":"GET","url":"http:/","invalidateInfo":{"tags":["cat_c_p_1","MAGE"],"mode":"matchingTag"}} []
[2026-09-24T07:13:28.970065+00:00] main.DEBUG: cache_invalidate:  {"method":"GET","url":"http:/","invalidateInfo":{"tags":["cat_c_p_2","MAGE"],"mode":"matchingTag"}} []
[2026-09-24T07:13:28.970120+00:00] main.DEBUG: cache_invalidate:  {"method":"GET","url":"http:/","invalidateInfo":{"tags":["cat_c","MAGE"],"mode":"matchingTag"}} []
[2026-09-24T07:13:28.970142+00:00] main.DEBUG: cache_invalidate:  {"method":"GET","url":"http:/","invalidateInfo":{"tags":["cat_c_2","cat_c_p_1","cat_c_p_2","cat_c"],"mode":"matchingAnyTag"}} []
[2026-09-24T07:13:28.980744+00:00] main.DEBUG: cache_invalidate:  {"method":"GET","url":"http:/","invalidateInfo":{"tags":["cat_c_1","FPC","MAGE"],"mode":"matchingTag"}} []
[2026-09-24T07:13:28.980801+00:00] main.DEBUG: cache_invalidate:  {"method":"GET","url":"http:/","invalidateInfo":{"tags":["cat_c_1","FPC"],"mode":"matchingTag"}} []
[2026-09-24T07:13:28.980866+00:00] main.DEBUG: cache_invalidate:  {"method":"GET","url":"http:/","invalidateInfo":{"tags":["cat_c","FPC","MAGE"],"mode":"matchingTag"}} []
[2026-09-24T07:13:28.980891+00:00] main.DEBUG: cache_invalidate:  {"method":"GET","url":"http:/","invalidateInfo":{"tags":["cat_c","FPC"],"mode":"matchingTag"}} []
[2026-09-24T07:13:28.980947+00:00] main.DEBUG: cache_invalidate:  {"method":"GET","url":"http:/","invalidateInfo":{"tags":["cat_c_p_1","FPC","MAGE"],"mode":"matchingTag"}} []
[2026-09-24T07:13:28.980969+00:00] main.DEBUG: cache_invalidate:  {"method":"GET","url":"http:/","invalidateInfo":{"tags":["cat_c_p_1","FPC"],"mode":"matchingTag"}} []
[2026-09-24T07:13:28.981236+00:00] main.DEBUG: cache_invalidate:  {"method":"GET","url":"http:/","invalidateInfo":{"tags":["cat_c_2","FPC","MAGE"],"mode":"matchingTag"}} []
[2026-09-24T07:13:28.981263+00:00] main.DEBUG: cache_invalidate:  {"method":"GET","url":"http:/","invalidateInfo":{"tags":["cat_c_2","FPC"],"mode":"matchingTag"}} []
[2026-09-24T07:13:28.981317+00:00] main.DEBUG: cache_invalidate:  {"method":"GET","url":"http:/","invalidateInfo":{"tags":["cat_c_p_1","FPC","MAGE"],"mode":"matchingTag"}} []
[2026-09-24T07:13:28.981340+00:00] main.DEBUG: cache_invalidate:  {"method":"GET","url":"http:/","invalidateInfo":{"tags":["cat_c_p_1","FPC"],"mode":"matchingTag"}} []
[2026-09-24T07:13:28.981392+00:00] main.DEBUG: cache_invalidate:  {"method":"GET","url":"http:/","invalidateInfo":{"tags":["cat_c_p_2","FPC","MAGE"],"mode":"matchingTag"}} []
[2026-09-24T07:13:28.981414+00:00] main.DEBUG: cache_invalidate:  {"method":"GET","url":"http:/","invalidateInfo":{"tags":["cat_c_p_2","FPC"],"mode":"matchingTag"}} []
[2026-09-24T07:13:28.981466+00:00] main.DEBUG: cache_invalidate:  {"method":"GET","url":"http:/","invalidateInfo":{"tags":["cat_c","FPC","MAGE"],"mode":"matchingTag"}} []
[2026-09-24T07:13:28.981488+00:00] main.DEBUG: cache_invalidate:  {"method":"GET","url":"http:/","invalidateInfo":{"tags":["cat_c","FPC"],"mode":"matchingTag"}} []
[2026-09-24T07:13:29.131817+00:00] main.DEBUG: cache_invalidate:  {"method":"GET","url":"http:/","invalidateInfo":{"tags":["EAV","MAGE"],"mode":"matchingTag"}} []
[2026-09-24T07:13:29.131883+00:00] main.DEBUG: cache_invalidate:  {"method":"GET","url":"http:/","invalidateInfo":{"tags":["EAV"],"mode":"matchingAnyTag"}} []
[2026-09-24T07:13:29.133366+00:00] main.DEBUG: cache_invalidate:  {"method":"GET","url":"http:/","invalidateInfo":{"tags":["EAV","MAGE"],"mode":"matchingTag"}} []
[2026-09-24T07:13:29.133550+00:00] main.DEBUG: cache_invalidate:  {"method":"GET","url":"http:/","invalidateInfo":{"tags":["EAV_ATTRIBUTE","MAGE"],"mode":"matchingTag"}} []
[2026-09-24T07:13:29.133578+00:00] main.DEBUG: cache_invalidate:  {"method":"GET","url":"http:/","invalidateInfo":{"tags":["EAV","EAV_ATTRIBUTE"],"mode":"matchingAnyTag"}} []
[2026-09-24T07:13:29.134977+00:00] main.DEBUG: cache_invalidate:  {"method":"GET","url":"http:/","invalidateInfo":{"tags":["EAV","MAGE"],"mode":"matchingTag"}} []
[2026-09-24T07:13:29.135167+00:00] main.DEBUG: cache_invalidate:  {"method":"GET","url":"http:/","invalidateInfo":{"tags":["EAV_ATTRIBUTE","MAGE"],"mode":"matchingTag"}} []
[2026-09-24T07:13:29.135196+00:00] main.DEBUG: cache_invalidate:  {"method":"GET","url":"http:/","invalidateInfo":{"tags":["EAV","EAV_ATTRIBUTE"],"mode":"matchingAnyTag"}} []
[2026-09-24T07:13:29.136604+00:00] main.DEBUG: cache_invalidate:  {"method":"GET","url":"http:/","invalidateInfo":{"tags":["EAV","MAGE"],"mode":"matchingTag"}} []
[2026-09-24T07:13:29.136772+00:00] main.DEBUG: cache_invalidate:  {"method":"GET","url":"http:/","invalidateInfo":{"tags":["EAV_ATTRIBUTE","MAGE"],"mode":"matchingTag"}} []
[2026-09-24T07:13:29.136797+00:00] main.DEBUG: cache_invalidate:  {"method":"GET","url":"http:/","invalidateInfo":{"tags":["EAV","EAV_ATTRIBUTE"],"mode":"matchingAnyTag"}} []
[2026-09-24T07:13:29.138135+00:00] main.DEBUG: cache_invalidate:  {"method":"GET","url":"http:/","invalidateInfo":{"tags":["EAV","MAGE"],"mode":"matchingTag"}} []
[2026-09-24T07:13:29.138301+00:00] main.DEBUG: cache_invalidate:  {"method":"GET","url":"http:/","invalidateInfo":{"tags":["EAV_ATTRIBUTE","MAGE"],"mode":"matchingTag"}} []
[2026-09-24T07:13:29.138325+00:00] main.DEBUG: cache_invalidate:  {"method":"GET","url":"http:/","invalidateInfo":{"tags":["EAV","EAV_ATTRIBUTE"],"mode":"matchingAnyTag"}} []
[2026-09-24T07:13:29.147728+00:00] main.DEBUG: cache_invalidate:  {"method":"GET","url":"http:/","invalidateInfo":{"tags":["EAV","MAGE"],"mode":"matchingTag"}} []
[2026-09-24T07:13:29.147928+00:00] main.DEBUG: cache_invalidate:  {"method":"GET","url":"http:/","invalidateInfo":{"tags":["EAV_ATTRIBUTE","MAGE"],"mode":"matchingTag"}} []
[2026-09-24T07:13:29.147956+00:00] main.DEBUG: cache_invalidate:  {"method":"GET","url":"http:/","invalidateInfo":{"tags":["EAV","EAV_ATTRIBUTE"],"mode":"matchingAnyTag"}} []
[2026-09-24T07:13:29.153261+00:00] main.DEBUG: cache_invalidate:  {"method":"GET","url":"http:/","invalidateInfo":{"tags":["EAV","MAGE"],"mode":"matchingTag"}} []
[2026-09-24T07:13:29.153455+00:00] main.DEBUG: cache_invalidate:  {"method":"GET","url":"http:/","invalidateInfo":{"tags":["EAV_ATTRIBUTE","MAGE"],"mode":"matchingTag"}} []
[2026-09-24T07:13:29.153482+00:00] main.DEBUG: cache_invalidate:  {"method":"GET","url":"http:/","invalidateInfo":{"tags":["EAV","EAV_ATTRIBUTE"],"mode":"matchingAnyTag"}} []
[2026-09-24T07:13:29.155190+00:00] main.DEBUG: cache_invalidate:  {"method":"GET","url":"http:/","invalidateInfo":{"tags":["EAV","MAGE"],"mode":"matchingTag"}} []
[2026-09-24T07:13:29.155360+00:00] main.DEBUG: cache_invalidate:  {"method":"GET","url":"http:/","invalidateInfo":{"tags":["EAV_ATTRIBUTE","MAGE"],"mode":"matchingTag"}} []
[2026-09-24T07:13:29.155385+00:00] main.DEBUG: cache_invalidate:  {"method":"GET","url":"http:/","invalidateInfo":{"tags":["EAV","EAV_ATTRIBUTE"],"mode":"matchingAnyTag"}} []
[2026-09-24T07:13:29.156065+00:00] main.DEBUG: cache_invalidate:  {"method":"GET","url":"http:/","invalidateInfo":{"tags":["EAV","MAGE"],"mode":"matchingTag"}} []
[2026-09-24T07:13:29.156254+00:00] main.DEBUG: cache_invalidate:  {"method":"GET","url":"http:/","invalidateInfo":{"tags":["EAV_ATTRIBUTE","MAGE"],"mode":"matchingTag"}} []
[2026-09-24T07:13:29.156283+00:00] main.DEBUG: cache_invalidate:  {"method":"GET","url":"http:/","invalidateInfo":{"tags":["EAV","EAV_ATTRIBUTE"],"mode":"matchingAnyTag"}} []
[2026-09-24T07:13:29.346719+00:00] main.DEBUG: cache_invalidate:  {"method":"GET","url":"http:/","invalidateInfo":{"tags":["EAV","MAGE"],"mode":"matchingTag"}} []
[2026-09-24T07:13:29.347027+00:00] main.DEBUG: cache_invalidate:  {"method":"GET","url":"http:/","invalidateInfo":{"tags":["EAV_ATTRIBUTE","MAGE"],"mode":"matchingTag"}} []
[2026-09-24T07:13:29.347061+00:00] main.DEBUG: cache_invalidate:  {"method":"GET","url":"http:/","invalidateInfo":{"tags":["EAV","EAV_ATTRIBUTE"],"mode":"matchingAnyTag"}} []
[2026-09-24T07:13:29.347569+00:00] main.DEBUG: cache_invalidate:  {"method":"GET","url":"http:/","invalidateInfo":{"tags":["EAV","MAGE"],"mode":"matchingTag"}} []
[2026-09-24T07:13:29.347830+00:00] main.DEBUG: cache_invalidate:  {"method":"GET","url":"http:/","invalidateInfo":{"tags":["EAV_ATTRIBUTE","MAGE"],"mode":"matchingTag"}} []
[2026-09-24T07:13:29.347860+00:00] main.DEBUG: cache_invalidate:  {"method":"GET","url":"http:/","invalidateInfo":{"tags":["EAV","EAV_ATTRIBUTE"],"mode":"matchingAnyTag"}} []
[2026-09-24T07:13:29.348158+00:00] main.DEBUG: cache_invalidate:  {"method":"GET","url":"http:/","invalidateInfo":{"tags":["EAV_ATTRIBUTE","MAGE"],"mode":"matchingTag"}} []
[2026-09-24T07:13:29.348204+00:00] main.DEBUG: cache_invalidate:  {"method":"GET","url":"http:/","invalidateInfo":{"tags":["EAV_ATTRIBUTE"],"mode":"matchingAnyTag"}} []
[2026-09-24T07:13:29.348599+00:00] main.DEBUG: cache_invalidate:  {"method":"GET","url":"http:/","invalidateInfo":{"tags":["EAV_ATTRIBUTE_74","FPC","MAGE"],"mode":"matchingTag"}} []
[2026-09-24T07:13:29.348636+00:00] main.DEBUG: cache_invalidate:  {"method":"GET","url":"http:/","invalidateInfo":{"tags":["EAV_ATTRIBUTE_74","FPC"],"mode":"matchingTag"}} []
[2026-09-24T07:13:29.348722+00:00] main.DEBUG: cache_invalidate:  {"method":"GET","url":"http:/","invalidateInfo":{"tags":["EAV_ENTITY_TYPES_CATALOG_PRODUCT_ENTITY","FPC","MAGE"],"mode":"matchingTag"}} []
[2026-09-24T07:13:29.348752+00:00] main.DEBUG: cache_invalidate:  {"method":"GET","url":"http:/","invalidateInfo":{"tags":["EAV_ENTITY_TYPES_CATALOG_PRODUCT_ENTITY","FPC"],"mode":"matchingTag"}} []
[2026-09-24T07:13:29.348836+00:00] main.DEBUG: cache_invalidate:  {"method":"GET","url":"http:/","invalidateInfo":{"tags":["EAV_ATTRIBUTE_catalog_product_sku","FPC","MAGE"],"mode":"matchingTag"}} []
[2026-09-24T07:13:29.348866+00:00] main.DEBUG: cache_invalidate:  {"method":"GET","url":"http:/","invalidateInfo":{"tags":["EAV_ATTRIBUTE_catalog_product_sku","FPC"],"mode":"matchingTag"}} []
[2026-09-24T07:13:29.349139+00:00] main.DEBUG: cache_invalidate:  {"method":"GET","url":"http:/","invalidateInfo":{"identifier":"request_declaration"}} []
[2026-09-24T07:13:29.349168+00:00] main.DEBUG: cache_invalidate:  {"method":"GET","url":"http:/","invalidateInfo":{"identifier":"request_declaration"}} []
[2026-09-24T07:13:29.354577+00:00] main.DEBUG: cache_invalidate:  {"method":"GET","url":"http:/","invalidateInfo":{"identifier":"request_declaration"}} []
[2026-09-24T07:13:29.354627+00:00] main.DEBUG: cache_invalidate:  {"method":"GET","url":"http:/","invalidateInfo":{"identifier":"request_declaration"}} []
[2026-09-24T07:13:29.362771+00:00] main.DEBUG: cache_invalidate:  {"method":"GET","url":"http:/","invalidateInfo":{"tags":["EAV","MAGE"],"mode":"matchingTag"}} []
[2026-09-24T07:13:29.363045+00:00] main.DEBUG: cache_invalidate:  {"method":"GET","url":"http:/","invalidateInfo":{"tags":["EAV_ATTRIBUTE","MAGE"],"mode":"matchingTag"}} []
[2026-09-24T07:13:29.363076+00:00] main.DEBUG: cache_invalidate:  {"method":"GET","url":"http:/","invalidateInfo":{"tags":["EAV","EAV_ATTRIBUTE"],"mode":"matchingAnyTag"}} []
[2026-09-24T07:13:29.363577+00:00] main.DEBUG: cache_invalidate:  {"method":"GET","url":"http:/","invalidateInfo":{"tags":["EAV","MAGE"],"mode":"matchingTag"}} []
[2026-09-24T07:13:29.363837+00:00] main.DEBUG: cache_invalidate:  {"method":"GET","url":"http:/","invalidateInfo":{"tags":["EAV_ATTRIBUTE","MAGE"],"mode":"matchingTag"}} []
[2026-09-24T07:13:29.363866+00:00] main.DEBUG: cache_invalidate:  {"method":"GET","url":"http:/","invalidateInfo":{"tags":["EAV","EAV_ATTRIBUTE"],"mode":"matchingAnyTag"}} []
[2026-09-24T07:13:29.364139+00:00] main.DEBUG: cache_invalidate:  {"method":"GET","url":"http:/","invalidateInfo":{"tags":["EAV_ATTRIBUTE","MAGE"],"mode":"matchingTag"}} []
[2026-09-24T07:13:29.364168+00:00] main.DEBUG: cache_invalidate:  {"method":"GET","url":"http:/","invalidateInfo":{"tags":["EAV_ATTRIBUTE"],"mode":"matchingAnyTag"}} []
[2026-09-24T07:13:29.364524+00:00] main.DEBUG: cache_invalidate:  {"method":"GET","url":"http:/","invalidateInfo":{"tags":["EAV_ATTRIBUTE_73","FPC","MAGE"],"mode":"matchingTag"}} []
[2026-09-24T07:13:29.364567+00:00] main.DEBUG: cache_invalidate:  {"method":"GET","url":"http:/","invalidateInfo":{"tags":["EAV_ATTRIBUTE_73","FPC"],"mode":"matchingTag"}} []
[2026-09-24T07:13:29.364662+00:00] main.DEBUG: cache_invalidate:  {"method":"GET","url":"http:/","invalidateInfo":{"tags":["EAV_ENTITY_TYPES_CATALOG_PRODUCT_ENTITY","FPC","MAGE"],"mode":"matchingTag"}} []
[2026-09-24T07:13:29.364721+00:00] main.DEBUG: cache_invalidate:  {"method":"GET","url":"http:/","invalidateInfo":{"tags":["EAV_ENTITY_TYPES_CATALOG_PRODUCT_ENTITY","FPC"],"mode":"matchingTag"}} []
[2026-09-24T07:13:29.364809+00:00] main.DEBUG: cache_invalidate:  {"method":"GET","url":"http:/","invalidateInfo":{"tags":["EAV_ATTRIBUTE_catalog_product_name","FPC","MAGE"],"mode":"matchingTag"}} []
[2026-09-24T07:13:29.364838+00:00] main.DEBUG: cache_invalidate:  {"method":"GET","url":"http:/","invalidateInfo":{"tags":["EAV_ATTRIBUTE_catalog_product_name","FPC"],"mode":"matchingTag"}} []
[2026-09-24T07:13:29.365063+00:00] main.DEBUG: cache_invalidate:  {"method":"GET","url":"http:/","invalidateInfo":{"identifier":"request_declaration"}} []
[2026-09-24T07:13:29.365106+00:00] main.DEBUG: cache_invalidate:  {"method":"GET","url":"http:/","invalidateInfo":{"identifier":"request_declaration"}} []
[2026-09-24T07:13:29.370353+00:00] main.DEBUG: cache_invalidate:  {"method":"GET","url":"http:/","invalidateInfo":{"identifier":"request_declaration"}} []
[2026-09-24T07:13:29.370402+00:00] main.DEBUG: cache_invalidate:  {"method":"GET","url":"http:/","invalidateInfo":{"identifier":"request_declaration"}} []
[2026-09-24T07:13:29.376728+00:00] main.DEBUG: cache_invalidate:  {"method":"GET","url":"http:/","invalidateInfo":{"tags":["EAV_ATTRIBUTE_74","FPC","MAGE"],"mode":"matchingTag"}} []
[2026-09-24T07:13:29.376776+00:00] main.DEBUG: cache_invalidate:  {"method":"GET","url":"http:/","invalidateInfo":{"tags":["EAV_ATTRIBUTE_74","FPC"],"mode":"matchingTag"}} []
[2026-09-24T07:13:29.376868+00:00] main.DEBUG: cache_invalidate:  {"method":"GET","url":"http:/","invalidateInfo":{"tags":["EAV_ATTRIBUTE_catalog_product_sku","FPC","MAGE"],"mode":"matchingTag"}} []
[2026-09-24T07:13:29.376898+00:00] main.DEBUG: cache_invalidate:  {"method":"GET","url":"http:/","invalidateInfo":{"tags":["EAV_ATTRIBUTE_catalog_product_sku","FPC"],"mode":"matchingTag"}} []
[2026-09-24T07:13:29.377013+00:00] main.DEBUG: cache_invalidate:  {"method":"GET","url":"http:/","invalidateInfo":{"tags":["EAV_ATTRIBUTE_73","FPC","MAGE"],"mode":"matchingTag"}} []
[2026-09-24T07:13:29.377043+00:00] main.DEBUG: cache_invalidate:  {"method":"GET","url":"http:/","invalidateInfo":{"tags":["EAV_ATTRIBUTE_73","FPC"],"mode":"matchingTag"}} []
[2026-09-24T07:13:29.377128+00:00] main.DEBUG: cache_invalidate:  {"method":"GET","url":"http:/","invalidateInfo":{"tags":["EAV_ATTRIBUTE_catalog_product_name","FPC","MAGE"],"mode":"matchingTag"}} []
[2026-09-24T07:13:29.377157+00:00] main.DEBUG: cache_invalidate:  {"method":"GET","url":"http:/","invalidateInfo":{"tags":["EAV_ATTRIBUTE_catalog_product_name","FPC"],"mode":"matchingTag"}} []
[2026-09-24T07:13:29.436224+00:00] main.DEBUG: cache_invalidate:  {"method":"GET","url":"http:/","invalidateInfo":{"tags":["cms_p","MAGE"],"mode":"matchingTag"}} []
[2026-09-24T07:13:29.436292+00:00] main.DEBUG: cache_invalidate:  {"method":"GET","url":"http:/","invalidateInfo":{"tags":["cms_p"],"mode":"matchingAnyTag"}} []
[2026-09-24T07:13:29.436391+00:00] main.DEBUG: cache_invalidate:  {"method":"GET","url":"http:/","invalidateInfo":{"tags":["cms_p_2","GRAPHQL_QUERY_RESOLVER_RESULT","MAGE"],"mode":"matchingTag"}} []
[2026-09-24T07:13:29.436418+00:00] main.DEBUG: cache_invalidate:  {"method":"GET","url":"http:/","invalidateInfo":{"tags":["cms_p_2","GRAPHQL_QUERY_RESOLVER_RESULT"],"mode":"matchingTag"}} []
[2026-09-24T07:13:29.436492+00:00] main.DEBUG: cache_invalidate:  {"method":"GET","url":"http:/","invalidateInfo":{"tags":["cms_p_2","FPC","MAGE"],"mode":"matchingTag"}} []
[2026-09-24T07:13:29.436515+00:00] main.DEBUG: cache_invalidate:  {"method":"GET","url":"http:/","invalidateInfo":{"tags":["cms_p_2","FPC"],"mode":"matchingTag"}} []
[2026-09-24T07:13:29.436949+00:00] main.DEBUG: cache_invalidate:  {"method":"GET","url":"http:/","invalidateInfo":{"tags":["cms_p_2","FPC","MAGE"],"mode":"matchingTag"}} []
[2026-09-24T07:13:29.436993+00:00] main.DEBUG: cache_invalidate:  {"method":"GET","url":"http:/","invalidateInfo":{"tags":["cms_p_2","FPC"],"mode":"matchingTag"}} []
[2026-09-24T07:13:29.535292+00:00] main.DEBUG: cache_invalidate:  {"method":"GET","url":"http:/","invalidateInfo":{"tags":["CONFIG","MAGE"],"mode":"matchingTag"}} []
[2026-09-24T07:13:29.535381+00:00] main.DEBUG: cache_invalidate:  {"method":"GET","url":"http:/","invalidateInfo":{"tags":["CONFIG"],"mode":"matchingTag"}} []
[2026-09-24T07:13:29.832494+00:00] main.DEBUG: cache_invalidate:  {"method":"GET","url":"http:/","invalidateInfo":{"identifier":"DB_PDO_MYSQL_DDL_design_config_grid_flat_1"}} []
[2026-09-24T07:13:29.832579+00:00] main.DEBUG: cache_invalidate:  {"method":"GET","url":"http:/","invalidateInfo":{"identifier":"DB_PDO_MYSQL_DDL_design_config_grid_flat_1"}} []
[2026-09-24T07:13:29.832695+00:00] main.DEBUG: cache_invalidate:  {"method":"GET","url":"http:/","invalidateInfo":{"identifier":"DB_PDO_MYSQL_DDL_design_config_grid_flat_2"}} []
[2026-09-24T07:13:29.832719+00:00] main.DEBUG: cache_invalidate:  {"method":"GET","url":"http:/","invalidateInfo":{"identifier":"DB_PDO_MYSQL_DDL_design_config_grid_flat_2"}} []
[2026-09-24T07:13:29.832827+00:00] main.DEBUG: cache_invalidate:  {"method":"GET","url":"http:/","invalidateInfo":{"identifier":"DB_PDO_MYSQL_DDL_design_config_grid_flat_3"}} []
[2026-09-24T07:13:29.832850+00:00] main.DEBUG: cache_invalidate:  {"method":"GET","url":"http:/","invalidateInfo":{"identifier":"DB_PDO_MYSQL_DDL_design_config_grid_flat_3"}} []
[2026-09-24T07:13:29.832955+00:00] main.DEBUG: cache_invalidate:  {"method":"GET","url":"http:/","invalidateInfo":{"identifier":"DB_PDO_MYSQL_DDL_design_config_grid_flat_4"}} []
[2026-09-24T07:13:29.832977+00:00] main.DEBUG: cache_invalidate:  {"method":"GET","url":"http:/","invalidateInfo":{"identifier":"DB_PDO_MYSQL_DDL_design_config_grid_flat_4"}} []
[2026-09-24T07:13:29.833082+00:00] main.DEBUG: cache_invalidate:  {"method":"GET","url":"http:/","invalidateInfo":{"identifier":"DB_PDO_MYSQL_DDL_design_config_grid_flat_5"}} []
[2026-09-24T07:13:29.833103+00:00] main.DEBUG: cache_invalidate:  {"method":"GET","url":"http:/","invalidateInfo":{"identifier":"DB_PDO_MYSQL_DDL_design_config_grid_flat_5"}} []
[2026-09-24T07:13:30.022097+00:00] main.DEBUG: cache_invalidate:  {"method":"GET","url":"http:/","invalidateInfo":{"identifier":"DB_PDO_MYSQL_DDL_customer_grid_flat_1"}} []
[2026-09-24T07:13:30.022203+00:00] main.DEBUG: cache_invalidate:  {"method":"GET","url":"http:/","invalidateInfo":{"identifier":"DB_PDO_MYSQL_DDL_customer_grid_flat_1"}} []
[2026-09-24T07:13:30.022371+00:00] main.DEBUG: cache_invalidate:  {"method":"GET","url":"http:/","invalidateInfo":{"identifier":"DB_PDO_MYSQL_DDL_customer_grid_flat_2"}} []
[2026-09-24T07:13:30.022403+00:00] main.DEBUG: cache_invalidate:  {"method":"GET","url":"http:/","invalidateInfo":{"identifier":"DB_PDO_MYSQL_DDL_customer_grid_flat_2"}} []
[2026-09-24T07:13:30.022523+00:00] main.DEBUG: cache_invalidate:  {"method":"GET","url":"http:/","invalidateInfo":{"identifier":"DB_PDO_MYSQL_DDL_customer_grid_flat_3"}} []
[2026-09-24T07:13:30.022564+00:00] main.DEBUG: cache_invalidate:  {"method":"GET","url":"http:/","invalidateInfo":{"identifier":"DB_PDO_MYSQL_DDL_customer_grid_flat_3"}} []
[2026-09-24T07:13:30.022689+00:00] main.DEBUG: cache_invalidate:  {"method":"GET","url":"http:/","invalidateInfo":{"identifier":"DB_PDO_MYSQL_DDL_customer_grid_flat_4"}} []
[2026-09-24T07:13:30.022712+00:00] main.DEBUG: cache_invalidate:  {"method":"GET","url":"http:/","invalidateInfo":{"identifier":"DB_PDO_MYSQL_DDL_customer_grid_flat_4"}} []
[2026-09-24T07:13:30.022824+00:00] main.DEBUG: cache_invalidate:  {"method":"GET","url":"http:/","invalidateInfo":{"identifier":"DB_PDO_MYSQL_DDL_customer_grid_flat_5"}} []
[2026-09-24T07:13:30.022847+00:00] main.DEBUG: cache_invalidate:  {"method":"GET","url":"http:/","invalidateInfo":{"identifier":"DB_PDO_MYSQL_DDL_customer_grid_flat_5"}} []
[2026-09-24T07:13:30.247448+00:00] main.DEBUG: cache_invalidate:  {"method":"GET","url":"http:/","invalidateInfo":{"tags":["CONFIG","MAGE"],"mode":"matchingTag"}} []
[2026-09-24T07:13:30.247586+00:00] main.DEBUG: cache_invalidate:  {"method":"GET","url":"http:/","invalidateInfo":{"tags":["CONFIG"],"mode":"matchingTag"}} []
[2026-09-24T07:13:30.315649+00:00] main.DEBUG: cache_invalidate:  {"method":"GET","url":"http:/","invalidateInfo":{"tags":["LAYOUT_GENERAL_CACHE_TAG","MAGE"],"mode":"matchingTag"}} []
[2026-09-24T07:13:30.315745+00:00] main.DEBUG: cache_invalidate:  {"method":"GET","url":"http:/","invalidateInfo":{"tags":["LAYOUT_GENERAL_CACHE_TAG"],"mode":"matchingTag"}} []
[2026-09-24T07:13:30.316121+00:00] main.DEBUG: cache_invalidate:  {"method":"GET","url":"http:/","invalidateInfo":{"tags":["BLOCK_HTML","MAGE"],"mode":"matchingTag"}} []
[2026-09-24T07:13:30.316167+00:00] main.DEBUG: cache_invalidate:  {"method":"GET","url":"http:/","invalidateInfo":{"tags":["BLOCK_HTML"],"mode":"matchingTag"}} []
[2026-09-24T07:13:30.316543+00:00] main.DEBUG: cache_invalidate:  {"method":"GET","url":"http:/","invalidateInfo":{"tags":["COLLECTION_DATA","MAGE"],"mode":"matchingTag"}} []
[2026-09-24T07:13:30.316579+00:00] main.DEBUG: cache_invalidate:  {"method":"GET","url":"http:/","invalidateInfo":{"tags":["COLLECTION_DATA"],"mode":"matchingTag"}} []
[2026-09-24T07:13:30.316947+00:00] main.DEBUG: cache_invalidate:  {"method":"GET","url":"http:/","invalidateInfo":{"tags":["REFLECTION","MAGE"],"mode":"matchingTag"}} []
[2026-09-24T07:13:30.316978+00:00] main.DEBUG: cache_invalidate:  {"method":"GET","url":"http:/","invalidateInfo":{"tags":["REFLECTION"],"mode":"matchingTag"}} []
[2026-09-24T07:13:30.317522+00:00] main.DEBUG: cache_invalidate:  {"method":"GET","url":"http:/","invalidateInfo":{"tags":["DB_DDL","MAGE"],"mode":"matchingTag"}} []
[2026-09-24T07:13:30.317570+00:00] main.DEBUG: cache_invalidate:  {"method":"GET","url":"http:/","invalidateInfo":{"tags":["DB_DDL"],"mode":"matchingTag"}} []
[2026-09-24T07:13:30.317949+00:00] main.DEBUG: cache_invalidate:  {"method":"GET","url":"http:/","invalidateInfo":{"tags":["COMPILED_CONFIG","MAGE"],"mode":"matchingTag"}} []
[2026-09-24T07:13:30.317981+00:00] main.DEBUG: cache_invalidate:  {"method":"GET","url":"http:/","invalidateInfo":{"tags":["COMPILED_CONFIG"],"mode":"matchingTag"}} []
[2026-09-24T07:13:30.318482+00:00] main.DEBUG: cache_invalidate:  {"method":"GET","url":"http:/","invalidateInfo":{"tags":["EAV","MAGE"],"mode":"matchingTag"}} []
[2026-09-24T07:13:30.318513+00:00] main.DEBUG: cache_invalidate:  {"method":"GET","url":"http:/","invalidateInfo":{"tags":["EAV"],"mode":"matchingTag"}} []
[2026-09-24T07:13:30.318874+00:00] main.DEBUG: cache_invalidate:  {"method":"GET","url":"http:/","invalidateInfo":{"tags":["CUSTOMER_NOTIFICATION","MAGE"],"mode":"matchingTag"}} []
[2026-09-24T07:13:30.318906+00:00] main.DEBUG: cache_invalidate:  {"method":"GET","url":"http:/","invalidateInfo":{"tags":["CUSTOMER_NOTIFICATION"],"mode":"matchingTag"}} []
[2026-09-24T07:13:30.319267+00:00] main.DEBUG: cache_invalidate:  {"method":"GET","url":"http:/","invalidateInfo":{"tags":["INTEGRATION","MAGE"],"mode":"matchingTag"}} []
[2026-09-24T07:13:30.319299+00:00] main.DEBUG: cache_invalidate:  {"method":"GET","url":"http:/","invalidateInfo":{"tags":["INTEGRATION"],"mode":"matchingTag"}} []
[2026-09-24T07:13:30.319662+00:00] main.DEBUG: cache_invalidate:  {"method":"GET","url":"http:/","invalidateInfo":{"tags":["INTEGRATION_API_CONFIG","MAGE"],"mode":"matchingTag"}} []
[2026-09-24T07:13:30.319694+00:00] main.DEBUG: cache_invalidate:  {"method":"GET","url":"http:/","invalidateInfo":{"tags":["INTEGRATION_API_CONFIG"],"mode":"matchingTag"}} []
[2026-09-24T07:13:30.320048+00:00] main.DEBUG: cache_invalidate:  {"method":"GET","url":"http:/","invalidateInfo":{"tags":["GRAPHQL_QUERY_RESOLVER_RESULT","MAGE"],"mode":"matchingTag"}} []
[2026-09-24T07:13:30.320079+00:00] main.DEBUG: cache_invalidate:  {"method":"GET","url":"http:/","invalidateInfo":{"tags":["GRAPHQL_QUERY_RESOLVER_RESULT"],"mode":"matchingTag"}} []
[2026-09-24T07:13:30.320467+00:00] main.DEBUG: cache_invalidate:  {"method":"GET","url":"http:/","invalidateInfo":{"tags":["FPC","MAGE"],"mode":"matchingTag"}} []
[2026-09-24T07:13:30.320497+00:00] main.DEBUG: cache_invalidate:  {"method":"GET","url":"http:/","invalidateInfo":{"tags":["FPC"],"mode":"matchingTag"}} []
[2026-09-24T07:13:30.320870+00:00] main.DEBUG: cache_invalidate:  {"method":"GET","url":"http:/","invalidateInfo":{"tags":["WEBSERVICE","MAGE"],"mode":"matchingTag"}} []
[2026-09-24T07:13:30.320902+00:00] main.DEBUG: cache_invalidate:  {"method":"GET","url":"http:/","invalidateInfo":{"tags":["WEBSERVICE"],"mode":"matchingTag"}} []
[2026-09-24T07:13:30.321258+00:00] main.DEBUG: cache_invalidate:  {"method":"GET","url":"http:/","invalidateInfo":{"tags":["TRANSLATE","MAGE"],"mode":"matchingTag"}} []
[2026-09-24T07:13:30.321289+00:00] main.DEBUG: cache_invalidate:  {"method":"GET","url":"http:/","invalidateInfo":{"tags":["TRANSLATE"],"mode":"matchingTag"}} []
[2026-09-24T07:13:30.345829+00:00] main.DEBUG: cache_invalidate:  {"method":"GET","url":"http:/","invalidateInfo":{"identifier":"DB_PDO_MYSQL_DDL_cataloginventory_stock_status_1"}} []
[2026-09-24T07:13:30.345897+00:00] main.DEBUG: cache_invalidate:  {"method":"GET","url":"http:/","invalidateInfo":{"identifier":"DB_PDO_MYSQL_DDL_cataloginventory_stock_status_1"}} []
[2026-09-24T07:13:30.346009+00:00] main.DEBUG: cache_invalidate:  {"method":"GET","url":"http:/","invalidateInfo":{"identifier":"DB_PDO_MYSQL_DDL_cataloginventory_stock_status_2"}} []
[2026-09-24T07:13:30.346051+00:00] main.DEBUG: cache_invalidate:  {"method":"GET","url":"http:/","invalidateInfo":{"identifier":"DB_PDO_MYSQL_DDL_cataloginventory_stock_status_2"}} []
[2026-09-24T07:13:30.346156+00:00] main.DEBUG: cache_invalidate:  {"method":"GET","url":"http:/","invalidateInfo":{"identifier":"DB_PDO_MYSQL_DDL_cataloginventory_stock_status_3"}} []
[2026-09-24T07:13:30.346178+00:00] main.DEBUG: cache_invalidate:  {"method":"GET","url":"http:/","invalidateInfo":{"identifier":"DB_PDO_MYSQL_DDL_cataloginventory_stock_status_3"}} []
[2026-09-24T07:13:30.346293+00:00] main.DEBUG: cache_invalidate:  {"method":"GET","url":"http:/","invalidateInfo":{"identifier":"DB_PDO_MYSQL_DDL_cataloginventory_stock_status_4"}} []
[2026-09-24T07:13:30.346315+00:00] main.DEBUG: cache_invalidate:  {"method":"GET","url":"http:/","invalidateInfo":{"identifier":"DB_PDO_MYSQL_DDL_cataloginventory_stock_status_4"}} []
[2026-09-24T07:13:30.346417+00:00] main.DEBUG: cache_invalidate:  {"method":"GET","url":"http:/","invalidateInfo":{"identifier":"DB_PDO_MYSQL_DDL_cataloginventory_stock_status_5"}} []
[2026-09-24T07:13:30.346439+00:00] main.DEBUG: cache_invalidate:  {"method":"GET","url":"http:/","invalidateInfo":{"identifier":"DB_PDO_MYSQL_DDL_cataloginventory_stock_status_5"}} []
[2026-09-24T07:13:30.346585+00:00] main.DEBUG: cache_invalidate:  {"method":"GET","url":"http:/","invalidateInfo":{"identifier":"DB_PDO_MYSQL_DDL_cataloginventory_stock_status_outdated_1"}} []
[2026-09-24T07:13:30.346635+00:00] main.DEBUG: cache_invalidate:  {"method":"GET","url":"http:/","invalidateInfo":{"identifier":"DB_PDO_MYSQL_DDL_cataloginventory_stock_status_outdated_1"}} []
[2026-09-24T07:13:30.346795+00:00] main.DEBUG: cache_invalidate:  {"method":"GET","url":"http:/","invalidateInfo":{"identifier":"DB_PDO_MYSQL_DDL_cataloginventory_stock_status_outdated_2"}} []
[2026-09-24T07:13:30.346842+00:00] main.DEBUG: cache_invalidate:  {"method":"GET","url":"http:/","invalidateInfo":{"identifier":"DB_PDO_MYSQL_DDL_cataloginventory_stock_status_outdated_2"}} []
[2026-09-24T07:13:30.346961+00:00] main.DEBUG: cache_invalidate:  {"method":"GET","url":"http:/","invalidateInfo":{"identifier":"DB_PDO_MYSQL_DDL_cataloginventory_stock_status_outdated_3"}} []
[2026-09-24T07:13:30.346986+00:00] main.DEBUG: cache_invalidate:  {"method":"GET","url":"http:/","invalidateInfo":{"identifier":"DB_PDO_MYSQL_DDL_cataloginventory_stock_status_outdated_3"}} []
[2026-09-24T07:13:30.347098+00:00] main.DEBUG: cache_invalidate:  {"method":"GET","url":"http:/","invalidateInfo":{"identifier":"DB_PDO_MYSQL_DDL_cataloginventory_stock_status_outdated_4"}} []
[2026-09-24T07:13:30.347121+00:00] main.DEBUG: cache_invalidate:  {"method":"GET","url":"http:/","invalidateInfo":{"identifier":"DB_PDO_MYSQL_DDL_cataloginventory_stock_status_outdated_4"}} []
[2026-09-24T07:13:30.347229+00:00] main.DEBUG: cache_invalidate:  {"method":"GET","url":"http:/","invalidateInfo":{"identifier":"DB_PDO_MYSQL_DDL_cataloginventory_stock_status_outdated_5"}} []
[2026-09-24T07:13:30.347251+00:00] main.DEBUG: cache_invalidate:  {"method":"GET","url":"http:/","invalidateInfo":{"identifier":"DB_PDO_MYSQL_DDL_cataloginventory_stock_status_outdated_5"}} []
[2026-09-24T07:13:30.347364+00:00] main.DEBUG: cache_invalidate:  {"method":"GET","url":"http:/","invalidateInfo":{"identifier":"DB_PDO_MYSQL_DDL_cataloginventory_stock_status_replica_1"}} []
[2026-09-24T07:13:30.347385+00:00] main.DEBUG: cache_invalidate:  {"method":"GET","url":"http:/","invalidateInfo":{"identifier":"DB_PDO_MYSQL_DDL_cataloginventory_stock_status_replica_1"}} []
[2026-09-24T07:13:30.347492+00:00] main.DEBUG: cache_invalidate:  {"method":"GET","url":"http:/","invalidateInfo":{"identifier":"DB_PDO_MYSQL_DDL_cataloginventory_stock_status_replica_2"}} []
[2026-09-24T07:13:30.347513+00:00] main.DEBUG: cache_invalidate:  {"method":"GET","url":"http:/","invalidateInfo":{"identifier":"DB_PDO_MYSQL_DDL_cataloginventory_stock_status_replica_2"}} []
[2026-09-24T07:13:30.347639+00:00] main.DEBUG: cache_invalidate:  {"method":"GET","url":"http:/","invalidateInfo":{"identifier":"DB_PDO_MYSQL_DDL_cataloginventory_stock_status_replica_3"}} []
[2026-09-24T07:13:30.347661+00:00] main.DEBUG: cache_invalidate:  {"method":"GET","url":"http:/","invalidateInfo":{"identifier":"DB_PDO_MYSQL_DDL_cataloginventory_stock_status_replica_3"}} []
[2026-09-24T07:13:30.347766+00:00] main.DEBUG: cache_invalidate:  {"method":"GET","url":"http:/","invalidateInfo":{"identifier":"DB_PDO_MYSQL_DDL_cataloginventory_stock_status_replica_4"}} []
[2026-09-24T07:13:30.347787+00:00] main.DEBUG: cache_invalidate:  {"method":"GET","url":"http:/","invalidateInfo":{"identifier":"DB_PDO_MYSQL_DDL_cataloginventory_stock_status_replica_4"}} []
[2026-09-24T07:13:30.347907+00:00] main.DEBUG: cache_invalidate:  {"method":"GET","url":"http:/","invalidateInfo":{"identifier":"DB_PDO_MYSQL_DDL_cataloginventory_stock_status_replica_5"}} []
[2026-09-24T07:13:30.347928+00:00] main.DEBUG: cache_invalidate:  {"method":"GET","url":"http:/","invalidateInfo":{"identifier":"DB_PDO_MYSQL_DDL_cataloginventory_stock_status_replica_5"}} []
[2026-09-24T07:13:30.348102+00:00] main.DEBUG: cache_invalidate:  {"method":"GET","url":"http:/","invalidateInfo":{"tags":["cat_c","FPC","MAGE"],"mode":"matchingTag"}} []
[2026-09-24T07:13:30.348133+00:00] main.DEBUG: cache_invalidate:  {"method":"GET","url":"http:/","invalidateInfo":{"tags":["cat_c","FPC"],"mode":"matchingTag"}} []
[2026-09-24T07:13:30.348187+00:00] main.DEBUG: cache_invalidate:  {"method":"GET","url":"http:/","invalidateInfo":{"tags":["cat_p","FPC","MAGE"],"mode":"matchingTag"}} []
[2026-09-24T07:13:30.348209+00:00] main.DEBUG: cache_invalidate:  {"method":"GET","url":"http:/","invalidateInfo":{"tags":["cat_p","FPC"],"mode":"matchingTag"}} []
[2026-09-24T07:13:30.348266+00:00] main.DEBUG: cache_invalidate:  {"method":"GET","url":"http:/","invalidateInfo":{"tags":["cat_c","MAGE"],"mode":"matchingTag"}} []
[2026-09-24T07:13:30.348320+00:00] main.DEBUG: cache_invalidate:  {"method":"GET","url":"http:/","invalidateInfo":{"tags":["cat_p","MAGE"],"mode":"matchingTag"}} []
[2026-09-24T07:13:30.348341+00:00] main.DEBUG: cache_invalidate:  {"method":"GET","url":"http:/","invalidateInfo":{"tags":["cat_c","cat_p"],"mode":"matchingAnyTag"}} []
[2026-09-24T07:13:30.361506+00:00] main.DEBUG: cache_invalidate:  {"method":"GET","url":"http:/","invalidateInfo":{"identifier":"DB_PDO_MYSQL_DDL_customer_grid_flat_1"}} []
[2026-09-24T07:13:30.361570+00:00] main.DEBUG: cache_invalidate:  {"method":"GET","url":"http:/","invalidateInfo":{"identifier":"DB_PDO_MYSQL_DDL_customer_grid_flat_1"}} []
[2026-09-24T07:13:30.361683+00:00] main.DEBUG: cache_invalidate:  {"method":"GET","url":"http:/","invalidateInfo":{"identifier":"DB_PDO_MYSQL_DDL_customer_grid_flat_2"}} []
[2026-09-24T07:13:30.361707+00:00] main.DEBUG: cache_invalidate:  {"method":"GET","url":"http:/","invalidateInfo":{"identifier":"DB_PDO_MYSQL_DDL_customer_grid_flat_2"}} []
[2026-09-24T07:13:30.361816+00:00] main.DEBUG: cache_invalidate:  {"method":"GET","url":"http:/","invalidateInfo":{"identifier":"DB_PDO_MYSQL_DDL_customer_grid_flat_3"}} []
[2026-09-24T07:13:30.361838+00:00] main.DEBUG: cache_invalidate:  {"method":"GET","url":"http:/","invalidateInfo":{"identifier":"DB_PDO_MYSQL_DDL_customer_grid_flat_3"}} []
[2026-09-24T07:13:30.361943+00:00] main.DEBUG: cache_invalidate:  {"method":"GET","url":"http:/","invalidateInfo":{"identifier":"DB_PDO_MYSQL_DDL_customer_grid_flat_4"}} []
[2026-09-24T07:13:30.361964+00:00] main.DEBUG: cache_invalidate:  {"method":"GET","url":"http:/","invalidateInfo":{"identifier":"DB_PDO_MYSQL_DDL_customer_grid_flat_4"}} []
[2026-09-24T07:13:30.362087+00:00] main.DEBUG: cache_invalidate:  {"method":"GET","url":"http:/","invalidateInfo":{"identifier":"DB_PDO_MYSQL_DDL_customer_grid_flat_5"}} []
[2026-09-24T07:13:30.362108+00:00] main.DEBUG: cache_invalidate:  {"method":"GET","url":"http:/","invalidateInfo":{"identifier":"DB_PDO_MYSQL_DDL_customer_grid_flat_5"}} []
[2026-09-24T07:13:30.523170+00:00] main.DEBUG: cache_invalidate:  {"method":"GET","url":"http:/","invalidateInfo":{"identifier":"DB_PDO_MYSQL_DDL_customer_grid_flat_1"}} []
[2026-09-24T07:13:30.523243+00:00] main.DEBUG: cache_invalidate:  {"method":"GET","url":"http:/","invalidateInfo":{"identifier":"DB_PDO_MYSQL_DDL_customer_grid_flat_1"}} []
[2026-09-24T07:13:30.523363+00:00] main.DEBUG: cache_invalidate:  {"method":"GET","url":"http:/","invalidateInfo":{"identifier":"DB_PDO_MYSQL_DDL_customer_grid_flat_2"}} []
[2026-09-24T07:13:30.523388+00:00] main.DEBUG: cache_invalidate:  {"method":"GET","url":"http:/","invalidateInfo":{"identifier":"DB_PDO_MYSQL_DDL_customer_grid_flat_2"}} []
[2026-09-24T07:13:30.523494+00:00] main.DEBUG: cache_invalidate:  {"method":"GET","url":"http:/","invalidateInfo":{"identifier":"DB_PDO_MYSQL_DDL_customer_grid_flat_3"}} []
[2026-09-24T07:13:30.523517+00:00] main.DEBUG: cache_invalidate:  {"method":"GET","url":"http:/","invalidateInfo":{"identifier":"DB_PDO_MYSQL_DDL_customer_grid_flat_3"}} []
[2026-09-24T07:13:30.523642+00:00] main.DEBUG: cache_invalidate:  {"method":"GET","url":"http:/","invalidateInfo":{"identifier":"DB_PDO_MYSQL_DDL_customer_grid_flat_4"}} []
[2026-09-24T07:13:30.523664+00:00] main.DEBUG: cache_invalidate:  {"method":"GET","url":"http:/","invalidateInfo":{"identifier":"DB_PDO_MYSQL_DDL_customer_grid_flat_4"}} []
[2026-09-24T07:13:30.523767+00:00] main.DEBUG: cache_invalidate:  {"method":"GET","url":"http:/","invalidateInfo":{"identifier":"DB_PDO_MYSQL_DDL_customer_grid_flat_5"}} []
[2026-09-24T07:13:30.523788+00:00] main.DEBUG: cache_invalidate:  {"method":"GET","url":"http:/","invalidateInfo":{"identifier":"DB_PDO_MYSQL_DDL_customer_grid_flat_5"}} []
[2026-09-24T07:13:30.568892+00:00] main.DEBUG: cache_invalidate:  {"method":"GET","url":"http:/","invalidateInfo":{"identifier":"DB_PDO_MYSQL_DDL_catalog_category_product_index_store1_1"}} []
[2026-09-24T07:13:30.568983+00:00] main.DEBUG: cache_invalidate:  {"method":"GET","url":"http:/","invalidateInfo":{"identifier":"DB_PDO_MYSQL_DDL_catalog_category_product_index_store1_1"}} []
[2026-09-24T07:13:30.569107+00:00] main.DEBUG: cache_invalidate:  {"method":"GET","url":"http:/","invalidateInfo":{"identifier":"DB_PDO_MYSQL_DDL_catalog_category_product_index_store1_2"}} []
[2026-09-24T07:13:30.569132+00:00] main.DEBUG: cache_invalidate:  {"method":"GET","url":"http:/","invalidateInfo":{"identifier":"DB_PDO_MYSQL_DDL_catalog_category_product_index_store1_2"}} []
[2026-09-24T07:13:30.569245+00:00] main.DEBUG: cache_invalidate:  {"method":"GET","url":"http:/","invalidateInfo":{"identifier":"DB_PDO_MYSQL_DDL_catalog_category_product_index_store1_3"}} []
[2026-09-24T07:13:30.569268+00:00] main.DEBUG: cache_invalidate:  {"method":"GET","url":"http:/","invalidateInfo":{"identifier":"DB_PDO_MYSQL_DDL_catalog_category_product_index_store1_3"}} []
[2026-09-24T07:13:30.569378+00:00] main.DEBUG: cache_invalidate:  {"method":"GET","url":"http:/","invalidateInfo":{"identifier":"DB_PDO_MYSQL_DDL_catalog_category_product_index_store1_4"}} []
[2026-09-24T07:13:30.569404+00:00] main.DEBUG: cache_invalidate:  {"method":"GET","url":"http:/","invalidateInfo":{"identifier":"DB_PDO_MYSQL_DDL_catalog_category_product_index_store1_4"}} []
[2026-09-24T07:13:30.569537+00:00] main.DEBUG: cache_invalidate:  {"method":"GET","url":"http:/","invalidateInfo":{"identifier":"DB_PDO_MYSQL_DDL_catalog_category_product_index_store1_5"}} []
[2026-09-24T07:13:30.569560+00:00] main.DEBUG: cache_invalidate:  {"method":"GET","url":"http:/","invalidateInfo":{"identifier":"DB_PDO_MYSQL_DDL_catalog_category_product_index_store1_5"}} []
[2026-09-24T07:13:30.569674+00:00] main.DEBUG: cache_invalidate:  {"method":"GET","url":"http:/","invalidateInfo":{"identifier":"DB_PDO_MYSQL_DDL_catalog_category_product_index_store1_outdated_1"}} []
[2026-09-24T07:13:30.569697+00:00] main.DEBUG: cache_invalidate:  {"method":"GET","url":"http:/","invalidateInfo":{"identifier":"DB_PDO_MYSQL_DDL_catalog_category_product_index_store1_outdated_1"}} []
[2026-09-24T07:13:30.569819+00:00] main.DEBUG: cache_invalidate:  {"method":"GET","url":"http:/","invalidateInfo":{"identifier":"DB_PDO_MYSQL_DDL_catalog_category_product_index_store1_outdated_2"}} []
[2026-09-24T07:13:30.569841+00:00] main.DEBUG: cache_invalidate:  {"method":"GET","url":"http:/","invalidateInfo":{"identifier":"DB_PDO_MYSQL_DDL_catalog_category_product_index_store1_outdated_2"}} []
[2026-09-24T07:13:30.569949+00:00] main.DEBUG: cache_invalidate:  {"method":"GET","url":"http:/","invalidateInfo":{"identifier":"DB_PDO_MYSQL_DDL_catalog_category_product_index_store1_outdated_3"}} []
[2026-09-24T07:13:30.569971+00:00] main.DEBUG: cache_invalidate:  {"method":"GET","url":"http:/","invalidateInfo":{"identifier":"DB_PDO_MYSQL_DDL_catalog_category_product_index_store1_outdated_3"}} []
[2026-09-24T07:13:30.570077+00:00] main.DEBUG: cache_invalidate:  {"method":"GET","url":"http:/","invalidateInfo":{"identifier":"DB_PDO_MYSQL_DDL_catalog_category_product_index_store1_outdated_4"}} []
[2026-09-24T07:13:30.570099+00:00] main.DEBUG: cache_invalidate:  {"method":"GET","url":"http:/","invalidateInfo":{"identifier":"DB_PDO_MYSQL_DDL_catalog_category_product_index_store1_outdated_4"}} []
[2026-09-24T07:13:30.570205+00:00] main.DEBUG: cache_invalidate:  {"method":"GET","url":"http:/","invalidateInfo":{"identifier":"DB_PDO_MYSQL_DDL_catalog_category_product_index_store1_outdated_5"}} []
[2026-09-24T07:13:30.570227+00:00] main.DEBUG: cache_invalidate:  {"method":"GET","url":"http:/","invalidateInfo":{"identifier":"DB_PDO_MYSQL_DDL_catalog_category_product_index_store1_outdated_5"}} []
[2026-09-24T07:13:30.570371+00:00] main.DEBUG: cache_invalidate:  {"method":"GET","url":"http:/","invalidateInfo":{"identifier":"DB_PDO_MYSQL_DDL_catalog_category_product_index_store1_replica_1"}} []
[2026-09-24T07:13:30.570393+00:00] main.DEBUG: cache_invalidate:  {"method":"GET","url":"http:/","invalidateInfo":{"identifier":"DB_PDO_MYSQL_DDL_catalog_category_product_index_store1_replica_1"}} []
[2026-09-24T07:13:30.570502+00:00] main.DEBUG: cache_invalidate:  {"method":"GET","url":"http:/","invalidateInfo":{"identifier":"DB_PDO_MYSQL_DDL_catalog_category_product_index_store1_replica_2"}} []
[2026-09-24T07:13:30.570523+00:00] main.DEBUG: cache_invalidate:  {"method":"GET","url":"http:/","invalidateInfo":{"identifier":"DB_PDO_MYSQL_DDL_catalog_category_product_index_store1_replica_2"}} []
[2026-09-24T07:13:30.570659+00:00] main.DEBUG: cache_invalidate:  {"method":"GET","url":"http:/","invalidateInfo":{"identifier":"DB_PDO_MYSQL_DDL_catalog_category_product_index_store1_replica_3"}} []
[2026-09-24T07:13:30.570681+00:00] main.DEBUG: cache_invalidate:  {"method":"GET","url":"http:/","invalidateInfo":{"identifier":"DB_PDO_MYSQL_DDL_catalog_category_product_index_store1_replica_3"}} []
[2026-09-24T07:13:30.570789+00:00] main.DEBUG: cache_invalidate:  {"method":"GET","url":"http:/","invalidateInfo":{"identifier":"DB_PDO_MYSQL_DDL_catalog_category_product_index_store1_replica_4"}} []
[2026-09-24T07:13:30.570813+00:00] main.DEBUG: cache_invalidate:  {"method":"GET","url":"http:/","invalidateInfo":{"identifier":"DB_PDO_MYSQL_DDL_catalog_category_product_index_store1_replica_4"}} []
[2026-09-24T07:13:30.570931+00:00] main.DEBUG: cache_invalidate:  {"method":"GET","url":"http:/","invalidateInfo":{"identifier":"DB_PDO_MYSQL_DDL_catalog_category_product_index_store1_replica_5"}} []
[2026-09-24T07:13:30.570952+00:00] main.DEBUG: cache_invalidate:  {"method":"GET","url":"http:/","invalidateInfo":{"identifier":"DB_PDO_MYSQL_DDL_catalog_category_product_index_store1_replica_5"}} []
[2026-09-24T07:13:30.571293+00:00] main.DEBUG: cache_invalidate:  {"method":"GET","url":"http:/","invalidateInfo":{"tags":["cat_c","FPC","MAGE"],"mode":"matchingTag"}} []
[2026-09-24T07:13:30.571323+00:00] main.DEBUG: cache_invalidate:  {"method":"GET","url":"http:/","invalidateInfo":{"tags":["cat_c","FPC"],"mode":"matchingTag"}} []
[2026-09-24T07:13:30.571401+00:00] main.DEBUG: cache_invalidate:  {"method":"GET","url":"http:/","invalidateInfo":{"tags":["cat_c","MAGE"],"mode":"matchingTag"}} []
[2026-09-24T07:13:30.571451+00:00] main.DEBUG: cache_invalidate:  {"method":"GET","url":"http:/","invalidateInfo":{"tags":["cat_c"],"mode":"matchingAnyTag"}} []
[2026-09-24T07:13:30.608652+00:00] main.DEBUG: cache_invalidate:  {"method":"GET","url":"http:/","invalidateInfo":{"identifier":"DB_PDO_MYSQL_DDL_catalog_category_product_index_store1_1"}} []
[2026-09-24T07:13:30.608725+00:00] main.DEBUG: cache_invalidate:  {"method":"GET","url":"http:/","invalidateInfo":{"identifier":"DB_PDO_MYSQL_DDL_catalog_category_product_index_store1_1"}} []
[2026-09-24T07:13:30.608844+00:00] main.DEBUG: cache_invalidate:  {"method":"GET","url":"http:/","invalidateInfo":{"identifier":"DB_PDO_MYSQL_DDL_catalog_category_product_index_store1_2"}} []
[2026-09-24T07:13:30.608868+00:00] main.DEBUG: cache_invalidate:  {"method":"GET","url":"http:/","invalidateInfo":{"identifier":"DB_PDO_MYSQL_DDL_catalog_category_product_index_store1_2"}} []
[2026-09-24T07:13:30.608978+00:00] main.DEBUG: cache_invalidate:  {"method":"GET","url":"http:/","invalidateInfo":{"identifier":"DB_PDO_MYSQL_DDL_catalog_category_product_index_store1_3"}} []
[2026-09-24T07:13:30.609000+00:00] main.DEBUG: cache_invalidate:  {"method":"GET","url":"http:/","invalidateInfo":{"identifier":"DB_PDO_MYSQL_DDL_catalog_category_product_index_store1_3"}} []
[2026-09-24T07:13:30.609104+00:00] main.DEBUG: cache_invalidate:  {"method":"GET","url":"http:/","invalidateInfo":{"identifier":"DB_PDO_MYSQL_DDL_catalog_category_product_index_store1_4"}} []
[2026-09-24T07:13:30.609126+00:00] main.DEBUG: cache_invalidate:  {"method":"GET","url":"http:/","invalidateInfo":{"identifier":"DB_PDO_MYSQL_DDL_catalog_category_product_index_store1_4"}} []
[2026-09-24T07:13:30.609251+00:00] main.DEBUG: cache_invalidate:  {"method":"GET","url":"http:/","invalidateInfo":{"identifier":"DB_PDO_MYSQL_DDL_catalog_category_product_index_store1_5"}} []
[2026-09-24T07:13:30.609273+00:00] main.DEBUG: cache_invalidate:  {"method":"GET","url":"http:/","invalidateInfo":{"identifier":"DB_PDO_MYSQL_DDL_catalog_category_product_index_store1_5"}} []
[2026-09-24T07:13:30.609379+00:00] main.DEBUG: cache_invalidate:  {"method":"GET","url":"http:/","invalidateInfo":{"identifier":"DB_PDO_MYSQL_DDL_catalog_category_product_index_store1_outdated_1"}} []
[2026-09-24T07:13:30.609401+00:00] main.DEBUG: cache_invalidate:  {"method":"GET","url":"http:/","invalidateInfo":{"identifier":"DB_PDO_MYSQL_DDL_catalog_category_product_index_store1_outdated_1"}} []
[2026-09-24T07:13:30.609503+00:00] main.DEBUG: cache_invalidate:  {"method":"GET","url":"http:/","invalidateInfo":{"identifier":"DB_PDO_MYSQL_DDL_catalog_category_product_index_store1_outdated_2"}} []
[2026-09-24T07:13:30.609525+00:00] main.DEBUG: cache_invalidate:  {"method":"GET","url":"http:/","invalidateInfo":{"identifier":"DB_PDO_MYSQL_DDL_catalog_category_product_index_store1_outdated_2"}} []
[2026-09-24T07:13:30.609706+00:00] main.DEBUG: cache_invalidate:  {"method":"GET","url":"http:/","invalidateInfo":{"identifier":"DB_PDO_MYSQL_DDL_catalog_category_product_index_store1_outdated_3"}} []
[2026-09-24T07:13:30.609770+00:00] main.DEBUG: cache_invalidate:  {"method":"GET","url":"http:/","invalidateInfo":{"identifier":"DB_PDO_MYSQL_DDL_catalog_category_product_index_store1_outdated_3"}} []
[2026-09-24T07:13:30.609949+00:00] main.DEBUG: cache_invalidate:  {"method":"GET","url":"http:/","invalidateInfo":{"identifier":"DB_PDO_MYSQL_DDL_catalog_category_product_index_store1_outdated_4"}} []
[2026-09-24T07:13:30.609997+00:00] main.DEBUG: cache_invalidate:  {"method":"GET","url":"http:/","invalidateInfo":{"identifier":"DB_PDO_MYSQL_DDL_catalog_category_product_index_store1_outdated_4"}} []
[2026-09-24T07:13:30.610141+00:00] main.DEBUG: cache_invalidate:  {"method":"GET","url":"http:/","invalidateInfo":{"identifier":"DB_PDO_MYSQL_DDL_catalog_category_product_index_store1_outdated_5"}} []
[2026-09-24T07:13:30.610166+00:00] main.DEBUG: cache_invalidate:  {"method":"GET","url":"http:/","invalidateInfo":{"identifier":"DB_PDO_MYSQL_DDL_catalog_category_product_index_store1_outdated_5"}} []
[2026-09-24T07:13:30.610302+00:00] main.DEBUG: cache_invalidate:  {"method":"GET","url":"http:/","invalidateInfo":{"identifier":"DB_PDO_MYSQL_DDL_catalog_category_product_index_store1_replica_1"}} []
[2026-09-24T07:13:30.610335+00:00] main.DEBUG: cache_invalidate:  {"method":"GET","url":"http:/","invalidateInfo":{"identifier":"DB_PDO_MYSQL_DDL_catalog_category_product_index_store1_replica_1"}} []
[2026-09-24T07:13:30.610459+00:00] main.DEBUG: cache_invalidate:  {"method":"GET","url":"http:/","invalidateInfo":{"identifier":"DB_PDO_MYSQL_DDL_catalog_category_product_index_store1_replica_2"}} []
[2026-09-24T07:13:30.610484+00:00] main.DEBUG: cache_invalidate:  {"method":"GET","url":"http:/","invalidateInfo":{"identifier":"DB_PDO_MYSQL_DDL_catalog_category_product_index_store1_replica_2"}} []
[2026-09-24T07:13:30.610622+00:00] main.DEBUG: cache_invalidate:  {"method":"GET","url":"http:/","invalidateInfo":{"identifier":"DB_PDO_MYSQL_DDL_catalog_category_product_index_store1_replica_3"}} []
[2026-09-24T07:13:30.610651+00:00] main.DEBUG: cache_invalidate:  {"method":"GET","url":"http:/","invalidateInfo":{"identifier":"DB_PDO_MYSQL_DDL_catalog_category_product_index_store1_replica_3"}} []
[2026-09-24T07:13:30.610760+00:00] main.DEBUG: cache_invalidate:  {"method":"GET","url":"http:/","invalidateInfo":{"identifier":"DB_PDO_MYSQL_DDL_catalog_category_product_index_store1_replica_4"}} []
[2026-09-24T07:13:30.610782+00:00] main.DEBUG: cache_invalidate:  {"method":"GET","url":"http:/","invalidateInfo":{"identifier":"DB_PDO_MYSQL_DDL_catalog_category_product_index_store1_replica_4"}} []
[2026-09-24T07:13:30.610894+00:00] main.DEBUG: cache_invalidate:  {"method":"GET","url":"http:/","invalidateInfo":{"identifier":"DB_PDO_MYSQL_DDL_catalog_category_product_index_store1_replica_5"}} []
[2026-09-24T07:13:30.610915+00:00] main.DEBUG: cache_invalidate:  {"method":"GET","url":"http:/","invalidateInfo":{"identifier":"DB_PDO_MYSQL_DDL_catalog_category_product_index_store1_replica_5"}} []
[2026-09-24T07:13:30.611174+00:00] main.DEBUG: cache_invalidate:  {"method":"GET","url":"http:/","invalidateInfo":{"tags":["cat_c","FPC","MAGE"],"mode":"matchingTag"}} []
[2026-09-24T07:13:30.611202+00:00] main.DEBUG: cache_invalidate:  {"method":"GET","url":"http:/","invalidateInfo":{"tags":["cat_c","FPC"],"mode":"matchingTag"}} []
[2026-09-24T07:13:30.611256+00:00] main.DEBUG: cache_invalidate:  {"method":"GET","url":"http:/","invalidateInfo":{"tags":["cat_p","FPC","MAGE"],"mode":"matchingTag"}} []
[2026-09-24T07:13:30.611278+00:00] main.DEBUG: cache_invalidate:  {"method":"GET","url":"http:/","invalidateInfo":{"tags":["cat_p","FPC"],"mode":"matchingTag"}} []
[2026-09-24T07:13:30.611335+00:00] main.DEBUG: cache_invalidate:  {"method":"GET","url":"http:/","invalidateInfo":{"tags":["cat_c","MAGE"],"mode":"matchingTag"}} []
[2026-09-24T07:13:30.611388+00:00] main.DEBUG: cache_invalidate:  {"method":"GET","url":"http:/","invalidateInfo":{"tags":["cat_p","MAGE"],"mode":"matchingTag"}} []
[2026-09-24T07:13:30.611412+00:00] main.DEBUG: cache_invalidate:  {"method":"GET","url":"http:/","invalidateInfo":{"tags":["cat_c","cat_p"],"mode":"matchingAnyTag"}} []
[2026-09-24T07:13:30.644859+00:00] main.DEBUG: cache_invalidate:  {"method":"GET","url":"http:/","invalidateInfo":{"identifier":"DB_PDO_MYSQL_DDL_catalogrule_product_1"}} []
[2026-09-24T07:13:30.644934+00:00] main.DEBUG: cache_invalidate:  {"method":"GET","url":"http:/","invalidateInfo":{"identifier":"DB_PDO_MYSQL_DDL_catalogrule_product_1"}} []
[2026-09-24T07:13:30.645049+00:00] main.DEBUG: cache_invalidate:  {"method":"GET","url":"http:/","invalidateInfo":{"identifier":"DB_PDO_MYSQL_DDL_catalogrule_product_2"}} []
[2026-09-24T07:13:30.645073+00:00] main.DEBUG: cache_invalidate:  {"method":"GET","url":"http:/","invalidateInfo":{"identifier":"DB_PDO_MYSQL_DDL_catalogrule_product_2"}} []
[2026-09-24T07:13:30.645179+00:00] main.DEBUG: cache_invalidate:  {"method":"GET","url":"http:/","invalidateInfo":{"identifier":"DB_PDO_MYSQL_DDL_catalogrule_product_3"}} []
[2026-09-24T07:13:30.645201+00:00] main.DEBUG: cache_invalidate:  {"method":"GET","url":"http:/","invalidateInfo":{"identifier":"DB_PDO_MYSQL_DDL_catalogrule_product_3"}} []
[2026-09-24T07:13:30.645305+00:00] main.DEBUG: cache_invalidate:  {"method":"GET","url":"http:/","invalidateInfo":{"identifier":"DB_PDO_MYSQL_DDL_catalogrule_product_4"}} []
[2026-09-24T07:13:30.645327+00:00] main.DEBUG: cache_invalidate:  {"method":"GET","url":"http:/","invalidateInfo":{"identifier":"DB_PDO_MYSQL_DDL_catalogrule_product_4"}} []
[2026-09-24T07:13:30.645429+00:00] main.DEBUG: cache_invalidate:  {"method":"GET","url":"http:/","invalidateInfo":{"identifier":"DB_PDO_MYSQL_DDL_catalogrule_product_5"}} []
[2026-09-24T07:13:30.645450+00:00] main.DEBUG: cache_invalidate:  {"method":"GET","url":"http:/","invalidateInfo":{"identifier":"DB_PDO_MYSQL_DDL_catalogrule_product_5"}} []
[2026-09-24T07:13:30.645596+00:00] main.DEBUG: cache_invalidate:  {"method":"GET","url":"http:/","invalidateInfo":{"identifier":"DB_PDO_MYSQL_DDL_catalogrule_productef5cc95a_1"}} []
[2026-09-24T07:13:30.645643+00:00] main.DEBUG: cache_invalidate:  {"method":"GET","url":"http:/","invalidateInfo":{"identifier":"DB_PDO_MYSQL_DDL_catalogrule_productef5cc95a_1"}} []
[2026-09-24T07:13:30.645772+00:00] main.DEBUG: cache_invalidate:  {"method":"GET","url":"http:/","invalidateInfo":{"identifier":"DB_PDO_MYSQL_DDL_catalogrule_productef5cc95a_2"}} []
[2026-09-24T07:13:30.645797+00:00] main.DEBUG: cache_invalidate:  {"method":"GET","url":"http:/","invalidateInfo":{"identifier":"DB_PDO_MYSQL_DDL_catalogrule_productef5cc95a_2"}} []
[2026-09-24T07:13:30.645908+00:00] main.DEBUG: cache_invalidate:  {"method":"GET","url":"http:/","invalidateInfo":{"identifier":"DB_PDO_MYSQL_DDL_catalogrule_productef5cc95a_3"}} []
[2026-09-24T07:13:30.645931+00:00] main.DEBUG: cache_invalidate:  {"method":"GET","url":"http:/","invalidateInfo":{"identifier":"DB_PDO_MYSQL_DDL_catalogrule_productef5cc95a_3"}} []
[2026-09-24T07:13:30.646041+00:00] main.DEBUG: cache_invalidate:  {"method":"GET","url":"http:/","invalidateInfo":{"identifier":"DB_PDO_MYSQL_DDL_catalogrule_productef5cc95a_4"}} []
[2026-09-24T07:13:30.646063+00:00] main.DEBUG: cache_invalidate:  {"method":"GET","url":"http:/","invalidateInfo":{"identifier":"DB_PDO_MYSQL_DDL_catalogrule_productef5cc95a_4"}} []
[2026-09-24T07:13:30.646167+00:00] main.DEBUG: cache_invalidate:  {"method":"GET","url":"http:/","invalidateInfo":{"identifier":"DB_PDO_MYSQL_DDL_catalogrule_productef5cc95a_5"}} []
[2026-09-24T07:13:30.646189+00:00] main.DEBUG: cache_invalidate:  {"method":"GET","url":"http:/","invalidateInfo":{"identifier":"DB_PDO_MYSQL_DDL_catalogrule_productef5cc95a_5"}} []
[2026-09-24T07:13:30.646294+00:00] main.DEBUG: cache_invalidate:  {"method":"GET","url":"http:/","invalidateInfo":{"identifier":"DB_PDO_MYSQL_DDL_catalogrule_product__temp721a173b_1"}} []
[2026-09-24T07:13:30.646316+00:00] main.DEBUG: cache_invalidate:  {"method":"GET","url":"http:/","invalidateInfo":{"identifier":"DB_PDO_MYSQL_DDL_catalogrule_product__temp721a173b_1"}} []
[2026-09-24T07:13:30.646421+00:00] main.DEBUG: cache_invalidate:  {"method":"GET","url":"http:/","invalidateInfo":{"identifier":"DB_PDO_MYSQL_DDL_catalogrule_product__temp721a173b_2"}} []
[2026-09-24T07:13:30.646442+00:00] main.DEBUG: cache_invalidate:  {"method":"GET","url":"http:/","invalidateInfo":{"identifier":"DB_PDO_MYSQL_DDL_catalogrule_product__temp721a173b_2"}} []
[2026-09-24T07:13:30.646571+00:00] main.DEBUG: cache_invalidate:  {"method":"GET","url":"http:/","invalidateInfo":{"identifier":"DB_PDO_MYSQL_DDL_catalogrule_product__temp721a173b_3"}} []
[2026-09-24T07:13:30.646602+00:00] main.DEBUG: cache_invalidate:  {"method":"GET","url":"http:/","invalidateInfo":{"identifier":"DB_PDO_MYSQL_DDL_catalogrule_product__temp721a173b_3"}} []
[2026-09-24T07:13:30.646727+00:00] main.DEBUG: cache_invalidate:  {"method":"GET","url":"http:/","invalidateInfo":{"identifier":"DB_PDO_MYSQL_DDL_catalogrule_product__temp721a173b_4"}} []
[2026-09-24T07:13:30.646749+00:00] main.DEBUG: cache_invalidate:  {"method":"GET","url":"http:/","invalidateInfo":{"identifier":"DB_PDO_MYSQL_DDL_catalogrule_product__temp721a173b_4"}} []
[2026-09-24T07:13:30.646854+00:00] main.DEBUG: cache_invalidate:  {"method":"GET","url":"http:/","invalidateInfo":{"identifier":"DB_PDO_MYSQL_DDL_catalogrule_product__temp721a173b_5"}} []
[2026-09-24T07:13:30.646875+00:00] main.DEBUG: cache_invalidate:  {"method":"GET","url":"http:/","invalidateInfo":{"identifier":"DB_PDO_MYSQL_DDL_catalogrule_product__temp721a173b_5"}} []
[2026-09-24T07:13:30.646983+00:00] main.DEBUG: cache_invalidate:  {"method":"GET","url":"http:/","invalidateInfo":{"identifier":"DB_PDO_MYSQL_DDL_catalogrule_product_price_1"}} []
[2026-09-24T07:13:30.647004+00:00] main.DEBUG: cache_invalidate:  {"method":"GET","url":"http:/","invalidateInfo":{"identifier":"DB_PDO_MYSQL_DDL_catalogrule_product_price_1"}} []
[2026-09-24T07:13:30.647107+00:00] main.DEBUG: cache_invalidate:  {"method":"GET","url":"http:/","invalidateInfo":{"identifier":"DB_PDO_MYSQL_DDL_catalogrule_product_price_2"}} []
[2026-09-24T07:13:30.647127+00:00] main.DEBUG: cache_invalidate:  {"method":"GET","url":"http:/","invalidateInfo":{"identifier":"DB_PDO_MYSQL_DDL_catalogrule_product_price_2"}} []
[2026-09-24T07:13:30.647230+00:00] main.DEBUG: cache_invalidate:  {"method":"GET","url":"http:/","invalidateInfo":{"identifier":"DB_PDO_MYSQL_DDL_catalogrule_product_price_3"}} []
[2026-09-24T07:13:30.647251+00:00] main.DEBUG: cache_invalidate:  {"method":"GET","url":"http:/","invalidateInfo":{"identifier":"DB_PDO_MYSQL_DDL_catalogrule_product_price_3"}} []
[2026-09-24T07:13:30.647353+00:00] main.DEBUG: cache_invalidate:  {"method":"GET","url":"http:/","invalidateInfo":{"identifier":"DB_PDO_MYSQL_DDL_catalogrule_product_price_4"}} []
[2026-09-24T07:13:30.647374+00:00] main.DEBUG: cache_invalidate:  {"method":"GET","url":"http:/","invalidateInfo":{"identifier":"DB_PDO_MYSQL_DDL_catalogrule_product_price_4"}} []
[2026-09-24T07:13:30.647475+00:00] main.DEBUG: cache_invalidate:  {"method":"GET","url":"http:/","invalidateInfo":{"identifier":"DB_PDO_MYSQL_DDL_catalogrule_product_price_5"}} []
[2026-09-24T07:13:30.647496+00:00] main.DEBUG: cache_invalidate:  {"method":"GET","url":"http:/","invalidateInfo":{"identifier":"DB_PDO_MYSQL_DDL_catalogrule_product_price_5"}} []
[2026-09-24T07:13:30.647601+00:00] main.DEBUG: cache_invalidate:  {"method":"GET","url":"http:/","invalidateInfo":{"identifier":"DB_PDO_MYSQL_DDL_catalogrule_product_pricea2bf3366_1"}} []
[2026-09-24T07:13:30.647623+00:00] main.DEBUG: cache_invalidate:  {"method":"GET","url":"http:/","invalidateInfo":{"identifier":"DB_PDO_MYSQL_DDL_catalogrule_product_pricea2bf3366_1"}} []
[2026-09-24T07:13:30.647725+00:00] main.DEBUG: cache_invalidate:  {"method":"GET","url":"http:/","invalidateInfo":{"identifier":"DB_PDO_MYSQL_DDL_catalogrule_product_pricea2bf3366_2"}} []
[2026-09-24T07:13:30.647746+00:00] main.DEBUG: cache_invalidate:  {"method":"GET","url":"http:/","invalidateInfo":{"identifier":"DB_PDO_MYSQL_DDL_catalogrule_product_pricea2bf3366_2"}} []
[2026-09-24T07:13:30.647850+00:00] main.DEBUG: cache_invalidate:  {"method":"GET","url":"http:/","invalidateInfo":{"identifier":"DB_PDO_MYSQL_DDL_catalogrule_product_pricea2bf3366_3"}} []
[2026-09-24T07:13:30.647871+00:00] main.DEBUG: cache_invalidate:  {"method":"GET","url":"http:/","invalidateInfo":{"identifier":"DB_PDO_MYSQL_DDL_catalogrule_product_pricea2bf3366_3"}} []
[2026-09-24T07:13:30.647972+00:00] main.DEBUG: cache_invalidate:  {"method":"GET","url":"http:/","invalidateInfo":{"identifier":"DB_PDO_MYSQL_DDL_catalogrule_product_pricea2bf3366_4"}} []
[2026-09-24T07:13:30.647993+00:00] main.DEBUG: cache_invalidate:  {"method":"GET","url":"http:/","invalidateInfo":{"identifier":"DB_PDO_MYSQL_DDL_catalogrule_product_pricea2bf3366_4"}} []
[2026-09-24T07:13:30.648094+00:00] main.DEBUG: cache_invalidate:  {"method":"GET","url":"http:/","invalidateInfo":{"identifier":"DB_PDO_MYSQL_DDL_catalogrule_product_pricea2bf3366_5"}} []
[2026-09-24T07:13:30.648115+00:00] main.DEBUG: cache_invalidate:  {"method":"GET","url":"http:/","invalidateInfo":{"identifier":"DB_PDO_MYSQL_DDL_catalogrule_product_pricea2bf3366_5"}} []
[2026-09-24T07:13:30.648218+00:00] main.DEBUG: cache_invalidate:  {"method":"GET","url":"http:/","invalidateInfo":{"identifier":"DB_PDO_MYSQL_DDL_catalogrule_product_price__tempd7ae9577_1"}} []
[2026-09-24T07:13:30.648239+00:00] main.DEBUG: cache_invalidate:  {"method":"GET","url":"http:/","invalidateInfo":{"identifier":"DB_PDO_MYSQL_DDL_catalogrule_product_price__tempd7ae9577_1"}} []
[2026-09-24T07:13:30.648341+00:00] main.DEBUG: cache_invalidate:  {"method":"GET","url":"http:/","invalidateInfo":{"identifier":"DB_PDO_MYSQL_DDL_catalogrule_product_price__tempd7ae9577_2"}} []
[2026-09-24T07:13:30.648362+00:00] main.DEBUG: cache_invalidate:  {"method":"GET","url":"http:/","invalidateInfo":{"identifier":"DB_PDO_MYSQL_DDL_catalogrule_product_price__tempd7ae9577_2"}} []
[2026-09-24T07:13:30.648463+00:00] main.DEBUG: cache_invalidate:  {"method":"GET","url":"http:/","invalidateInfo":{"identifier":"DB_PDO_MYSQL_DDL_catalogrule_product_price__tempd7ae9577_3"}} []
[2026-09-24T07:13:30.648484+00:00] main.DEBUG: cache_invalidate:  {"method":"GET","url":"http:/","invalidateInfo":{"identifier":"DB_PDO_MYSQL_DDL_catalogrule_product_price__tempd7ae9577_3"}} []
[2026-09-24T07:13:30.648587+00:00] main.DEBUG: cache_invalidate:  {"method":"GET","url":"http:/","invalidateInfo":{"identifier":"DB_PDO_MYSQL_DDL_catalogrule_product_price__tempd7ae9577_4"}} []
[2026-09-24T07:13:30.648608+00:00] main.DEBUG: cache_invalidate:  {"method":"GET","url":"http:/","invalidateInfo":{"identifier":"DB_PDO_MYSQL_DDL_catalogrule_product_price__tempd7ae9577_4"}} []
[2026-09-24T07:13:30.648711+00:00] main.DEBUG: cache_invalidate:  {"method":"GET","url":"http:/","invalidateInfo":{"identifier":"DB_PDO_MYSQL_DDL_catalogrule_product_price__tempd7ae9577_5"}} []
[2026-09-24T07:13:30.648732+00:00] main.DEBUG: cache_invalidate:  {"method":"GET","url":"http:/","invalidateInfo":{"identifier":"DB_PDO_MYSQL_DDL_catalogrule_product_price__tempd7ae9577_5"}} []
[2026-09-24T07:13:30.648835+00:00] main.DEBUG: cache_invalidate:  {"method":"GET","url":"http:/","invalidateInfo":{"identifier":"DB_PDO_MYSQL_DDL_catalogrule_group_website_1"}} []
[2026-09-24T07:13:30.648856+00:00] main.DEBUG: cache_invalidate:  {"method":"GET","url":"http:/","invalidateInfo":{"identifier":"DB_PDO_MYSQL_DDL_catalogrule_group_website_1"}} []
[2026-09-24T07:13:30.648958+00:00] main.DEBUG: cache_invalidate:  {"method":"GET","url":"http:/","invalidateInfo":{"identifier":"DB_PDO_MYSQL_DDL_catalogrule_group_website_2"}} []
[2026-09-24T07:13:30.648978+00:00] main.DEBUG: cache_invalidate:  {"method":"GET","url":"http:/","invalidateInfo":{"identifier":"DB_PDO_MYSQL_DDL_catalogrule_group_website_2"}} []
[2026-09-24T07:13:30.649080+00:00] main.DEBUG: cache_invalidate:  {"method":"GET","url":"http:/","invalidateInfo":{"identifier":"DB_PDO_MYSQL_DDL_catalogrule_group_website_3"}} []
[2026-09-24T07:13:30.649100+00:00] main.DEBUG: cache_invalidate:  {"method":"GET","url":"http:/","invalidateInfo":{"identifier":"DB_PDO_MYSQL_DDL_catalogrule_group_website_3"}} []
[2026-09-24T07:13:30.649204+00:00] main.DEBUG: cache_invalidate:  {"method":"GET","url":"http:/","invalidateInfo":{"identifier":"DB_PDO_MYSQL_DDL_catalogrule_group_website_4"}} []
[2026-09-24T07:13:30.649224+00:00] main.DEBUG: cache_invalidate:  {"method":"GET","url":"http:/","invalidateInfo":{"identifier":"DB_PDO_MYSQL_DDL_catalogrule_group_website_4"}} []
[2026-09-24T07:13:30.649325+00:00] main.DEBUG: cache_invalidate:  {"method":"GET","url":"http:/","invalidateInfo":{"identifier":"DB_PDO_MYSQL_DDL_catalogrule_group_website_5"}} []
[2026-09-24T07:13:30.649346+00:00] main.DEBUG: cache_invalidate:  {"method":"GET","url":"http:/","invalidateInfo":{"identifier":"DB_PDO_MYSQL_DDL_catalogrule_group_website_5"}} []
[2026-09-24T07:13:30.649448+00:00] main.DEBUG: cache_invalidate:  {"method":"GET","url":"http:/","invalidateInfo":{"identifier":"DB_PDO_MYSQL_DDL_catalogrule_group_website731db989_1"}} []
[2026-09-24T07:13:30.649469+00:00] main.DEBUG: cache_invalidate:  {"method":"GET","url":"http:/","invalidateInfo":{"identifier":"DB_PDO_MYSQL_DDL_catalogrule_group_website731db989_1"}} []
[2026-09-24T07:13:30.649617+00:00] main.DEBUG: cache_invalidate:  {"method":"GET","url":"http:/","invalidateInfo":{"identifier":"DB_PDO_MYSQL_DDL_catalogrule_group_website731db989_2"}} []
[2026-09-24T07:13:30.649646+00:00] main.DEBUG: cache_invalidate:  {"method":"GET","url":"http:/","invalidateInfo":{"identifier":"DB_PDO_MYSQL_DDL_catalogrule_group_website731db989_2"}} []
[2026-09-24T07:13:30.649762+00:00] main.DEBUG: cache_invalidate:  {"method":"GET","url":"http:/","invalidateInfo":{"identifier":"DB_PDO_MYSQL_DDL_catalogrule_group_website731db989_3"}} []
[2026-09-24T07:13:30.649784+00:00] main.DEBUG: cache_invalidate:  {"method":"GET","url":"http:/","invalidateInfo":{"identifier":"DB_PDO_MYSQL_DDL_catalogrule_group_website731db989_3"}} []
[2026-09-24T07:13:30.649892+00:00] main.DEBUG: cache_invalidate:  {"method":"GET","url":"http:/","invalidateInfo":{"identifier":"DB_PDO_MYSQL_DDL_catalogrule_group_website731db989_4"}} []
[2026-09-24T07:13:30.649914+00:00] main.DEBUG: cache_invalidate:  {"method":"GET","url":"http:/","invalidateInfo":{"identifier":"DB_PDO_MYSQL_DDL_catalogrule_group_website731db989_4"}} []
[2026-09-24T07:13:30.650018+00:00] main.DEBUG: cache_invalidate:  {"method":"GET","url":"http:/","invalidateInfo":{"identifier":"DB_PDO_MYSQL_DDL_catalogrule_group_website731db989_5"}} []
[2026-09-24T07:13:30.650039+00:00] main.DEBUG: cache_invalidate:  {"method":"GET","url":"http:/","invalidateInfo":{"identifier":"DB_PDO_MYSQL_DDL_catalogrule_group_website731db989_5"}} []
[2026-09-24T07:13:30.650142+00:00] main.DEBUG: cache_invalidate:  {"method":"GET","url":"http:/","invalidateInfo":{"identifier":"DB_PDO_MYSQL_DDL_catalogrule_group_website__tempd1ea3d9c_1"}} []
[2026-09-24T07:13:30.650163+00:00] main.DEBUG: cache_invalidate:  {"method":"GET","url":"http:/","invalidateInfo":{"identifier":"DB_PDO_MYSQL_DDL_catalogrule_group_website__tempd1ea3d9c_1"}} []
[2026-09-24T07:13:30.650265+00:00] main.DEBUG: cache_invalidate:  {"method":"GET","url":"http:/","invalidateInfo":{"identifier":"DB_PDO_MYSQL_DDL_catalogrule_group_website__tempd1ea3d9c_2"}} []
[2026-09-24T07:13:30.650285+00:00] main.DEBUG: cache_invalidate:  {"method":"GET","url":"http:/","invalidateInfo":{"identifier":"DB_PDO_MYSQL_DDL_catalogrule_group_website__tempd1ea3d9c_2"}} []
[2026-09-24T07:13:30.650386+00:00] main.DEBUG: cache_invalidate:  {"method":"GET","url":"http:/","invalidateInfo":{"identifier":"DB_PDO_MYSQL_DDL_catalogrule_group_website__tempd1ea3d9c_3"}} []
[2026-09-24T07:13:30.650407+00:00] main.DEBUG: cache_invalidate:  {"method":"GET","url":"http:/","invalidateInfo":{"identifier":"DB_PDO_MYSQL_DDL_catalogrule_group_website__tempd1ea3d9c_3"}} []
[2026-09-24T07:13:30.650509+00:00] main.DEBUG: cache_invalidate:  {"method":"GET","url":"http:/","invalidateInfo":{"identifier":"DB_PDO_MYSQL_DDL_catalogrule_group_website__tempd1ea3d9c_4"}} []
[2026-09-24T07:13:30.650545+00:00] main.DEBUG: cache_invalidate:  {"method":"GET","url":"http:/","invalidateInfo":{"identifier":"DB_PDO_MYSQL_DDL_catalogrule_group_website__tempd1ea3d9c_4"}} []
[2026-09-24T07:13:30.650656+00:00] main.DEBUG: cache_invalidate:  {"method":"GET","url":"http:/","invalidateInfo":{"identifier":"DB_PDO_MYSQL_DDL_catalogrule_group_website__tempd1ea3d9c_5"}} []
[2026-09-24T07:13:30.650677+00:00] main.DEBUG: cache_invalidate:  {"method":"GET","url":"http:/","invalidateInfo":{"identifier":"DB_PDO_MYSQL_DDL_catalogrule_group_website__tempd1ea3d9c_5"}} []
[2026-09-24T07:13:30.652051+00:00] main.DEBUG: cache_invalidate:  {"method":"GET","url":"http:/","invalidateInfo":{"identifier":"DB_PDO_MYSQL_DDL_catalogrule_productef5cc95a_1"}} []
[2026-09-24T07:13:30.652086+00:00] main.DEBUG: cache_invalidate:  {"method":"GET","url":"http:/","invalidateInfo":{"identifier":"DB_PDO_MYSQL_DDL_catalogrule_productef5cc95a_1"}} []
[2026-09-24T07:13:30.652193+00:00] main.DEBUG: cache_invalidate:  {"method":"GET","url":"http:/","invalidateInfo":{"identifier":"DB_PDO_MYSQL_DDL_catalogrule_productef5cc95a_2"}} []
[2026-09-24T07:13:30.652215+00:00] main.DEBUG: cache_invalidate:  {"method":"GET","url":"http:/","invalidateInfo":{"identifier":"DB_PDO_MYSQL_DDL_catalogrule_productef5cc95a_2"}} []
[2026-09-24T07:13:30.652318+00:00] main.DEBUG: cache_invalidate:  {"method":"GET","url":"http:/","invalidateInfo":{"identifier":"DB_PDO_MYSQL_DDL_catalogrule_productef5cc95a_3"}} []
[2026-09-24T07:13:30.652340+00:00] main.DEBUG: cache_invalidate:  {"method":"GET","url":"http:/","invalidateInfo":{"identifier":"DB_PDO_MYSQL_DDL_catalogrule_productef5cc95a_3"}} []
[2026-09-24T07:13:30.652446+00:00] main.DEBUG: cache_invalidate:  {"method":"GET","url":"http:/","invalidateInfo":{"identifier":"DB_PDO_MYSQL_DDL_catalogrule_productef5cc95a_4"}} []
[2026-09-24T07:13:30.652467+00:00] main.DEBUG: cache_invalidate:  {"method":"GET","url":"http:/","invalidateInfo":{"identifier":"DB_PDO_MYSQL_DDL_catalogrule_productef5cc95a_4"}} []
[2026-09-24T07:13:30.652594+00:00] main.DEBUG: cache_invalidate:  {"method":"GET","url":"http:/","invalidateInfo":{"identifier":"DB_PDO_MYSQL_DDL_catalogrule_productef5cc95a_5"}} []
[2026-09-24T07:13:30.652623+00:00] main.DEBUG: cache_invalidate:  {"method":"GET","url":"http:/","invalidateInfo":{"identifier":"DB_PDO_MYSQL_DDL_catalogrule_productef5cc95a_5"}} []
[2026-09-24T07:13:30.654114+00:00] main.DEBUG: cache_invalidate:  {"method":"GET","url":"http:/","invalidateInfo":{"identifier":"DB_PDO_MYSQL_DDL_catalogrule_product_pricea2bf3366_1"}} []
[2026-09-24T07:13:30.654145+00:00] main.DEBUG: cache_invalidate:  {"method":"GET","url":"http:/","invalidateInfo":{"identifier":"DB_PDO_MYSQL_DDL_catalogrule_product_pricea2bf3366_1"}} []
[2026-09-24T07:13:30.654252+00:00] main.DEBUG: cache_invalidate:  {"method":"GET","url":"http:/","invalidateInfo":{"identifier":"DB_PDO_MYSQL_DDL_catalogrule_product_pricea2bf3366_2"}} []
[2026-09-24T07:13:30.654273+00:00] main.DEBUG: cache_invalidate:  {"method":"GET","url":"http:/","invalidateInfo":{"identifier":"DB_PDO_MYSQL_DDL_catalogrule_product_pricea2bf3366_2"}} []
[2026-09-24T07:13:30.654380+00:00] main.DEBUG: cache_invalidate:  {"method":"GET","url":"http:/","invalidateInfo":{"identifier":"DB_PDO_MYSQL_DDL_catalogrule_product_pricea2bf3366_3"}} []
[2026-09-24T07:13:30.654402+00:00] main.DEBUG: cache_invalidate:  {"method":"GET","url":"http:/","invalidateInfo":{"identifier":"DB_PDO_MYSQL_DDL_catalogrule_product_pricea2bf3366_3"}} []
[2026-09-24T07:13:30.654504+00:00] main.DEBUG: cache_invalidate:  {"method":"GET","url":"http:/","invalidateInfo":{"identifier":"DB_PDO_MYSQL_DDL_catalogrule_product_pricea2bf3366_4"}} []
[2026-09-24T07:13:30.654525+00:00] main.DEBUG: cache_invalidate:  {"method":"GET","url":"http:/","invalidateInfo":{"identifier":"DB_PDO_MYSQL_DDL_catalogrule_product_pricea2bf3366_4"}} []
[2026-09-24T07:13:30.654644+00:00] main.DEBUG: cache_invalidate:  {"method":"GET","url":"http:/","invalidateInfo":{"identifier":"DB_PDO_MYSQL_DDL_catalogrule_product_pricea2bf3366_5"}} []
[2026-09-24T07:13:30.654665+00:00] main.DEBUG: cache_invalidate:  {"method":"GET","url":"http:/","invalidateInfo":{"identifier":"DB_PDO_MYSQL_DDL_catalogrule_product_pricea2bf3366_5"}} []
[2026-09-24T07:13:30.655940+00:00] main.DEBUG: cache_invalidate:  {"method":"GET","url":"http:/","invalidateInfo":{"identifier":"DB_PDO_MYSQL_DDL_catalogrule_group_website731db989_1"}} []
[2026-09-24T07:13:30.655969+00:00] main.DEBUG: cache_invalidate:  {"method":"GET","url":"http:/","invalidateInfo":{"identifier":"DB_PDO_MYSQL_DDL_catalogrule_group_website731db989_1"}} []
[2026-09-24T07:13:30.656073+00:00] main.DEBUG: cache_invalidate:  {"method":"GET","url":"http:/","invalidateInfo":{"identifier":"DB_PDO_MYSQL_DDL_catalogrule_group_website731db989_2"}} []
[2026-09-24T07:13:30.656094+00:00] main.DEBUG: cache_invalidate:  {"method":"GET","url":"http:/","invalidateInfo":{"identifier":"DB_PDO_MYSQL_DDL_catalogrule_group_website731db989_2"}} []
[2026-09-24T07:13:30.656196+00:00] main.DEBUG: cache_invalidate:  {"method":"GET","url":"http:/","invalidateInfo":{"identifier":"DB_PDO_MYSQL_DDL_catalogrule_group_website731db989_3"}} []
[2026-09-24T07:13:30.656217+00:00] main.DEBUG: cache_invalidate:  {"method":"GET","url":"http:/","invalidateInfo":{"identifier":"DB_PDO_MYSQL_DDL_catalogrule_group_website731db989_3"}} []
[2026-09-24T07:13:30.656319+00:00] main.DEBUG: cache_invalidate:  {"method":"GET","url":"http:/","invalidateInfo":{"identifier":"DB_PDO_MYSQL_DDL_catalogrule_group_website731db989_4"}} []
[2026-09-24T07:13:30.656339+00:00] main.DEBUG: cache_invalidate:  {"method":"GET","url":"http:/","invalidateInfo":{"identifier":"DB_PDO_MYSQL_DDL_catalogrule_group_website731db989_4"}} []
[2026-09-24T07:13:30.656441+00:00] main.DEBUG: cache_invalidate:  {"method":"GET","url":"http:/","invalidateInfo":{"identifier":"DB_PDO_MYSQL_DDL_catalogrule_group_website731db989_5"}} []
[2026-09-24T07:13:30.656462+00:00] main.DEBUG: cache_invalidate:  {"method":"GET","url":"http:/","invalidateInfo":{"identifier":"DB_PDO_MYSQL_DDL_catalogrule_group_website731db989_5"}} []
[2026-09-24T07:13:30.661458+00:00] main.DEBUG: cache_invalidate:  {"method":"GET","url":"http:/","invalidateInfo":{"tags":["cat_c","FPC","MAGE"],"mode":"matchingTag"}} []
[2026-09-24T07:13:30.661496+00:00] main.DEBUG: cache_invalidate:  {"method":"GET","url":"http:/","invalidateInfo":{"tags":["cat_c","FPC"],"mode":"matchingTag"}} []
[2026-09-24T07:13:30.661573+00:00] main.DEBUG: cache_invalidate:  {"method":"GET","url":"http:/","invalidateInfo":{"tags":["cat_p","FPC","MAGE"],"mode":"matchingTag"}} []
[2026-09-24T07:13:30.661604+00:00] main.DEBUG: cache_invalidate:  {"method":"GET","url":"http:/","invalidateInfo":{"tags":["cat_p","FPC"],"mode":"matchingTag"}} []
[2026-09-24T07:13:30.661667+00:00] main.DEBUG: cache_invalidate:  {"method":"GET","url":"http:/","invalidateInfo":{"tags":["BLOCK_HTML","FPC","MAGE"],"mode":"matchingTag"}} []
[2026-09-24T07:13:30.661690+00:00] main.DEBUG: cache_invalidate:  {"method":"GET","url":"http:/","invalidateInfo":{"tags":["BLOCK_HTML","FPC"],"mode":"matchingTag"}} []
[2026-09-24T07:13:30.661763+00:00] main.DEBUG: cache_invalidate:  {"method":"GET","url":"http:/","invalidateInfo":{"tags":["cat_c","MAGE"],"mode":"matchingTag"}} []
[2026-09-24T07:13:30.661819+00:00] main.DEBUG: cache_invalidate:  {"method":"GET","url":"http:/","invalidateInfo":{"tags":["cat_p","MAGE"],"mode":"matchingTag"}} []
[2026-09-24T07:13:30.661879+00:00] main.DEBUG: cache_invalidate:  {"method":"GET","url":"http:/","invalidateInfo":{"tags":["BLOCK_HTML","MAGE"],"mode":"matchingTag"}} []
[2026-09-24T07:13:30.661901+00:00] main.DEBUG: cache_invalidate:  {"method":"GET","url":"http:/","invalidateInfo":{"tags":["cat_c","cat_p","BLOCK_HTML"],"mode":"matchingAnyTag"}} []
[2026-09-24T07:13:30.692712+00:00] main.DEBUG: cache_invalidate:  {"method":"GET","url":"http:/","invalidateInfo":{"identifier":"DB_PDO_MYSQL_DDL_catalog_product_index_eav_1"}} []
[2026-09-24T07:13:30.692783+00:00] main.DEBUG: cache_invalidate:  {"method":"GET","url":"http:/","invalidateInfo":{"identifier":"DB_PDO_MYSQL_DDL_catalog_product_index_eav_1"}} []
[2026-09-24T07:13:30.692901+00:00] main.DEBUG: cache_invalidate:  {"method":"GET","url":"http:/","invalidateInfo":{"identifier":"DB_PDO_MYSQL_DDL_catalog_product_index_eav_2"}} []
[2026-09-24T07:13:30.692929+00:00] main.DEBUG: cache_invalidate:  {"method":"GET","url":"http:/","invalidateInfo":{"identifier":"DB_PDO_MYSQL_DDL_catalog_product_index_eav_2"}} []
[2026-09-24T07:13:30.693039+00:00] main.DEBUG: cache_invalidate:  {"method":"GET","url":"http:/","invalidateInfo":{"identifier":"DB_PDO_MYSQL_DDL_catalog_product_index_eav_3"}} []
[2026-09-24T07:13:30.693060+00:00] main.DEBUG: cache_invalidate:  {"method":"GET","url":"http:/","invalidateInfo":{"identifier":"DB_PDO_MYSQL_DDL_catalog_product_index_eav_3"}} []
[2026-09-24T07:13:30.693165+00:00] main.DEBUG: cache_invalidate:  {"method":"GET","url":"http:/","invalidateInfo":{"identifier":"DB_PDO_MYSQL_DDL_catalog_product_index_eav_4"}} []
[2026-09-24T07:13:30.693186+00:00] main.DEBUG: cache_invalidate:  {"method":"GET","url":"http:/","invalidateInfo":{"identifier":"DB_PDO_MYSQL_DDL_catalog_product_index_eav_4"}} []
[2026-09-24T07:13:30.693293+00:00] main.DEBUG: cache_invalidate:  {"method":"GET","url":"http:/","invalidateInfo":{"identifier":"DB_PDO_MYSQL_DDL_catalog_product_index_eav_5"}} []
[2026-09-24T07:13:30.693314+00:00] main.DEBUG: cache_invalidate:  {"method":"GET","url":"http:/","invalidateInfo":{"identifier":"DB_PDO_MYSQL_DDL_catalog_product_index_eav_5"}} []
[2026-09-24T07:13:30.693422+00:00] main.DEBUG: cache_invalidate:  {"method":"GET","url":"http:/","invalidateInfo":{"identifier":"DB_PDO_MYSQL_DDL_catalog_product_index_eav_outdated_1"}} []
[2026-09-24T07:13:30.693443+00:00] main.DEBUG: cache_invalidate:  {"method":"GET","url":"http:/","invalidateInfo":{"identifier":"DB_PDO_MYSQL_DDL_catalog_product_index_eav_outdated_1"}} []
[2026-09-24T07:13:30.693565+00:00] main.DEBUG: cache_invalidate:  {"method":"GET","url":"http:/","invalidateInfo":{"identifier":"DB_PDO_MYSQL_DDL_catalog_product_index_eav_outdated_2"}} []
[2026-09-24T07:13:30.693593+00:00] main.DEBUG: cache_invalidate:  {"method":"GET","url":"http:/","invalidateInfo":{"identifier":"DB_PDO_MYSQL_DDL_catalog_product_index_eav_outdated_2"}} []
[2026-09-24T07:13:30.693701+00:00] main.DEBUG: cache_invalidate:  {"method":"GET","url":"http:/","invalidateInfo":{"identifier":"DB_PDO_MYSQL_DDL_catalog_product_index_eav_outdated_3"}} []
[2026-09-24T07:13:30.693722+00:00] main.DEBUG: cache_invalidate:  {"method":"GET","url":"http:/","invalidateInfo":{"identifier":"DB_PDO_MYSQL_DDL_catalog_product_index_eav_outdated_3"}} []
[2026-09-24T07:13:30.693828+00:00] main.DEBUG: cache_invalidate:  {"method":"GET","url":"http:/","invalidateInfo":{"identifier":"DB_PDO_MYSQL_DDL_catalog_product_index_eav_outdated_4"}} []
[2026-09-24T07:13:30.693866+00:00] main.DEBUG: cache_invalidate:  {"method":"GET","url":"http:/","invalidateInfo":{"identifier":"DB_PDO_MYSQL_DDL_catalog_product_index_eav_outdated_4"}} []
[2026-09-24T07:13:30.693978+00:00] main.DEBUG: cache_invalidate:  {"method":"GET","url":"http:/","invalidateInfo":{"identifier":"DB_PDO_MYSQL_DDL_catalog_product_index_eav_outdated_5"}} []
[2026-09-24T07:13:30.694000+00:00] main.DEBUG: cache_invalidate:  {"method":"GET","url":"http:/","invalidateInfo":{"identifier":"DB_PDO_MYSQL_DDL_catalog_product_index_eav_outdated_5"}} []
[2026-09-24T07:13:30.694112+00:00] main.DEBUG: cache_invalidate:  {"method":"GET","url":"http:/","invalidateInfo":{"identifier":"DB_PDO_MYSQL_DDL_catalog_product_index_eav_replica_1"}} []
[2026-09-24T07:13:30.694134+00:00] main.DEBUG: cache_invalidate:  {"method":"GET","url":"http:/","invalidateInfo":{"identifier":"DB_PDO_MYSQL_DDL_catalog_product_index_eav_replica_1"}} []
[2026-09-24T07:13:30.694242+00:00] main.DEBUG: cache_invalidate:  {"method":"GET","url":"http:/","invalidateInfo":{"identifier":"DB_PDO_MYSQL_DDL_catalog_product_index_eav_replica_2"}} []
[2026-09-24T07:13:30.694263+00:00] main.DEBUG: cache_invalidate:  {"method":"GET","url":"http:/","invalidateInfo":{"identifier":"DB_PDO_MYSQL_DDL_catalog_product_index_eav_replica_2"}} []
[2026-09-24T07:13:30.694382+00:00] main.DEBUG: cache_invalidate:  {"method":"GET","url":"http:/","invalidateInfo":{"identifier":"DB_PDO_MYSQL_DDL_catalog_product_index_eav_replica_3"}} []
[2026-09-24T07:13:30.694424+00:00] main.DEBUG: cache_invalidate:  {"method":"GET","url":"http:/","invalidateInfo":{"identifier":"DB_PDO_MYSQL_DDL_catalog_product_index_eav_replica_3"}} []
[2026-09-24T07:13:30.694570+00:00] main.DEBUG: cache_invalidate:  {"method":"GET","url":"http:/","invalidateInfo":{"identifier":"DB_PDO_MYSQL_DDL_catalog_product_index_eav_replica_4"}} []
[2026-09-24T07:13:30.694600+00:00] main.DEBUG: cache_invalidate:  {"method":"GET","url":"http:/","invalidateInfo":{"identifier":"DB_PDO_MYSQL_DDL_catalog_product_index_eav_replica_4"}} []
[2026-09-24T07:13:30.694744+00:00] main.DEBUG: cache_invalidate:  {"method":"GET","url":"http:/","invalidateInfo":{"identifier":"DB_PDO_MYSQL_DDL_catalog_product_index_eav_replica_5"}} []
[2026-09-24T07:13:30.694766+00:00] main.DEBUG: cache_invalidate:  {"method":"GET","url":"http:/","invalidateInfo":{"identifier":"DB_PDO_MYSQL_DDL_catalog_product_index_eav_replica_5"}} []
[2026-09-24T07:13:30.707779+00:00] main.DEBUG: cache_invalidate:  {"method":"GET","url":"http:/","invalidateInfo":{"identifier":"DB_PDO_MYSQL_DDL_catalog_product_index_eav_decimal_1"}} []
[2026-09-24T07:13:30.707829+00:00] main.DEBUG: cache_invalidate:  {"method":"GET","url":"http:/","invalidateInfo":{"identifier":"DB_PDO_MYSQL_DDL_catalog_product_index_eav_decimal_1"}} []
[2026-09-24T07:13:30.707940+00:00] main.DEBUG: cache_invalidate:  {"method":"GET","url":"http:/","invalidateInfo":{"identifier":"DB_PDO_MYSQL_DDL_catalog_product_index_eav_decimal_2"}} []
[2026-09-24T07:13:30.707963+00:00] main.DEBUG: cache_invalidate:  {"method":"GET","url":"http:/","invalidateInfo":{"identifier":"DB_PDO_MYSQL_DDL_catalog_product_index_eav_decimal_2"}} []
[2026-09-24T07:13:30.708068+00:00] main.DEBUG: cache_invalidate:  {"method":"GET","url":"http:/","invalidateInfo":{"identifier":"DB_PDO_MYSQL_DDL_catalog_product_index_eav_decimal_3"}} []
[2026-09-24T07:13:30.708090+00:00] main.DEBUG: cache_invalidate:  {"method":"GET","url":"http:/","invalidateInfo":{"identifier":"DB_PDO_MYSQL_DDL_catalog_product_index_eav_decimal_3"}} []
[2026-09-24T07:13:30.708193+00:00] main.DEBUG: cache_invalidate:  {"method":"GET","url":"http:/","invalidateInfo":{"identifier":"DB_PDO_MYSQL_DDL_catalog_product_index_eav_decimal_4"}} []
[2026-09-24T07:13:30.708215+00:00] main.DEBUG: cache_invalidate:  {"method":"GET","url":"http:/","invalidateInfo":{"identifier":"DB_PDO_MYSQL_DDL_catalog_product_index_eav_decimal_4"}} []
[2026-09-24T07:13:30.708319+00:00] main.DEBUG: cache_invalidate:  {"method":"GET","url":"http:/","invalidateInfo":{"identifier":"DB_PDO_MYSQL_DDL_catalog_product_index_eav_decimal_5"}} []
[2026-09-24T07:13:30.708340+00:00] main.DEBUG: cache_invalidate:  {"method":"GET","url":"http:/","invalidateInfo":{"identifier":"DB_PDO_MYSQL_DDL_catalog_product_index_eav_decimal_5"}} []
[2026-09-24T07:13:30.708445+00:00] main.DEBUG: cache_invalidate:  {"method":"GET","url":"http:/","invalidateInfo":{"identifier":"DB_PDO_MYSQL_DDL_catalog_product_index_eav_decimal_outdated_1"}} []
[2026-09-24T07:13:30.708466+00:00] main.DEBUG: cache_invalidate:  {"method":"GET","url":"http:/","invalidateInfo":{"identifier":"DB_PDO_MYSQL_DDL_catalog_product_index_eav_decimal_outdated_1"}} []
[2026-09-24T07:13:30.708594+00:00] main.DEBUG: cache_invalidate:  {"method":"GET","url":"http:/","invalidateInfo":{"identifier":"DB_PDO_MYSQL_DDL_catalog_product_index_eav_decimal_outdated_2"}} []
[2026-09-24T07:13:30.708622+00:00] main.DEBUG: cache_invalidate:  {"method":"GET","url":"http:/","invalidateInfo":{"identifier":"DB_PDO_MYSQL_DDL_catalog_product_index_eav_decimal_outdated_2"}} []
[2026-09-24T07:13:30.708731+00:00] main.DEBUG: cache_invalidate:  {"method":"GET","url":"http:/","invalidateInfo":{"identifier":"DB_PDO_MYSQL_DDL_catalog_product_index_eav_decimal_outdated_3"}} []
[2026-09-24T07:13:30.708752+00:00] main.DEBUG: cache_invalidate:  {"method":"GET","url":"http:/","invalidateInfo":{"identifier":"DB_PDO_MYSQL_DDL_catalog_product_index_eav_decimal_outdated_3"}} []
[2026-09-24T07:13:30.708859+00:00] main.DEBUG: cache_invalidate:  {"method":"GET","url":"http:/","invalidateInfo":{"identifier":"DB_PDO_MYSQL_DDL_catalog_product_index_eav_decimal_outdated_4"}} []
[2026-09-24T07:13:30.708880+00:00] main.DEBUG: cache_invalidate:  {"method":"GET","url":"http:/","invalidateInfo":{"identifier":"DB_PDO_MYSQL_DDL_catalog_product_index_eav_decimal_outdated_4"}} []
[2026-09-24T07:13:30.708984+00:00] main.DEBUG: cache_invalidate:  {"method":"GET","url":"http:/","invalidateInfo":{"identifier":"DB_PDO_MYSQL_DDL_catalog_product_index_eav_decimal_outdated_5"}} []
[2026-09-24T07:13:30.709005+00:00] main.DEBUG: cache_invalidate:  {"method":"GET","url":"http:/","invalidateInfo":{"identifier":"DB_PDO_MYSQL_DDL_catalog_product_index_eav_decimal_outdated_5"}} []
[2026-09-24T07:13:30.709111+00:00] main.DEBUG: cache_invalidate:  {"method":"GET","url":"http:/","invalidateInfo":{"identifier":"DB_PDO_MYSQL_DDL_catalog_product_index_eav_decimal_replica_1"}} []
[2026-09-24T07:13:30.709132+00:00] main.DEBUG: cache_invalidate:  {"method":"GET","url":"http:/","invalidateInfo":{"identifier":"DB_PDO_MYSQL_DDL_catalog_product_index_eav_decimal_replica_1"}} []
[2026-09-24T07:13:30.709233+00:00] main.DEBUG: cache_invalidate:  {"method":"GET","url":"http:/","invalidateInfo":{"identifier":"DB_PDO_MYSQL_DDL_catalog_product_index_eav_decimal_replica_2"}} []
[2026-09-24T07:13:30.709254+00:00] main.DEBUG: cache_invalidate:  {"method":"GET","url":"http:/","invalidateInfo":{"identifier":"DB_PDO_MYSQL_DDL_catalog_product_index_eav_decimal_replica_2"}} []
[2026-09-24T07:13:30.709354+00:00] main.DEBUG: cache_invalidate:  {"method":"GET","url":"http:/","invalidateInfo":{"identifier":"DB_PDO_MYSQL_DDL_catalog_product_index_eav_decimal_replica_3"}} []
[2026-09-24T07:13:30.709375+00:00] main.DEBUG: cache_invalidate:  {"method":"GET","url":"http:/","invalidateInfo":{"identifier":"DB_PDO_MYSQL_DDL_catalog_product_index_eav_decimal_replica_3"}} []
[2026-09-24T07:13:30.709476+00:00] main.DEBUG: cache_invalidate:  {"method":"GET","url":"http:/","invalidateInfo":{"identifier":"DB_PDO_MYSQL_DDL_catalog_product_index_eav_decimal_replica_4"}} []
[2026-09-24T07:13:30.709497+00:00] main.DEBUG: cache_invalidate:  {"method":"GET","url":"http:/","invalidateInfo":{"identifier":"DB_PDO_MYSQL_DDL_catalog_product_index_eav_decimal_replica_4"}} []
[2026-09-24T07:13:30.709681+00:00] main.DEBUG: cache_invalidate:  {"method":"GET","url":"http:/","invalidateInfo":{"identifier":"DB_PDO_MYSQL_DDL_catalog_product_index_eav_decimal_replica_5"}} []
[2026-09-24T07:13:30.709725+00:00] main.DEBUG: cache_invalidate:  {"method":"GET","url":"http:/","invalidateInfo":{"identifier":"DB_PDO_MYSQL_DDL_catalog_product_index_eav_decimal_replica_5"}} []
[2026-09-24T07:13:30.709874+00:00] main.DEBUG: cache_invalidate:  {"method":"GET","url":"http:/","invalidateInfo":{"tags":["cat_c","FPC","MAGE"],"mode":"matchingTag"}} []
[2026-09-24T07:13:30.709902+00:00] main.DEBUG: cache_invalidate:  {"method":"GET","url":"http:/","invalidateInfo":{"tags":["cat_c","FPC"],"mode":"matchingTag"}} []
[2026-09-24T07:13:30.709958+00:00] main.DEBUG: cache_invalidate:  {"method":"GET","url":"http:/","invalidateInfo":{"tags":["cat_p","FPC","MAGE"],"mode":"matchingTag"}} []
[2026-09-24T07:13:30.709982+00:00] main.DEBUG: cache_invalidate:  {"method":"GET","url":"http:/","invalidateInfo":{"tags":["cat_p","FPC"],"mode":"matchingTag"}} []
[2026-09-24T07:13:30.710038+00:00] main.DEBUG: cache_invalidate:  {"method":"GET","url":"http:/","invalidateInfo":{"tags":["cat_c","MAGE"],"mode":"matchingTag"}} []
[2026-09-24T07:13:30.710092+00:00] main.DEBUG: cache_invalidate:  {"method":"GET","url":"http:/","invalidateInfo":{"tags":["cat_p","MAGE"],"mode":"matchingTag"}} []
[2026-09-24T07:13:30.710113+00:00] main.DEBUG: cache_invalidate:  {"method":"GET","url":"http:/","invalidateInfo":{"tags":["cat_c","cat_p"],"mode":"matchingAnyTag"}} []
[2026-09-24T07:13:30.752951+00:00] main.DEBUG: cache_invalidate:  {"method":"GET","url":"http:/","invalidateInfo":{"identifier":"DB_PDO_MYSQL_DDL_catalog_product_index_price_1"}} []
[2026-09-24T07:13:30.753025+00:00] main.DEBUG: cache_invalidate:  {"method":"GET","url":"http:/","invalidateInfo":{"identifier":"DB_PDO_MYSQL_DDL_catalog_product_index_price_1"}} []
[2026-09-24T07:13:30.753139+00:00] main.DEBUG: cache_invalidate:  {"method":"GET","url":"http:/","invalidateInfo":{"identifier":"DB_PDO_MYSQL_DDL_catalog_product_index_price_2"}} []
[2026-09-24T07:13:30.753163+00:00] main.DEBUG: cache_invalidate:  {"method":"GET","url":"http:/","invalidateInfo":{"identifier":"DB_PDO_MYSQL_DDL_catalog_product_index_price_2"}} []
[2026-09-24T07:13:30.753268+00:00] main.DEBUG: cache_invalidate:  {"method":"GET","url":"http:/","invalidateInfo":{"identifier":"DB_PDO_MYSQL_DDL_catalog_product_index_price_3"}} []
[2026-09-24T07:13:30.753290+00:00] main.DEBUG: cache_invalidate:  {"method":"GET","url":"http:/","invalidateInfo":{"identifier":"DB_PDO_MYSQL_DDL_catalog_product_index_price_3"}} []
[2026-09-24T07:13:30.753394+00:00] main.DEBUG: cache_invalidate:  {"method":"GET","url":"http:/","invalidateInfo":{"identifier":"DB_PDO_MYSQL_DDL_catalog_product_index_price_4"}} []
[2026-09-24T07:13:30.753415+00:00] main.DEBUG: cache_invalidate:  {"method":"GET","url":"http:/","invalidateInfo":{"identifier":"DB_PDO_MYSQL_DDL_catalog_product_index_price_4"}} []
[2026-09-24T07:13:30.753518+00:00] main.DEBUG: cache_invalidate:  {"method":"GET","url":"http:/","invalidateInfo":{"identifier":"DB_PDO_MYSQL_DDL_catalog_product_index_price_5"}} []
[2026-09-24T07:13:30.753547+00:00] main.DEBUG: cache_invalidate:  {"method":"GET","url":"http:/","invalidateInfo":{"identifier":"DB_PDO_MYSQL_DDL_catalog_product_index_price_5"}} []
[2026-09-24T07:13:30.753655+00:00] main.DEBUG: cache_invalidate:  {"method":"GET","url":"http:/","invalidateInfo":{"identifier":"DB_PDO_MYSQL_DDL_catalog_product_index_price_outdated_1"}} []
[2026-09-24T07:13:30.753677+00:00] main.DEBUG: cache_invalidate:  {"method":"GET","url":"http:/","invalidateInfo":{"identifier":"DB_PDO_MYSQL_DDL_catalog_product_index_price_outdated_1"}} []
[2026-09-24T07:13:30.753794+00:00] main.DEBUG: cache_invalidate:  {"method":"GET","url":"http:/","invalidateInfo":{"identifier":"DB_PDO_MYSQL_DDL_catalog_product_index_price_outdated_2"}} []
[2026-09-24T07:13:30.753815+00:00] main.DEBUG: cache_invalidate:  {"method":"GET","url":"http:/","invalidateInfo":{"identifier":"DB_PDO_MYSQL_DDL_catalog_product_index_price_outdated_2"}} []
[2026-09-24T07:13:30.753922+00:00] main.DEBUG: cache_invalidate:  {"method":"GET","url":"http:/","invalidateInfo":{"identifier":"DB_PDO_MYSQL_DDL_catalog_product_index_price_outdated_3"}} []
[2026-09-24T07:13:30.753943+00:00] main.DEBUG: cache_invalidate:  {"method":"GET","url":"http:/","invalidateInfo":{"identifier":"DB_PDO_MYSQL_DDL_catalog_product_index_price_outdated_3"}} []
[2026-09-24T07:13:30.754048+00:00] main.DEBUG: cache_invalidate:  {"method":"GET","url":"http:/","invalidateInfo":{"identifier":"DB_PDO_MYSQL_DDL_catalog_product_index_price_outdated_4"}} []
[2026-09-24T07:13:30.754069+00:00] main.DEBUG: cache_invalidate:  {"method":"GET","url":"http:/","invalidateInfo":{"identifier":"DB_PDO_MYSQL_DDL_catalog_product_index_price_outdated_4"}} []
[2026-09-24T07:13:30.754171+00:00] main.DEBUG: cache_invalidate:  {"method":"GET","url":"http:/","invalidateInfo":{"identifier":"DB_PDO_MYSQL_DDL_catalog_product_index_price_outdated_5"}} []
[2026-09-24T07:13:30.754192+00:00] main.DEBUG: cache_invalidate:  {"method":"GET","url":"http:/","invalidateInfo":{"identifier":"DB_PDO_MYSQL_DDL_catalog_product_index_price_outdated_5"}} []
[2026-09-24T07:13:30.754295+00:00] main.DEBUG: cache_invalidate:  {"method":"GET","url":"http:/","invalidateInfo":{"identifier":"DB_PDO_MYSQL_DDL_catalog_product_index_price_replica_1"}} []
[2026-09-24T07:13:30.754316+00:00] main.DEBUG: cache_invalidate:  {"method":"GET","url":"http:/","invalidateInfo":{"identifier":"DB_PDO_MYSQL_DDL_catalog_product_index_price_replica_1"}} []
[2026-09-24T07:13:30.754421+00:00] main.DEBUG: cache_invalidate:  {"method":"GET","url":"http:/","invalidateInfo":{"identifier":"DB_PDO_MYSQL_DDL_catalog_product_index_price_replica_2"}} []
[2026-09-24T07:13:30.754443+00:00] main.DEBUG: cache_invalidate:  {"method":"GET","url":"http:/","invalidateInfo":{"identifier":"DB_PDO_MYSQL_DDL_catalog_product_index_price_replica_2"}} []
[2026-09-24T07:13:30.754551+00:00] main.DEBUG: cache_invalidate:  {"method":"GET","url":"http:/","invalidateInfo":{"identifier":"DB_PDO_MYSQL_DDL_catalog_product_index_price_replica_3"}} []
[2026-09-24T07:13:30.754573+00:00] main.DEBUG: cache_invalidate:  {"method":"GET","url":"http:/","invalidateInfo":{"identifier":"DB_PDO_MYSQL_DDL_catalog_product_index_price_replica_3"}} []
[2026-09-24T07:13:30.754687+00:00] main.DEBUG: cache_invalidate:  {"method":"GET","url":"http:/","invalidateInfo":{"identifier":"DB_PDO_MYSQL_DDL_catalog_product_index_price_replica_4"}} []
[2026-09-24T07:13:30.754708+00:00] main.DEBUG: cache_invalidate:  {"method":"GET","url":"http:/","invalidateInfo":{"identifier":"DB_PDO_MYSQL_DDL_catalog_product_index_price_replica_4"}} []
[2026-09-24T07:13:30.754840+00:00] main.DEBUG: cache_invalidate:  {"method":"GET","url":"http:/","invalidateInfo":{"identifier":"DB_PDO_MYSQL_DDL_catalog_product_index_price_replica_5"}} []
[2026-09-24T07:13:30.754861+00:00] main.DEBUG: cache_invalidate:  {"method":"GET","url":"http:/","invalidateInfo":{"identifier":"DB_PDO_MYSQL_DDL_catalog_product_index_price_replica_5"}} []
[2026-09-24T07:13:30.754995+00:00] main.DEBUG: cache_invalidate:  {"method":"GET","url":"http:/","invalidateInfo":{"tags":["cat_c","FPC","MAGE"],"mode":"matchingTag"}} []
[2026-09-24T07:13:30.755021+00:00] main.DEBUG: cache_invalidate:  {"method":"GET","url":"http:/","invalidateInfo":{"tags":["cat_c","FPC"],"mode":"matchingTag"}} []
[2026-09-24T07:13:30.755076+00:00] main.DEBUG: cache_invalidate:  {"method":"GET","url":"http:/","invalidateInfo":{"tags":["cat_p","FPC","MAGE"],"mode":"matchingTag"}} []
[2026-09-24T07:13:30.755098+00:00] main.DEBUG: cache_invalidate:  {"method":"GET","url":"http:/","invalidateInfo":{"tags":["cat_p","FPC"],"mode":"matchingTag"}} []
[2026-09-24T07:13:30.755153+00:00] main.DEBUG: cache_invalidate:  {"method":"GET","url":"http:/","invalidateInfo":{"tags":["cat_c","MAGE"],"mode":"matchingTag"}} []
[2026-09-24T07:13:30.755206+00:00] main.DEBUG: cache_invalidate:  {"method":"GET","url":"http:/","invalidateInfo":{"tags":["cat_p","MAGE"],"mode":"matchingTag"}} []
[2026-09-24T07:13:30.755228+00:00] main.DEBUG: cache_invalidate:  {"method":"GET","url":"http:/","invalidateInfo":{"tags":["cat_c","cat_p"],"mode":"matchingAnyTag"}} []
[2026-09-24T07:13:30.780860+00:00] main.DEBUG: cache_invalidate:  {"method":"GET","url":"http:/","invalidateInfo":{"identifier":"DB_PDO_MYSQL_DDL_catalogrule_product_1"}} []
[2026-09-24T07:13:30.780933+00:00] main.DEBUG: cache_invalidate:  {"method":"GET","url":"http:/","invalidateInfo":{"identifier":"DB_PDO_MYSQL_DDL_catalogrule_product_1"}} []
[2026-09-24T07:13:30.781047+00:00] main.DEBUG: cache_invalidate:  {"method":"GET","url":"http:/","invalidateInfo":{"identifier":"DB_PDO_MYSQL_DDL_catalogrule_product_2"}} []
[2026-09-24T07:13:30.781070+00:00] main.DEBUG: cache_invalidate:  {"method":"GET","url":"http:/","invalidateInfo":{"identifier":"DB_PDO_MYSQL_DDL_catalogrule_product_2"}} []
[2026-09-24T07:13:30.781175+00:00] main.DEBUG: cache_invalidate:  {"method":"GET","url":"http:/","invalidateInfo":{"identifier":"DB_PDO_MYSQL_DDL_catalogrule_product_3"}} []
[2026-09-24T07:13:30.781198+00:00] main.DEBUG: cache_invalidate:  {"method":"GET","url":"http:/","invalidateInfo":{"identifier":"DB_PDO_MYSQL_DDL_catalogrule_product_3"}} []
[2026-09-24T07:13:30.781302+00:00] main.DEBUG: cache_invalidate:  {"method":"GET","url":"http:/","invalidateInfo":{"identifier":"DB_PDO_MYSQL_DDL_catalogrule_product_4"}} []
[2026-09-24T07:13:30.781323+00:00] main.DEBUG: cache_invalidate:  {"method":"GET","url":"http:/","invalidateInfo":{"identifier":"DB_PDO_MYSQL_DDL_catalogrule_product_4"}} []
[2026-09-24T07:13:30.781427+00:00] main.DEBUG: cache_invalidate:  {"method":"GET","url":"http:/","invalidateInfo":{"identifier":"DB_PDO_MYSQL_DDL_catalogrule_product_5"}} []
[2026-09-24T07:13:30.781450+00:00] main.DEBUG: cache_invalidate:  {"method":"GET","url":"http:/","invalidateInfo":{"identifier":"DB_PDO_MYSQL_DDL_catalogrule_product_5"}} []
[2026-09-24T07:13:30.781565+00:00] main.DEBUG: cache_invalidate:  {"method":"GET","url":"http:/","invalidateInfo":{"identifier":"DB_PDO_MYSQL_DDL_catalogrule_producted3a5024_1"}} []
[2026-09-24T07:13:30.781587+00:00] main.DEBUG: cache_invalidate:  {"method":"GET","url":"http:/","invalidateInfo":{"identifier":"DB_PDO_MYSQL_DDL_catalogrule_producted3a5024_1"}} []
[2026-09-24T07:13:30.781720+00:00] main.DEBUG: cache_invalidate:  {"method":"GET","url":"http:/","invalidateInfo":{"identifier":"DB_PDO_MYSQL_DDL_catalogrule_producted3a5024_2"}} []
[2026-09-24T07:13:30.781742+00:00] main.DEBUG: cache_invalidate:  {"method":"GET","url":"http:/","invalidateInfo":{"identifier":"DB_PDO_MYSQL_DDL_catalogrule_producted3a5024_2"}} []
[2026-09-24T07:13:30.781849+00:00] main.DEBUG: cache_invalidate:  {"method":"GET","url":"http:/","invalidateInfo":{"identifier":"DB_PDO_MYSQL_DDL_catalogrule_producted3a5024_3"}} []
[2026-09-24T07:13:30.781871+00:00] main.DEBUG: cache_invalidate:  {"method":"GET","url":"http:/","invalidateInfo":{"identifier":"DB_PDO_MYSQL_DDL_catalogrule_producted3a5024_3"}} []
[2026-09-24T07:13:30.781974+00:00] main.DEBUG: cache_invalidate:  {"method":"GET","url":"http:/","invalidateInfo":{"identifier":"DB_PDO_MYSQL_DDL_catalogrule_producted3a5024_4"}} []
[2026-09-24T07:13:30.781995+00:00] main.DEBUG: cache_invalidate:  {"method":"GET","url":"http:/","invalidateInfo":{"identifier":"DB_PDO_MYSQL_DDL_catalogrule_producted3a5024_4"}} []
[2026-09-24T07:13:30.782097+00:00] main.DEBUG: cache_invalidate:  {"method":"GET","url":"http:/","invalidateInfo":{"identifier":"DB_PDO_MYSQL_DDL_catalogrule_producted3a5024_5"}} []
[2026-09-24T07:13:30.782118+00:00] main.DEBUG: cache_invalidate:  {"method":"GET","url":"http:/","invalidateInfo":{"identifier":"DB_PDO_MYSQL_DDL_catalogrule_producted3a5024_5"}} []
[2026-09-24T07:13:30.782222+00:00] main.DEBUG: cache_invalidate:  {"method":"GET","url":"http:/","invalidateInfo":{"identifier":"DB_PDO_MYSQL_DDL_catalogrule_product__temp7061b2d0_1"}} []
[2026-09-24T07:13:30.782243+00:00] main.DEBUG: cache_invalidate:  {"method":"GET","url":"http:/","invalidateInfo":{"identifier":"DB_PDO_MYSQL_DDL_catalogrule_product__temp7061b2d0_1"}} []
[2026-09-24T07:13:30.782345+00:00] main.DEBUG: cache_invalidate:  {"method":"GET","url":"http:/","invalidateInfo":{"identifier":"DB_PDO_MYSQL_DDL_catalogrule_product__temp7061b2d0_2"}} []
[2026-09-24T07:13:30.782366+00:00] main.DEBUG: cache_invalidate:  {"method":"GET","url":"http:/","invalidateInfo":{"identifier":"DB_PDO_MYSQL_DDL_catalogrule_product__temp7061b2d0_2"}} []
[2026-09-24T07:13:30.782468+00:00] main.DEBUG: cache_invalidate:  {"method":"GET","url":"http:/","invalidateInfo":{"identifier":"DB_PDO_MYSQL_DDL_catalogrule_product__temp7061b2d0_3"}} []
[2026-09-24T07:13:30.782488+00:00] main.DEBUG: cache_invalidate:  {"method":"GET","url":"http:/","invalidateInfo":{"identifier":"DB_PDO_MYSQL_DDL_catalogrule_product__temp7061b2d0_3"}} []
[2026-09-24T07:13:30.782644+00:00] main.DEBUG: cache_invalidate:  {"method":"GET","url":"http:/","invalidateInfo":{"identifier":"DB_PDO_MYSQL_DDL_catalogrule_product__temp7061b2d0_4"}} []
[2026-09-24T07:13:30.782693+00:00] main.DEBUG: cache_invalidate:  {"method":"GET","url":"http:/","invalidateInfo":{"identifier":"DB_PDO_MYSQL_DDL_catalogrule_product__temp7061b2d0_4"}} []
[2026-09-24T07:13:30.782838+00:00] main.DEBUG: cache_invalidate:  {"method":"GET","url":"http:/","invalidateInfo":{"identifier":"DB_PDO_MYSQL_DDL_catalogrule_product__temp7061b2d0_5"}} []
[2026-09-24T07:13:30.782862+00:00] main.DEBUG: cache_invalidate:  {"method":"GET","url":"http:/","invalidateInfo":{"identifier":"DB_PDO_MYSQL_DDL_catalogrule_product__temp7061b2d0_5"}} []
[2026-09-24T07:13:30.782983+00:00] main.DEBUG: cache_invalidate:  {"method":"GET","url":"http:/","invalidateInfo":{"identifier":"DB_PDO_MYSQL_DDL_catalogrule_product_price_1"}} []
[2026-09-24T07:13:30.783006+00:00] main.DEBUG: cache_invalidate:  {"method":"GET","url":"http:/","invalidateInfo":{"identifier":"DB_PDO_MYSQL_DDL_catalogrule_product_price_1"}} []
[2026-09-24T07:13:30.783117+00:00] main.DEBUG: cache_invalidate:  {"method":"GET","url":"http:/","invalidateInfo":{"identifier":"DB_PDO_MYSQL_DDL_catalogrule_product_price_2"}} []
[2026-09-24T07:13:30.783139+00:00] main.DEBUG: cache_invalidate:  {"method":"GET","url":"http:/","invalidateInfo":{"identifier":"DB_PDO_MYSQL_DDL_catalogrule_product_price_2"}} []
[2026-09-24T07:13:30.783242+00:00] main.DEBUG: cache_invalidate:  {"method":"GET","url":"http:/","invalidateInfo":{"identifier":"DB_PDO_MYSQL_DDL_catalogrule_product_price_3"}} []
[2026-09-24T07:13:30.783264+00:00] main.DEBUG: cache_invalidate:  {"method":"GET","url":"http:/","invalidateInfo":{"identifier":"DB_PDO_MYSQL_DDL_catalogrule_product_price_3"}} []
[2026-09-24T07:13:30.783368+00:00] main.DEBUG: cache_invalidate:  {"method":"GET","url":"http:/","invalidateInfo":{"identifier":"DB_PDO_MYSQL_DDL_catalogrule_product_price_4"}} []
[2026-09-24T07:13:30.783389+00:00] main.DEBUG: cache_invalidate:  {"method":"GET","url":"http:/","invalidateInfo":{"identifier":"DB_PDO_MYSQL_DDL_catalogrule_product_price_4"}} []
[2026-09-24T07:13:30.783492+00:00] main.DEBUG: cache_invalidate:  {"method":"GET","url":"http:/","invalidateInfo":{"identifier":"DB_PDO_MYSQL_DDL_catalogrule_product_price_5"}} []
[2026-09-24T07:13:30.783513+00:00] main.DEBUG: cache_invalidate:  {"method":"GET","url":"http:/","invalidateInfo":{"identifier":"DB_PDO_MYSQL_DDL_catalogrule_product_price_5"}} []
[2026-09-24T07:13:30.783627+00:00] main.DEBUG: cache_invalidate:  {"method":"GET","url":"http:/","invalidateInfo":{"identifier":"DB_PDO_MYSQL_DDL_catalogrule_product_price5aed751b_1"}} []
[2026-09-24T07:13:30.783649+00:00] main.DEBUG: cache_invalidate:  {"method":"GET","url":"http:/","invalidateInfo":{"identifier":"DB_PDO_MYSQL_DDL_catalogrule_product_price5aed751b_1"}} []
[2026-09-24T07:13:30.783754+00:00] main.DEBUG: cache_invalidate:  {"method":"GET","url":"http:/","invalidateInfo":{"identifier":"DB_PDO_MYSQL_DDL_catalogrule_product_price5aed751b_2"}} []
[2026-09-24T07:13:30.783775+00:00] main.DEBUG: cache_invalidate:  {"method":"GET","url":"http:/","invalidateInfo":{"identifier":"DB_PDO_MYSQL_DDL_catalogrule_product_price5aed751b_2"}} []
[2026-09-24T07:13:30.783878+00:00] main.DEBUG: cache_invalidate:  {"method":"GET","url":"http:/","invalidateInfo":{"identifier":"DB_PDO_MYSQL_DDL_catalogrule_product_price5aed751b_3"}} []
[2026-09-24T07:13:30.783899+00:00] main.DEBUG: cache_invalidate:  {"method":"GET","url":"http:/","invalidateInfo":{"identifier":"DB_PDO_MYSQL_DDL_catalogrule_product_price5aed751b_3"}} []
[2026-09-24T07:13:30.784008+00:00] main.DEBUG: cache_invalidate:  {"method":"GET","url":"http:/","invalidateInfo":{"identifier":"DB_PDO_MYSQL_DDL_catalogrule_product_price5aed751b_4"}} []
[2026-09-24T07:13:30.784029+00:00] main.DEBUG: cache_invalidate:  {"method":"GET","url":"http:/","invalidateInfo":{"identifier":"DB_PDO_MYSQL_DDL_catalogrule_product_price5aed751b_4"}} []
[2026-09-24T07:13:30.784131+00:00] main.DEBUG: cache_invalidate:  {"method":"GET","url":"http:/","invalidateInfo":{"identifier":"DB_PDO_MYSQL_DDL_catalogrule_product_price5aed751b_5"}} []
[2026-09-24T07:13:30.784152+00:00] main.DEBUG: cache_invalidate:  {"method":"GET","url":"http:/","invalidateInfo":{"identifier":"DB_PDO_MYSQL_DDL_catalogrule_product_price5aed751b_5"}} []
[2026-09-24T07:13:30.784257+00:00] main.DEBUG: cache_invalidate:  {"method":"GET","url":"http:/","invalidateInfo":{"identifier":"DB_PDO_MYSQL_DDL_catalogrule_product_price__temp2922d093_1"}} []
[2026-09-24T07:13:30.784278+00:00] main.DEBUG: cache_invalidate:  {"method":"GET","url":"http:/","invalidateInfo":{"identifier":"DB_PDO_MYSQL_DDL_catalogrule_product_price__temp2922d093_1"}} []
[2026-09-24T07:13:30.784381+00:00] main.DEBUG: cache_invalidate:  {"method":"GET","url":"http:/","invalidateInfo":{"identifier":"DB_PDO_MYSQL_DDL_catalogrule_product_price__temp2922d093_2"}} []
[2026-09-24T07:13:30.784401+00:00] main.DEBUG: cache_invalidate:  {"method":"GET","url":"http:/","invalidateInfo":{"identifier":"DB_PDO_MYSQL_DDL_catalogrule_product_price__temp2922d093_2"}} []
[2026-09-24T07:13:30.784506+00:00] main.DEBUG: cache_invalidate:  {"method":"GET","url":"http:/","invalidateInfo":{"identifier":"DB_PDO_MYSQL_DDL_catalogrule_product_price__temp2922d093_3"}} []
[2026-09-24T07:13:30.784527+00:00] main.DEBUG: cache_invalidate:  {"method":"GET","url":"http:/","invalidateInfo":{"identifier":"DB_PDO_MYSQL_DDL_catalogrule_product_price__temp2922d093_3"}} []
[2026-09-24T07:13:30.784642+00:00] main.DEBUG: cache_invalidate:  {"method":"GET","url":"http:/","invalidateInfo":{"identifier":"DB_PDO_MYSQL_DDL_catalogrule_product_price__temp2922d093_4"}} []
[2026-09-24T07:13:30.784663+00:00] main.DEBUG: cache_invalidate:  {"method":"GET","url":"http:/","invalidateInfo":{"identifier":"DB_PDO_MYSQL_DDL_catalogrule_product_price__temp2922d093_4"}} []
[2026-09-24T07:13:30.784765+00:00] main.DEBUG: cache_invalidate:  {"method":"GET","url":"http:/","invalidateInfo":{"identifier":"DB_PDO_MYSQL_DDL_catalogrule_product_price__temp2922d093_5"}} []
[2026-09-24T07:13:30.784785+00:00] main.DEBUG: cache_invalidate:  {"method":"GET","url":"http:/","invalidateInfo":{"identifier":"DB_PDO_MYSQL_DDL_catalogrule_product_price__temp2922d093_5"}} []
[2026-09-24T07:13:30.784889+00:00] main.DEBUG: cache_invalidate:  {"method":"GET","url":"http:/","invalidateInfo":{"identifier":"DB_PDO_MYSQL_DDL_catalogrule_group_website_1"}} []
[2026-09-24T07:13:30.784909+00:00] main.DEBUG: cache_invalidate:  {"method":"GET","url":"http:/","invalidateInfo":{"identifier":"DB_PDO_MYSQL_DDL_catalogrule_group_website_1"}} []
[2026-09-24T07:13:30.785011+00:00] main.DEBUG: cache_invalidate:  {"method":"GET","url":"http:/","invalidateInfo":{"identifier":"DB_PDO_MYSQL_DDL_catalogrule_group_website_2"}} []
[2026-09-24T07:13:30.785031+00:00] main.DEBUG: cache_invalidate:  {"method":"GET","url":"http:/","invalidateInfo":{"identifier":"DB_PDO_MYSQL_DDL_catalogrule_group_website_2"}} []
[2026-09-24T07:13:30.785133+00:00] main.DEBUG: cache_invalidate:  {"method":"GET","url":"http:/","invalidateInfo":{"identifier":"DB_PDO_MYSQL_DDL_catalogrule_group_website_3"}} []
[2026-09-24T07:13:30.785153+00:00] main.DEBUG: cache_invalidate:  {"method":"GET","url":"http:/","invalidateInfo":{"identifier":"DB_PDO_MYSQL_DDL_catalogrule_group_website_3"}} []
[2026-09-24T07:13:30.785254+00:00] main.DEBUG: cache_invalidate:  {"method":"GET","url":"http:/","invalidateInfo":{"identifier":"DB_PDO_MYSQL_DDL_catalogrule_group_website_4"}} []
[2026-09-24T07:13:30.785275+00:00] main.DEBUG: cache_invalidate:  {"method":"GET","url":"http:/","invalidateInfo":{"identifier":"DB_PDO_MYSQL_DDL_catalogrule_group_website_4"}} []
[2026-09-24T07:13:30.785377+00:00] main.DEBUG: cache_invalidate:  {"method":"GET","url":"http:/","invalidateInfo":{"identifier":"DB_PDO_MYSQL_DDL_catalogrule_group_website_5"}} []
[2026-09-24T07:13:30.785398+00:00] main.DEBUG: cache_invalidate:  {"method":"GET","url":"http:/","invalidateInfo":{"identifier":"DB_PDO_MYSQL_DDL_catalogrule_group_website_5"}} []
[2026-09-24T07:13:30.785500+00:00] main.DEBUG: cache_invalidate:  {"method":"GET","url":"http:/","invalidateInfo":{"identifier":"DB_PDO_MYSQL_DDL_catalogrule_group_website9461e76a_1"}} []
[2026-09-24T07:13:30.785521+00:00] main.DEBUG: cache_invalidate:  {"method":"GET","url":"http:/","invalidateInfo":{"identifier":"DB_PDO_MYSQL_DDL_catalogrule_group_website9461e76a_1"}} []
[2026-09-24T07:13:30.785634+00:00] main.DEBUG: cache_invalidate:  {"method":"GET","url":"http:/","invalidateInfo":{"identifier":"DB_PDO_MYSQL_DDL_catalogrule_group_website9461e76a_2"}} []
[2026-09-24T07:13:30.785655+00:00] main.DEBUG: cache_invalidate:  {"method":"GET","url":"http:/","invalidateInfo":{"identifier":"DB_PDO_MYSQL_DDL_catalogrule_group_website9461e76a_2"}} []
[2026-09-24T07:13:30.785756+00:00] main.DEBUG: cache_invalidate:  {"method":"GET","url":"http:/","invalidateInfo":{"identifier":"DB_PDO_MYSQL_DDL_catalogrule_group_website9461e76a_3"}} []
[2026-09-24T07:13:30.785777+00:00] main.DEBUG: cache_invalidate:  {"method":"GET","url":"http:/","invalidateInfo":{"identifier":"DB_PDO_MYSQL_DDL_catalogrule_group_website9461e76a_3"}} []
[2026-09-24T07:13:30.785879+00:00] main.DEBUG: cache_invalidate:  {"method":"GET","url":"http:/","invalidateInfo":{"identifier":"DB_PDO_MYSQL_DDL_catalogrule_group_website9461e76a_4"}} []
[2026-09-24T07:13:30.785900+00:00] main.DEBUG: cache_invalidate:  {"method":"GET","url":"http:/","invalidateInfo":{"identifier":"DB_PDO_MYSQL_DDL_catalogrule_group_website9461e76a_4"}} []
[2026-09-24T07:13:30.786002+00:00] main.DEBUG: cache_invalidate:  {"method":"GET","url":"http:/","invalidateInfo":{"identifier":"DB_PDO_MYSQL_DDL_catalogrule_group_website9461e76a_5"}} []
[2026-09-24T07:13:30.786023+00:00] main.DEBUG: cache_invalidate:  {"method":"GET","url":"http:/","invalidateInfo":{"identifier":"DB_PDO_MYSQL_DDL_catalogrule_group_website9461e76a_5"}} []
[2026-09-24T07:13:30.786127+00:00] main.DEBUG: cache_invalidate:  {"method":"GET","url":"http:/","invalidateInfo":{"identifier":"DB_PDO_MYSQL_DDL_catalogrule_group_website__tempd01eebec_1"}} []
[2026-09-24T07:13:30.786148+00:00] main.DEBUG: cache_invalidate:  {"method":"GET","url":"http:/","invalidateInfo":{"identifier":"DB_PDO_MYSQL_DDL_catalogrule_group_website__tempd01eebec_1"}} []
[2026-09-24T07:13:30.786257+00:00] main.DEBUG: cache_invalidate:  {"method":"GET","url":"http:/","invalidateInfo":{"identifier":"DB_PDO_MYSQL_DDL_catalogrule_group_website__tempd01eebec_2"}} []
[2026-09-24T07:13:30.786277+00:00] main.DEBUG: cache_invalidate:  {"method":"GET","url":"http:/","invalidateInfo":{"identifier":"DB_PDO_MYSQL_DDL_catalogrule_group_website__tempd01eebec_2"}} []
[2026-09-24T07:13:30.786384+00:00] main.DEBUG: cache_invalidate:  {"method":"GET","url":"http:/","invalidateInfo":{"identifier":"DB_PDO_MYSQL_DDL_catalogrule_group_website__tempd01eebec_3"}} []
[2026-09-24T07:13:30.786405+00:00] main.DEBUG: cache_invalidate:  {"method":"GET","url":"http:/","invalidateInfo":{"identifier":"DB_PDO_MYSQL_DDL_catalogrule_group_website__tempd01eebec_3"}} []
[2026-09-24T07:13:30.786513+00:00] main.DEBUG: cache_invalidate:  {"method":"GET","url":"http:/","invalidateInfo":{"identifier":"DB_PDO_MYSQL_DDL_catalogrule_group_website__tempd01eebec_4"}} []
[2026-09-24T07:13:30.786544+00:00] main.DEBUG: cache_invalidate:  {"method":"GET","url":"http:/","invalidateInfo":{"identifier":"DB_PDO_MYSQL_DDL_catalogrule_group_website__tempd01eebec_4"}} []
[2026-09-24T07:13:30.786658+00:00] main.DEBUG: cache_invalidate:  {"method":"GET","url":"http:/","invalidateInfo":{"identifier":"DB_PDO_MYSQL_DDL_catalogrule_group_website__tempd01eebec_5"}} []
[2026-09-24T07:13:30.786678+00:00] main.DEBUG: cache_invalidate:  {"method":"GET","url":"http:/","invalidateInfo":{"identifier":"DB_PDO_MYSQL_DDL_catalogrule_group_website__tempd01eebec_5"}} []
[2026-09-24T07:13:30.788288+00:00] main.DEBUG: cache_invalidate:  {"method":"GET","url":"http:/","invalidateInfo":{"identifier":"DB_PDO_MYSQL_DDL_catalogrule_producted3a5024_1"}} []
[2026-09-24T07:13:30.788320+00:00] main.DEBUG: cache_invalidate:  {"method":"GET","url":"http:/","invalidateInfo":{"identifier":"DB_PDO_MYSQL_DDL_catalogrule_producted3a5024_1"}} []
[2026-09-24T07:13:30.788425+00:00] main.DEBUG: cache_invalidate:  {"method":"GET","url":"http:/","invalidateInfo":{"identifier":"DB_PDO_MYSQL_DDL_catalogrule_producted3a5024_2"}} []
[2026-09-24T07:13:30.788447+00:00] main.DEBUG: cache_invalidate:  {"method":"GET","url":"http:/","invalidateInfo":{"identifier":"DB_PDO_MYSQL_DDL_catalogrule_producted3a5024_2"}} []
[2026-09-24T07:13:30.788570+00:00] main.DEBUG: cache_invalidate:  {"method":"GET","url":"http:/","invalidateInfo":{"identifier":"DB_PDO_MYSQL_DDL_catalogrule_producted3a5024_3"}} []
[2026-09-24T07:13:30.788603+00:00] main.DEBUG: cache_invalidate:  {"method":"GET","url":"http:/","invalidateInfo":{"identifier":"DB_PDO_MYSQL_DDL_catalogrule_producted3a5024_3"}} []
[2026-09-24T07:13:30.788727+00:00] main.DEBUG: cache_invalidate:  {"method":"GET","url":"http:/","invalidateInfo":{"identifier":"DB_PDO_MYSQL_DDL_catalogrule_producted3a5024_4"}} []
[2026-09-24T07:13:30.788752+00:00] main.DEBUG: cache_invalidate:  {"method":"GET","url":"http:/","invalidateInfo":{"identifier":"DB_PDO_MYSQL_DDL_catalogrule_producted3a5024_4"}} []
[2026-09-24T07:13:30.788857+00:00] main.DEBUG: cache_invalidate:  {"method":"GET","url":"http:/","invalidateInfo":{"identifier":"DB_PDO_MYSQL_DDL_catalogrule_producted3a5024_5"}} []
[2026-09-24T07:13:30.788879+00:00] main.DEBUG: cache_invalidate:  {"method":"GET","url":"http:/","invalidateInfo":{"identifier":"DB_PDO_MYSQL_DDL_catalogrule_producted3a5024_5"}} []
[2026-09-24T07:13:30.790363+00:00] main.DEBUG: cache_invalidate:  {"method":"GET","url":"http:/","invalidateInfo":{"identifier":"DB_PDO_MYSQL_DDL_catalogrule_product_price5aed751b_1"}} []
[2026-09-24T07:13:30.790393+00:00] main.DEBUG: cache_invalidate:  {"method":"GET","url":"http:/","invalidateInfo":{"identifier":"DB_PDO_MYSQL_DDL_catalogrule_product_price5aed751b_1"}} []
[2026-09-24T07:13:30.790497+00:00] main.DEBUG: cache_invalidate:  {"method":"GET","url":"http:/","invalidateInfo":{"identifier":"DB_PDO_MYSQL_DDL_catalogrule_product_price5aed751b_2"}} []
[2026-09-24T07:13:30.790518+00:00] main.DEBUG: cache_invalidate:  {"method":"GET","url":"http:/","invalidateInfo":{"identifier":"DB_PDO_MYSQL_DDL_catalogrule_product_price5aed751b_2"}} []
[2026-09-24T07:13:30.790631+00:00] main.DEBUG: cache_invalidate:  {"method":"GET","url":"http:/","invalidateInfo":{"identifier":"DB_PDO_MYSQL_DDL_catalogrule_product_price5aed751b_3"}} []
[2026-09-24T07:13:30.790652+00:00] main.DEBUG: cache_invalidate:  {"method":"GET","url":"http:/","invalidateInfo":{"identifier":"DB_PDO_MYSQL_DDL_catalogrule_product_price5aed751b_3"}} []
[2026-09-24T07:13:30.790801+00:00] main.DEBUG: cache_invalidate:  {"method":"GET","url":"http:/","invalidateInfo":{"identifier":"DB_PDO_MYSQL_DDL_catalogrule_product_price5aed751b_4"}} []
[2026-09-24T07:13:30.790832+00:00] main.DEBUG: cache_invalidate:  {"method":"GET","url":"http:/","invalidateInfo":{"identifier":"DB_PDO_MYSQL_DDL_catalogrule_product_price5aed751b_4"}} []
[2026-09-24T07:13:30.790943+00:00] main.DEBUG: cache_invalidate:  {"method":"GET","url":"http:/","invalidateInfo":{"identifier":"DB_PDO_MYSQL_DDL_catalogrule_product_price5aed751b_5"}} []
[2026-09-24T07:13:30.790965+00:00] main.DEBUG: cache_invalidate:  {"method":"GET","url":"http:/","invalidateInfo":{"identifier":"DB_PDO_MYSQL_DDL_catalogrule_product_price5aed751b_5"}} []
[2026-09-24T07:13:30.792291+00:00] main.DEBUG: cache_invalidate:  {"method":"GET","url":"http:/","invalidateInfo":{"identifier":"DB_PDO_MYSQL_DDL_catalogrule_group_website9461e76a_1"}} []
[2026-09-24T07:13:30.792322+00:00] main.DEBUG: cache_invalidate:  {"method":"GET","url":"http:/","invalidateInfo":{"identifier":"DB_PDO_MYSQL_DDL_catalogrule_group_website9461e76a_1"}} []
[2026-09-24T07:13:30.792427+00:00] main.DEBUG: cache_invalidate:  {"method":"GET","url":"http:/","invalidateInfo":{"identifier":"DB_PDO_MYSQL_DDL_catalogrule_group_website9461e76a_2"}} []
[2026-09-24T07:13:30.792448+00:00] main.DEBUG: cache_invalidate:  {"method":"GET","url":"http:/","invalidateInfo":{"identifier":"DB_PDO_MYSQL_DDL_catalogrule_group_website9461e76a_2"}} []
[2026-09-24T07:13:30.792545+00:00] main.DEBUG: cache_invalidate:  {"method":"GET","url":"http:/","invalidateInfo":{"identifier":"DB_PDO_MYSQL_DDL_catalogrule_group_website9461e76a_3"}} []
[2026-09-24T07:13:30.792568+00:00] main.DEBUG: cache_invalidate:  {"method":"GET","url":"http:/","invalidateInfo":{"identifier":"DB_PDO_MYSQL_DDL_catalogrule_group_website9461e76a_3"}} []
[2026-09-24T07:13:30.792708+00:00] main.DEBUG: cache_invalidate:  {"method":"GET","url":"http:/","invalidateInfo":{"identifier":"DB_PDO_MYSQL_DDL_catalogrule_group_website9461e76a_4"}} []
[2026-09-24T07:13:30.792755+00:00] main.DEBUG: cache_invalidate:  {"method":"GET","url":"http:/","invalidateInfo":{"identifier":"DB_PDO_MYSQL_DDL_catalogrule_group_website9461e76a_4"}} []
[2026-09-24T07:13:30.792900+00:00] main.DEBUG: cache_invalidate:  {"method":"GET","url":"http:/","invalidateInfo":{"identifier":"DB_PDO_MYSQL_DDL_catalogrule_group_website9461e76a_5"}} []
[2026-09-24T07:13:30.792933+00:00] main.DEBUG: cache_invalidate:  {"method":"GET","url":"http:/","invalidateInfo":{"identifier":"DB_PDO_MYSQL_DDL_catalogrule_group_website9461e76a_5"}} []
[2026-09-24T07:13:30.798475+00:00] main.DEBUG: cache_invalidate:  {"method":"GET","url":"http:/","invalidateInfo":{"tags":["cat_c","FPC","MAGE"],"mode":"matchingTag"}} []
[2026-09-24T07:13:30.798513+00:00] main.DEBUG: cache_invalidate:  {"method":"GET","url":"http:/","invalidateInfo":{"tags":["cat_c","FPC"],"mode":"matchingTag"}} []
[2026-09-24T07:13:30.798600+00:00] main.DEBUG: cache_invalidate:  {"method":"GET","url":"http:/","invalidateInfo":{"tags":["cat_p","FPC","MAGE"],"mode":"matchingTag"}} []
[2026-09-24T07:13:30.798624+00:00] main.DEBUG: cache_invalidate:  {"method":"GET","url":"http:/","invalidateInfo":{"tags":["cat_p","FPC"],"mode":"matchingTag"}} []
[2026-09-24T07:13:30.798689+00:00] main.DEBUG: cache_invalidate:  {"method":"GET","url":"http:/","invalidateInfo":{"tags":["BLOCK_HTML","FPC","MAGE"],"mode":"matchingTag"}} []
[2026-09-24T07:13:30.798712+00:00] main.DEBUG: cache_invalidate:  {"method":"GET","url":"http:/","invalidateInfo":{"tags":["BLOCK_HTML","FPC"],"mode":"matchingTag"}} []
[2026-09-24T07:13:30.798774+00:00] main.DEBUG: cache_invalidate:  {"method":"GET","url":"http:/","invalidateInfo":{"tags":["cat_c","MAGE"],"mode":"matchingTag"}} []
[2026-09-24T07:13:30.798830+00:00] main.DEBUG: cache_invalidate:  {"method":"GET","url":"http:/","invalidateInfo":{"tags":["cat_p","MAGE"],"mode":"matchingTag"}} []
[2026-09-24T07:13:30.798883+00:00] main.DEBUG: cache_invalidate:  {"method":"GET","url":"http:/","invalidateInfo":{"tags":["BLOCK_HTML","MAGE"],"mode":"matchingTag"}} []
[2026-09-24T07:13:30.798904+00:00] main.DEBUG: cache_invalidate:  {"method":"GET","url":"http:/","invalidateInfo":{"tags":["cat_c","cat_p","BLOCK_HTML"],"mode":"matchingAnyTag"}} []
[2026-09-24T07:13:31.341594+00:00] main.INFO: {"feed":"salesOrders","operation":"full reindex(legacy)","status":"Initialize","elapsed":"92 ms","pid":"54","caller":"bin\/magento setup:install --db-host=db --db-name=magento --db-user=magento --db-password=magento"} [] []
[2026-09-24T07:13:31.348385+00:00] main.DEBUG: cache_invalidate:  {"method":"GET","url":"http:/","invalidateInfo":{"identifier":"DB_PDO_MYSQL_DDL_sales_data_exporter_orders_index_sequence_1"}} []
[2026-09-24T07:13:31.348469+00:00] main.DEBUG: cache_invalidate:  {"method":"GET","url":"http:/","invalidateInfo":{"identifier":"DB_PDO_MYSQL_DDL_sales_data_exporter_orders_index_sequence_1"}} []
[2026-09-24T07:13:31.348608+00:00] main.DEBUG: cache_invalidate:  {"method":"GET","url":"http:/","invalidateInfo":{"identifier":"DB_PDO_MYSQL_DDL_sales_data_exporter_orders_index_sequence_2"}} []
[2026-09-24T07:13:31.348635+00:00] main.DEBUG: cache_invalidate:  {"method":"GET","url":"http:/","invalidateInfo":{"identifier":"DB_PDO_MYSQL_DDL_sales_data_exporter_orders_index_sequence_2"}} []
[2026-09-24T07:13:31.348746+00:00] main.DEBUG: cache_invalidate:  {"method":"GET","url":"http:/","invalidateInfo":{"identifier":"DB_PDO_MYSQL_DDL_sales_data_exporter_orders_index_sequence_3"}} []
[2026-09-24T07:13:31.348768+00:00] main.DEBUG: cache_invalidate:  {"method":"GET","url":"http:/","invalidateInfo":{"identifier":"DB_PDO_MYSQL_DDL_sales_data_exporter_orders_index_sequence_3"}} []
[2026-09-24T07:13:31.348877+00:00] main.DEBUG: cache_invalidate:  {"method":"GET","url":"http:/","invalidateInfo":{"identifier":"DB_PDO_MYSQL_DDL_sales_data_exporter_orders_index_sequence_4"}} []
[2026-09-24T07:13:31.348899+00:00] main.DEBUG: cache_invalidate:  {"method":"GET","url":"http:/","invalidateInfo":{"identifier":"DB_PDO_MYSQL_DDL_sales_data_exporter_orders_index_sequence_4"}} []
[2026-09-24T07:13:31.349007+00:00] main.DEBUG: cache_invalidate:  {"method":"GET","url":"http:/","invalidateInfo":{"identifier":"DB_PDO_MYSQL_DDL_sales_data_exporter_orders_index_sequence_5"}} []
[2026-09-24T07:13:31.349029+00:00] main.DEBUG: cache_invalidate:  {"method":"GET","url":"http:/","invalidateInfo":{"identifier":"DB_PDO_MYSQL_DDL_sales_data_exporter_orders_index_sequence_5"}} []
[2026-09-24T07:13:31.359658+00:00] main.DEBUG: cache_invalidate:  {"method":"GET","url":"http:/","invalidateInfo":{"identifier":"DB_PDO_MYSQL_DDL_sales_data_exporter_orders_index_sequence_1"}} []
[2026-09-24T07:13:31.359737+00:00] main.DEBUG: cache_invalidate:  {"method":"GET","url":"http:/","invalidateInfo":{"identifier":"DB_PDO_MYSQL_DDL_sales_data_exporter_orders_index_sequence_1"}} []
[2026-09-24T07:13:31.359853+00:00] main.DEBUG: cache_invalidate:  {"method":"GET","url":"http:/","invalidateInfo":{"identifier":"DB_PDO_MYSQL_DDL_sales_data_exporter_orders_index_sequence_2"}} []
[2026-09-24T07:13:31.359877+00:00] main.DEBUG: cache_invalidate:  {"method":"GET","url":"http:/","invalidateInfo":{"identifier":"DB_PDO_MYSQL_DDL_sales_data_exporter_orders_index_sequence_2"}} []
[2026-09-24T07:13:31.360028+00:00] main.DEBUG: cache_invalidate:  {"method":"GET","url":"http:/","invalidateInfo":{"identifier":"DB_PDO_MYSQL_DDL_sales_data_exporter_orders_index_sequence_3"}} []
[2026-09-24T07:13:31.360075+00:00] main.DEBUG: cache_invalidate:  {"method":"GET","url":"http:/","invalidateInfo":{"identifier":"DB_PDO_MYSQL_DDL_sales_data_exporter_orders_index_sequence_3"}} []
[2026-09-24T07:13:31.360198+00:00] main.DEBUG: cache_invalidate:  {"method":"GET","url":"http:/","invalidateInfo":{"identifier":"DB_PDO_MYSQL_DDL_sales_data_exporter_orders_index_sequence_4"}} []
[2026-09-24T07:13:31.360223+00:00] main.DEBUG: cache_invalidate:  {"method":"GET","url":"http:/","invalidateInfo":{"identifier":"DB_PDO_MYSQL_DDL_sales_data_exporter_orders_index_sequence_4"}} []
[2026-09-24T07:13:31.360340+00:00] main.DEBUG: cache_invalidate:  {"method":"GET","url":"http:/","invalidateInfo":{"identifier":"DB_PDO_MYSQL_DDL_sales_data_exporter_orders_index_sequence_5"}} []
[2026-09-24T07:13:31.360364+00:00] main.DEBUG: cache_invalidate:  {"method":"GET","url":"http:/","invalidateInfo":{"identifier":"DB_PDO_MYSQL_DDL_sales_data_exporter_orders_index_sequence_5"}} []
[2026-09-24T07:13:31.361152+00:00] main.INFO: {"feed":"salesOrders","operation":"full reindex(legacy)","status":"Creating batch table `sales_data_exporter_orders_index_batches`. Start position: 0","elapsed":"112 ms","pid":"54","caller":"bin\/magento setup:install --db-host=db --db-name=magento --db-user=magento --db-password=magento"} [] []
[2026-09-24T07:13:31.362410+00:00] main.DEBUG: cache_invalidate:  {"method":"GET","url":"http:/","invalidateInfo":{"identifier":"DB_PDO_MYSQL_DDL_sales_data_exporter_orders_index_batches_1"}} []
[2026-09-24T07:13:31.362450+00:00] main.DEBUG: cache_invalidate:  {"method":"GET","url":"http:/","invalidateInfo":{"identifier":"DB_PDO_MYSQL_DDL_sales_data_exporter_orders_index_batches_1"}} []
[2026-09-24T07:13:31.362565+00:00] main.DEBUG: cache_invalidate:  {"method":"GET","url":"http:/","invalidateInfo":{"identifier":"DB_PDO_MYSQL_DDL_sales_data_exporter_orders_index_batches_2"}} []
[2026-09-24T07:13:31.362589+00:00] main.DEBUG: cache_invalidate:  {"method":"GET","url":"http:/","invalidateInfo":{"identifier":"DB_PDO_MYSQL_DDL_sales_data_exporter_orders_index_batches_2"}} []
[2026-09-24T07:13:31.362701+00:00] main.DEBUG: cache_invalidate:  {"method":"GET","url":"http:/","invalidateInfo":{"identifier":"DB_PDO_MYSQL_DDL_sales_data_exporter_orders_index_batches_3"}} []
[2026-09-24T07:13:31.362723+00:00] main.DEBUG: cache_invalidate:  {"method":"GET","url":"http:/","invalidateInfo":{"identifier":"DB_PDO_MYSQL_DDL_sales_data_exporter_orders_index_batches_3"}} []
[2026-09-24T07:13:31.362832+00:00] main.DEBUG: cache_invalidate:  {"method":"GET","url":"http:/","invalidateInfo":{"identifier":"DB_PDO_MYSQL_DDL_sales_data_exporter_orders_index_batches_4"}} []
[2026-09-24T07:13:31.362855+00:00] main.DEBUG: cache_invalidate:  {"method":"GET","url":"http:/","invalidateInfo":{"identifier":"DB_PDO_MYSQL_DDL_sales_data_exporter_orders_index_batches_4"}} []
[2026-09-24T07:13:31.362964+00:00] main.DEBUG: cache_invalidate:  {"method":"GET","url":"http:/","invalidateInfo":{"identifier":"DB_PDO_MYSQL_DDL_sales_data_exporter_orders_index_batches_5"}} []
[2026-09-24T07:13:31.362993+00:00] main.DEBUG: cache_invalidate:  {"method":"GET","url":"http:/","invalidateInfo":{"identifier":"DB_PDO_MYSQL_DDL_sales_data_exporter_orders_index_batches_5"}} []
[2026-09-24T07:13:31.373958+00:00] main.DEBUG: cache_invalidate:  {"method":"GET","url":"http:/","invalidateInfo":{"identifier":"DB_PDO_MYSQL_DDL_sales_data_exporter_orders_index_batches_1"}} []
[2026-09-24T07:13:31.374043+00:00] main.DEBUG: cache_invalidate:  {"method":"GET","url":"http:/","invalidateInfo":{"identifier":"DB_PDO_MYSQL_DDL_sales_data_exporter_orders_index_batches_1"}} []
[2026-09-24T07:13:31.374166+00:00] main.DEBUG: cache_invalidate:  {"method":"GET","url":"http:/","invalidateInfo":{"identifier":"DB_PDO_MYSQL_DDL_sales_data_exporter_orders_index_batches_2"}} []
[2026-09-24T07:13:31.374190+00:00] main.DEBUG: cache_invalidate:  {"method":"GET","url":"http:/","invalidateInfo":{"identifier":"DB_PDO_MYSQL_DDL_sales_data_exporter_orders_index_batches_2"}} []
[2026-09-24T07:13:31.374300+00:00] main.DEBUG: cache_invalidate:  {"method":"GET","url":"http:/","invalidateInfo":{"identifier":"DB_PDO_MYSQL_DDL_sales_data_exporter_orders_index_batches_3"}} []
[2026-09-24T07:13:31.374323+00:00] main.DEBUG: cache_invalidate:  {"method":"GET","url":"http:/","invalidateInfo":{"identifier":"DB_PDO_MYSQL_DDL_sales_data_exporter_orders_index_batches_3"}} []
[2026-09-24T07:13:31.374435+00:00] main.DEBUG: cache_invalidate:  {"method":"GET","url":"http:/","invalidateInfo":{"identifier":"DB_PDO_MYSQL_DDL_sales_data_exporter_orders_index_batches_4"}} []
[2026-09-24T07:13:31.374457+00:00] main.DEBUG: cache_invalidate:  {"method":"GET","url":"http:/","invalidateInfo":{"identifier":"DB_PDO_MYSQL_DDL_sales_data_exporter_orders_index_batches_4"}} []
[2026-09-24T07:13:31.374565+00:00] main.DEBUG: cache_invalidate:  {"method":"GET","url":"http:/","invalidateInfo":{"identifier":"DB_PDO_MYSQL_DDL_sales_data_exporter_orders_index_batches_5"}} []
[2026-09-24T07:13:31.374588+00:00] main.DEBUG: cache_invalidate:  {"method":"GET","url":"http:/","invalidateInfo":{"identifier":"DB_PDO_MYSQL_DDL_sales_data_exporter_orders_index_batches_5"}} []
[2026-09-24T07:13:31.376140+00:00] main.INFO: {"feed":"salesOrders","operation":"full reindex(legacy)","status":"Batch table `sales_data_exporter_orders_index_batches` created. Total Items: 0, batches: ~0","elapsed":"127 ms","pid":"54","caller":"bin\/magento setup:install --db-host=db --db-name=magento --db-user=magento --db-password=magento"} [] []
[2026-09-24T07:13:31.376213+00:00] main.INFO: {"feed":"salesOrders","operation":"full reindex(legacy)","status":"skipping - no items to sync. Are there any items in source table `sales_order`?","elapsed":"127 ms","pid":"54","caller":"bin\/magento setup:install --db-host=db --db-name=magento --db-user=magento --db-password=magento"} [] []
[2026-09-24T07:13:31.377642+00:00] main.INFO: {"feed":"salesOrders","operation":"full reindex(legacy)","status":"Complete","elapsed":"128 ms","pid":"54","caller":"bin\/magento setup:install --db-host=db --db-name=magento --db-user=magento --db-password=magento"} [] []
[2026-09-24T07:13:31.381565+00:00] main.INFO: {"feed":"salesOrderStatuses","operation":"full reindex(legacy)","status":"Initialize","elapsed":"172 ms","pid":"54","caller":"bin\/magento setup:install --db-host=db --db-name=magento --db-user=magento --db-password=magento"} [] []
[2026-09-24T07:13:31.386158+00:00] main.DEBUG: cache_invalidate:  {"method":"GET","url":"http:/","invalidateInfo":{"identifier":"DB_PDO_MYSQL_DDL_sales_data_exporter_order_statuses_index_sequence_1"}} []
[2026-09-24T07:13:31.386206+00:00] main.DEBUG: cache_invalidate:  {"method":"GET","url":"http:/","invalidateInfo":{"identifier":"DB_PDO_MYSQL_DDL_sales_data_exporter_order_statuses_index_sequence_1"}} []
[2026-09-24T07:13:31.386319+00:00] main.DEBUG: cache_invalidate:  {"method":"GET","url":"http:/","invalidateInfo":{"identifier":"DB_PDO_MYSQL_DDL_sales_data_exporter_order_statuses_index_sequence_2"}} []
[2026-09-24T07:13:31.386342+00:00] main.DEBUG: cache_invalidate:  {"method":"GET","url":"http:/","invalidateInfo":{"identifier":"DB_PDO_MYSQL_DDL_sales_data_exporter_order_statuses_index_sequence_2"}} []
[2026-09-24T07:13:31.386453+00:00] main.DEBUG: cache_invalidate:  {"method":"GET","url":"http:/","invalidateInfo":{"identifier":"DB_PDO_MYSQL_DDL_sales_data_exporter_order_statuses_index_sequence_3"}} []
[2026-09-24T07:13:31.386476+00:00] main.DEBUG: cache_invalidate:  {"method":"GET","url":"http:/","invalidateInfo":{"identifier":"DB_PDO_MYSQL_DDL_sales_data_exporter_order_statuses_index_sequence_3"}} []
[2026-09-24T07:13:31.386623+00:00] main.DEBUG: cache_invalidate:  {"method":"GET","url":"http:/","invalidateInfo":{"identifier":"DB_PDO_MYSQL_DDL_sales_data_exporter_order_statuses_index_sequence_4"}} []
[2026-09-24T07:13:31.386646+00:00] main.DEBUG: cache_invalidate:  {"method":"GET","url":"http:/","invalidateInfo":{"identifier":"DB_PDO_MYSQL_DDL_sales_data_exporter_order_statuses_index_sequence_4"}} []
[2026-09-24T07:13:31.386755+00:00] main.DEBUG: cache_invalidate:  {"method":"GET","url":"http:/","invalidateInfo":{"identifier":"DB_PDO_MYSQL_DDL_sales_data_exporter_order_statuses_index_sequence_5"}} []
[2026-09-24T07:13:31.386777+00:00] main.DEBUG: cache_invalidate:  {"method":"GET","url":"http:/","invalidateInfo":{"identifier":"DB_PDO_MYSQL_DDL_sales_data_exporter_order_statuses_index_sequence_5"}} []
[2026-09-24T07:13:31.396416+00:00] main.DEBUG: cache_invalidate:  {"method":"GET","url":"http:/","invalidateInfo":{"identifier":"DB_PDO_MYSQL_DDL_sales_data_exporter_order_statuses_index_sequence_1"}} []
[2026-09-24T07:13:31.396455+00:00] main.DEBUG: cache_invalidate:  {"method":"GET","url":"http:/","invalidateInfo":{"identifier":"DB_PDO_MYSQL_DDL_sales_data_exporter_order_statuses_index_sequence_1"}} []
[2026-09-24T07:13:31.396565+00:00] main.DEBUG: cache_invalidate:  {"method":"GET","url":"http:/","invalidateInfo":{"identifier":"DB_PDO_MYSQL_DDL_sales_data_exporter_order_statuses_index_sequence_2"}} []
[2026-09-24T07:13:31.396588+00:00] main.DEBUG: cache_invalidate:  {"method":"GET","url":"http:/","invalidateInfo":{"identifier":"DB_PDO_MYSQL_DDL_sales_data_exporter_order_statuses_index_sequence_2"}} []
[2026-09-24T07:13:31.396692+00:00] main.DEBUG: cache_invalidate:  {"method":"GET","url":"http:/","invalidateInfo":{"identifier":"DB_PDO_MYSQL_DDL_sales_data_exporter_order_statuses_index_sequence_3"}} []
[2026-09-24T07:13:31.396713+00:00] main.DEBUG: cache_invalidate:  {"method":"GET","url":"http:/","invalidateInfo":{"identifier":"DB_PDO_MYSQL_DDL_sales_data_exporter_order_statuses_index_sequence_3"}} []
[2026-09-24T07:13:31.396816+00:00] main.DEBUG: cache_invalidate:  {"method":"GET","url":"http:/","invalidateInfo":{"identifier":"DB_PDO_MYSQL_DDL_sales_data_exporter_order_statuses_index_sequence_4"}} []
[2026-09-24T07:13:31.396837+00:00] main.DEBUG: cache_invalidate:  {"method":"GET","url":"http:/","invalidateInfo":{"identifier":"DB_PDO_MYSQL_DDL_sales_data_exporter_order_statuses_index_sequence_4"}} []
[2026-09-24T07:13:31.396940+00:00] main.DEBUG: cache_invalidate:  {"method":"GET","url":"http:/","invalidateInfo":{"identifier":"DB_PDO_MYSQL_DDL_sales_data_exporter_order_statuses_index_sequence_5"}} []
[2026-09-24T07:13:31.396961+00:00] main.DEBUG: cache_invalidate:  {"method":"GET","url":"http:/","invalidateInfo":{"identifier":"DB_PDO_MYSQL_DDL_sales_data_exporter_order_statuses_index_sequence_5"}} []
[2026-09-24T07:13:31.397151+00:00] main.INFO: {"feed":"salesOrderStatuses","operation":"full reindex(legacy)","status":"Creating batch table `sales_data_exporter_order_statuses_index_batches`. Start position: ","elapsed":"188 ms","pid":"54","caller":"bin\/magento setup:install --db-host=db --db-name=magento --db-user=magento --db-password=magento"} [] []
[2026-09-24T07:13:31.398042+00:00] main.DEBUG: cache_invalidate:  {"method":"GET","url":"http:/","invalidateInfo":{"identifier":"DB_PDO_MYSQL_DDL_sales_data_exporter_order_statuses_index_batches_1"}} []
[2026-09-24T07:13:31.398091+00:00] main.DEBUG: cache_invalidate:  {"method":"GET","url":"http:/","invalidateInfo":{"identifier":"DB_PDO_MYSQL_DDL_sales_data_exporter_order_statuses_index_batches_1"}} []
[2026-09-24T07:13:31.398211+00:00] main.DEBUG: cache_invalidate:  {"method":"GET","url":"http:/","invalidateInfo":{"identifier":"DB_PDO_MYSQL_DDL_sales_data_exporter_order_statuses_index_batches_2"}} []
[2026-09-24T07:13:31.398235+00:00] main.DEBUG: cache_invalidate:  {"method":"GET","url":"http:/","invalidateInfo":{"identifier":"DB_PDO_MYSQL_DDL_sales_data_exporter_order_statuses_index_batches_2"}} []
[2026-09-24T07:13:31.398342+00:00] main.DEBUG: cache_invalidate:  {"method":"GET","url":"http:/","invalidateInfo":{"identifier":"DB_PDO_MYSQL_DDL_sales_data_exporter_order_statuses_index_batches_3"}} []
[2026-09-24T07:13:31.398364+00:00] main.DEBUG: cache_invalidate:  {"method":"GET","url":"http:/","invalidateInfo":{"identifier":"DB_PDO_MYSQL_DDL_sales_data_exporter_order_statuses_index_batches_3"}} []
[2026-09-24T07:13:31.398471+00:00] main.DEBUG: cache_invalidate:  {"method":"GET","url":"http:/","invalidateInfo":{"identifier":"DB_PDO_MYSQL_DDL_sales_data_exporter_order_statuses_index_batches_4"}} []
[2026-09-24T07:13:31.398492+00:00] main.DEBUG: cache_invalidate:  {"method":"GET","url":"http:/","invalidateInfo":{"identifier":"DB_PDO_MYSQL_DDL_sales_data_exporter_order_statuses_index_batches_4"}} []
[2026-09-24T07:13:31.398624+00:00] main.DEBUG: cache_invalidate:  {"method":"GET","url":"http:/","invalidateInfo":{"identifier":"DB_PDO_MYSQL_DDL_sales_data_exporter_order_statuses_index_batches_5"}} []
[2026-09-24T07:13:31.398652+00:00] main.DEBUG: cache_invalidate:  {"method":"GET","url":"http:/","invalidateInfo":{"identifier":"DB_PDO_MYSQL_DDL_sales_data_exporter_order_statuses_index_batches_5"}} []
[2026-09-24T07:13:31.416559+00:00] main.DEBUG: cache_invalidate:  {"method":"GET","url":"http:/","invalidateInfo":{"identifier":"DB_PDO_MYSQL_DDL_sales_data_exporter_order_statuses_index_batches_1"}} []
[2026-09-24T07:13:31.416598+00:00] main.DEBUG: cache_invalidate:  {"method":"GET","url":"http:/","invalidateInfo":{"identifier":"DB_PDO_MYSQL_DDL_sales_data_exporter_order_statuses_index_batches_1"}} []
[2026-09-24T07:13:31.416706+00:00] main.DEBUG: cache_invalidate:  {"method":"GET","url":"http:/","invalidateInfo":{"identifier":"DB_PDO_MYSQL_DDL_sales_data_exporter_order_statuses_index_batches_2"}} []
[2026-09-24T07:13:31.416728+00:00] main.DEBUG: cache_invalidate:  {"method":"GET","url":"http:/","invalidateInfo":{"identifier":"DB_PDO_MYSQL_DDL_sales_data_exporter_order_statuses_index_batches_2"}} []
[2026-09-24T07:13:31.416832+00:00] main.DEBUG: cache_invalidate:  {"method":"GET","url":"http:/","invalidateInfo":{"identifier":"DB_PDO_MYSQL_DDL_sales_data_exporter_order_statuses_index_batches_3"}} []
[2026-09-24T07:13:31.416853+00:00] main.DEBUG: cache_invalidate:  {"method":"GET","url":"http:/","invalidateInfo":{"identifier":"DB_PDO_MYSQL_DDL_sales_data_exporter_order_statuses_index_batches_3"}} []
[2026-09-24T07:13:31.416956+00:00] main.DEBUG: cache_invalidate:  {"method":"GET","url":"http:/","invalidateInfo":{"identifier":"DB_PDO_MYSQL_DDL_sales_data_exporter_order_statuses_index_batches_4"}} []
[2026-09-24T07:13:31.416977+00:00] main.DEBUG: cache_invalidate:  {"method":"GET","url":"http:/","invalidateInfo":{"identifier":"DB_PDO_MYSQL_DDL_sales_data_exporter_order_statuses_index_batches_4"}} []
[2026-09-24T07:13:31.417080+00:00] main.DEBUG: cache_invalidate:  {"method":"GET","url":"http:/","invalidateInfo":{"identifier":"DB_PDO_MYSQL_DDL_sales_data_exporter_order_statuses_index_batches_5"}} []
[2026-09-24T07:13:31.417101+00:00] main.DEBUG: cache_invalidate:  {"method":"GET","url":"http:/","invalidateInfo":{"identifier":"DB_PDO_MYSQL_DDL_sales_data_exporter_order_statuses_index_batches_5"}} []
[2026-09-24T07:13:31.418264+00:00] main.INFO: {"feed":"salesOrderStatuses","operation":"full reindex(legacy)","status":"Batch table `sales_data_exporter_order_statuses_index_batches` created. Total Items: 12, batches: ~0","elapsed":"209 ms","pid":"54","caller":"bin\/magento setup:install --db-host=db --db-name=magento --db-user=magento --db-password=magento"} [] []
[2026-09-24T07:13:31.418320+00:00] main.INFO: {"feed":"salesOrderStatuses","operation":"full reindex(legacy)","status":"start processing `12` items in `1` threads with `100` batch size","elapsed":"209 ms","pid":"54","caller":"bin\/magento setup:install --db-host=db --db-name=magento --db-user=magento --db-password=magento"} [] []
[2026-09-24T07:13:31.427840+00:00] main.INFO: {"feed":"salesOrderStatuses","operation":"full reindex(legacy)","status":"Progress 1\/1, processed 12, synced 12","elapsed":"218 ms","pid":"54","caller":"bin\/magento setup:install --db-host=db --db-name=magento --db-user=magento --db-password=magento"} [] []
[2026-09-24T07:13:31.428403+00:00] main.INFO: {"feed":"salesOrderStatuses","operation":"full reindex(legacy)","status":"Complete","elapsed":"219 ms","pid":"54","caller":"bin\/magento setup:install --db-host=db --db-name=magento --db-user=magento --db-password=magento"} [] []
[2026-09-24T07:13:31.431912+00:00] main.INFO: {"feed":"stores","operation":"full reindex(legacy)","status":"Initialize","elapsed":"273 ms","pid":"54","caller":"bin\/magento setup:install --db-host=db --db-name=magento --db-user=magento --db-password=magento"} [] []
[2026-09-24T07:13:31.436383+00:00] main.DEBUG: cache_invalidate:  {"method":"GET","url":"http:/","invalidateInfo":{"identifier":"DB_PDO_MYSQL_DDL_stores_data_exporter_index_sequence_1"}} []
[2026-09-24T07:13:31.436429+00:00] main.DEBUG: cache_invalidate:  {"method":"GET","url":"http:/","invalidateInfo":{"identifier":"DB_PDO_MYSQL_DDL_stores_data_exporter_index_sequence_1"}} []
[2026-09-24T07:13:31.436542+00:00] main.DEBUG: cache_invalidate:  {"method":"GET","url":"http:/","invalidateInfo":{"identifier":"DB_PDO_MYSQL_DDL_stores_data_exporter_index_sequence_2"}} []
[2026-09-24T07:13:31.436568+00:00] main.DEBUG: cache_invalidate:  {"method":"GET","url":"http:/","invalidateInfo":{"identifier":"DB_PDO_MYSQL_DDL_stores_data_exporter_index_sequence_2"}} []
[2026-09-24T07:13:31.436685+00:00] main.DEBUG: cache_invalidate:  {"method":"GET","url":"http:/","invalidateInfo":{"identifier":"DB_PDO_MYSQL_DDL_stores_data_exporter_index_sequence_3"}} []
[2026-09-24T07:13:31.436708+00:00] main.DEBUG: cache_invalidate:  {"method":"GET","url":"http:/","invalidateInfo":{"identifier":"DB_PDO_MYSQL_DDL_stores_data_exporter_index_sequence_3"}} []
[2026-09-24T07:13:31.436814+00:00] main.DEBUG: cache_invalidate:  {"method":"GET","url":"http:/","invalidateInfo":{"identifier":"DB_PDO_MYSQL_DDL_stores_data_exporter_index_sequence_4"}} []
[2026-09-24T07:13:31.436835+00:00] main.DEBUG: cache_invalidate:  {"method":"GET","url":"http:/","invalidateInfo":{"identifier":"DB_PDO_MYSQL_DDL_stores_data_exporter_index_sequence_4"}} []
[2026-09-24T07:13:31.436939+00:00] main.DEBUG: cache_invalidate:  {"method":"GET","url":"http:/","invalidateInfo":{"identifier":"DB_PDO_MYSQL_DDL_stores_data_exporter_index_sequence_5"}} []
[2026-09-24T07:13:31.436960+00:00] main.DEBUG: cache_invalidate:  {"method":"GET","url":"http:/","invalidateInfo":{"identifier":"DB_PDO_MYSQL_DDL_stores_data_exporter_index_sequence_5"}} []
[2026-09-24T07:13:31.446761+00:00] main.DEBUG: cache_invalidate:  {"method":"GET","url":"http:/","invalidateInfo":{"identifier":"DB_PDO_MYSQL_DDL_stores_data_exporter_index_sequence_1"}} []
[2026-09-24T07:13:31.446825+00:00] main.DEBUG: cache_invalidate:  {"method":"GET","url":"http:/","invalidateInfo":{"identifier":"DB_PDO_MYSQL_DDL_stores_data_exporter_index_sequence_1"}} []
[2026-09-24T07:13:31.446935+00:00] main.DEBUG: cache_invalidate:  {"method":"GET","url":"http:/","invalidateInfo":{"identifier":"DB_PDO_MYSQL_DDL_stores_data_exporter_index_sequence_2"}} []
[2026-09-24T07:13:31.446957+00:00] main.DEBUG: cache_invalidate:  {"method":"GET","url":"http:/","invalidateInfo":{"identifier":"DB_PDO_MYSQL_DDL_stores_data_exporter_index_sequence_2"}} []
[2026-09-24T07:13:31.447066+00:00] main.DEBUG: cache_invalidate:  {"method":"GET","url":"http:/","invalidateInfo":{"identifier":"DB_PDO_MYSQL_DDL_stores_data_exporter_index_sequence_3"}} []
[2026-09-24T07:13:31.447087+00:00] main.DEBUG: cache_invalidate:  {"method":"GET","url":"http:/","invalidateInfo":{"identifier":"DB_PDO_MYSQL_DDL_stores_data_exporter_index_sequence_3"}} []
[2026-09-24T07:13:31.447197+00:00] main.DEBUG: cache_invalidate:  {"method":"GET","url":"http:/","invalidateInfo":{"identifier":"DB_PDO_MYSQL_DDL_stores_data_exporter_index_sequence_4"}} []
[2026-09-24T07:13:31.447218+00:00] main.DEBUG: cache_invalidate:  {"method":"GET","url":"http:/","invalidateInfo":{"identifier":"DB_PDO_MYSQL_DDL_stores_data_exporter_index_sequence_4"}} []
[2026-09-24T07:13:31.447323+00:00] main.DEBUG: cache_invalidate:  {"method":"GET","url":"http:/","invalidateInfo":{"identifier":"DB_PDO_MYSQL_DDL_stores_data_exporter_index_sequence_5"}} []
[2026-09-24T07:13:31.447344+00:00] main.DEBUG: cache_invalidate:  {"method":"GET","url":"http:/","invalidateInfo":{"identifier":"DB_PDO_MYSQL_DDL_stores_data_exporter_index_sequence_5"}} []
[2026-09-24T07:13:31.447732+00:00] main.INFO: {"feed":"stores","operation":"full reindex(legacy)","status":"Creating batch table `stores_data_exporter_index_batches`. Start position: 0","elapsed":"289 ms","pid":"54","caller":"bin\/magento setup:install --db-host=db --db-name=magento --db-user=magento --db-password=magento"} [] []
[2026-09-24T07:13:31.448754+00:00] main.DEBUG: cache_invalidate:  {"method":"GET","url":"http:/","invalidateInfo":{"identifier":"DB_PDO_MYSQL_DDL_stores_data_exporter_index_batches_1"}} []
[2026-09-24T07:13:31.448798+00:00] main.DEBUG: cache_invalidate:  {"method":"GET","url":"http:/","invalidateInfo":{"identifier":"DB_PDO_MYSQL_DDL_stores_data_exporter_index_batches_1"}} []
[2026-09-24T07:13:31.448914+00:00] main.DEBUG: cache_invalidate:  {"method":"GET","url":"http:/","invalidateInfo":{"identifier":"DB_PDO_MYSQL_DDL_stores_data_exporter_index_batches_2"}} []
[2026-09-24T07:13:31.448939+00:00] main.DEBUG: cache_invalidate:  {"method":"GET","url":"http:/","invalidateInfo":{"identifier":"DB_PDO_MYSQL_DDL_stores_data_exporter_index_batches_2"}} []
[2026-09-24T07:13:31.449047+00:00] main.DEBUG: cache_invalidate:  {"method":"GET","url":"http:/","invalidateInfo":{"identifier":"DB_PDO_MYSQL_DDL_stores_data_exporter_index_batches_3"}} []
[2026-09-24T07:13:31.449069+00:00] main.DEBUG: cache_invalidate:  {"method":"GET","url":"http:/","invalidateInfo":{"identifier":"DB_PDO_MYSQL_DDL_stores_data_exporter_index_batches_3"}} []
[2026-09-24T07:13:31.449180+00:00] main.DEBUG: cache_invalidate:  {"method":"GET","url":"http:/","invalidateInfo":{"identifier":"DB_PDO_MYSQL_DDL_stores_data_exporter_index_batches_4"}} []
[2026-09-24T07:13:31.449201+00:00] main.DEBUG: cache_invalidate:  {"method":"GET","url":"http:/","invalidateInfo":{"identifier":"DB_PDO_MYSQL_DDL_stores_data_exporter_index_batches_4"}} []
[2026-09-24T07:13:31.449305+00:00] main.DEBUG: cache_invalidate:  {"method":"GET","url":"http:/","invalidateInfo":{"identifier":"DB_PDO_MYSQL_DDL_stores_data_exporter_index_batches_5"}} []
[2026-09-24T07:13:31.449326+00:00] main.DEBUG: cache_invalidate:  {"method":"GET","url":"http:/","invalidateInfo":{"identifier":"DB_PDO_MYSQL_DDL_stores_data_exporter_index_batches_5"}} []
[2026-09-24T07:13:31.459272+00:00] main.DEBUG: cache_invalidate:  {"method":"GET","url":"http:/","invalidateInfo":{"identifier":"DB_PDO_MYSQL_DDL_stores_data_exporter_index_batches_1"}} []
[2026-09-24T07:13:31.459312+00:00] main.DEBUG: cache_invalidate:  {"method":"GET","url":"http:/","invalidateInfo":{"identifier":"DB_PDO_MYSQL_DDL_stores_data_exporter_index_batches_1"}} []
[2026-09-24T07:13:31.459420+00:00] main.DEBUG: cache_invalidate:  {"method":"GET","url":"http:/","invalidateInfo":{"identifier":"DB_PDO_MYSQL_DDL_stores_data_exporter_index_batches_2"}} []
[2026-09-24T07:13:31.459442+00:00] main.DEBUG: cache_invalidate:  {"method":"GET","url":"http:/","invalidateInfo":{"identifier":"DB_PDO_MYSQL_DDL_stores_data_exporter_index_batches_2"}} []
[2026-09-24T07:13:31.459564+00:00] main.DEBUG: cache_invalidate:  {"method":"GET","url":"http:/","invalidateInfo":{"identifier":"DB_PDO_MYSQL_DDL_stores_data_exporter_index_batches_3"}} []
[2026-09-24T07:13:31.459592+00:00] main.DEBUG: cache_invalidate:  {"method":"GET","url":"http:/","invalidateInfo":{"identifier":"DB_PDO_MYSQL_DDL_stores_data_exporter_index_batches_3"}} []
[2026-09-24T07:13:31.459705+00:00] main.DEBUG: cache_invalidate:  {"method":"GET","url":"http:/","invalidateInfo":{"identifier":"DB_PDO_MYSQL_DDL_stores_data_exporter_index_batches_4"}} []
[2026-09-24T07:13:31.459726+00:00] main.DEBUG: cache_invalidate:  {"method":"GET","url":"http:/","invalidateInfo":{"identifier":"DB_PDO_MYSQL_DDL_stores_data_exporter_index_batches_4"}} []
[2026-09-24T07:13:31.459829+00:00] main.DEBUG: cache_invalidate:  {"method":"GET","url":"http:/","invalidateInfo":{"identifier":"DB_PDO_MYSQL_DDL_stores_data_exporter_index_batches_5"}} []
[2026-09-24T07:13:31.459851+00:00] main.DEBUG: cache_invalidate:  {"method":"GET","url":"http:/","invalidateInfo":{"identifier":"DB_PDO_MYSQL_DDL_stores_data_exporter_index_batches_5"}} []
[2026-09-24T07:13:31.460707+00:00] main.INFO: {"feed":"stores","operation":"full reindex(legacy)","status":"Batch table `stores_data_exporter_index_batches` created. Total Items: 1, batches: ~0","elapsed":"302 ms","pid":"54","caller":"bin\/magento setup:install --db-host=db --db-name=magento --db-user=magento --db-password=magento"} [] []
[2026-09-24T07:13:31.460761+00:00] main.INFO: {"feed":"stores","operation":"full reindex(legacy)","status":"start processing `1` items in `1` threads with `100` batch size","elapsed":"302 ms","pid":"54","caller":"bin\/magento setup:install --db-host=db --db-name=magento --db-user=magento --db-password=magento"} [] []
[2026-09-24T07:13:31.462697+00:00] main.INFO: {"feed":"stores","operation":"full reindex(legacy)","status":"Progress 1\/1, processed 1, synced 1","elapsed":"304 ms","pid":"54","caller":"bin\/magento setup:install --db-host=db --db-name=magento --db-user=magento --db-password=magento"} [] []
[2026-09-24T07:13:31.463201+00:00] main.INFO: {"feed":"stores","operation":"full reindex(legacy)","status":"Complete","elapsed":"304 ms","pid":"54","caller":"bin\/magento setup:install --db-host=db --db-name=magento --db-user=magento --db-password=magento"} [] []
[2026-09-24T07:14:56.099250+00:00] main.DEBUG: cache_invalidate:  {"method":"GET","url":"http:/","invalidateInfo":{"tags":["FPC","MAGE"],"mode":"matchingTag"}} []
[2026-09-24T07:14:56.100002+00:00] main.DEBUG: cache_invalidate:  {"method":"GET","url":"http:/","invalidateInfo":{"tags":["FPC"],"mode":"matchingTag"}} []
[2026-09-24T07:14:56.101809+00:00] main.DEBUG: cache_invalidate:  {"method":"GET","url":"http:/","invalidateInfo":{"tags":["MAGE"],"mode":"matchingTag"}} []
[2026-09-24T07:14:56.101921+00:00] main.DEBUG: cache_invalidate:  {"method":"GET","url":"http:/","invalidateInfo":{"tags":[],"mode":"all"},"trace":"Exception: full purge of cache storage triggered in /var/www/html/vendor/magento/framework/Cache/InvalidateLogger.php:52
Stack trace:
#0 /var/www/html/vendor/magento/framework/Cache/Frontend/Decorator/Logger.php(62): Magento\\Framework\\Cache\\InvalidateLogger->execute(Array)
#1 /var/www/html/vendor/magento/framework/Cache/Frontend/Decorator/Logger.php(50): Magento\\Framework\\Cache\\Frontend\\Decorator\\Logger->log(Array)
#2 /var/www/html/vendor/magento/framework/Cache/Frontend/Decorator/Bare.php(92): Magento\\Framework\\Cache\\Frontend\\Decorator\\Logger->clean('all', Array)
#3 /var/www/html/vendor/magento/framework/App/Cache/Type/AccessProxy.php(110): Magento\\Framework\\Cache\\Frontend\\Decorator\\Bare->clean('all', Array)
#4 /var/www/html/vendor/magento/framework/App/Cache/Manager.php(111): Magento\\Framework\\App\\Cache\\Type\\AccessProxy->clean()
#5 /var/www/html/vendor/magento/module-backend/Console/Command/CacheFlushCommand.php(39): Magento\\Framework\\App\\Cache\\Manager->flush(Array)
#6 /var/www/html/vendor/magento/module-backend/Console/Command/AbstractCacheTypeManageCommand.php(64): Magento\\Backend\\Console\\Command\\CacheFlushCommand->performAction(Array)
#7 /var/www/html/vendor/symfony/console/Command/Command.php(341): Magento\\Backend\\Console\\Command\\AbstractCacheTypeManageCommand->execute(Object(Symfony\\Component\\Console\\Input\\ArgvInput), Object(Symfony\\Component\\Console\\Output\\ConsoleOutput))
#8 /var/www/html/vendor/magento/framework/Interception/Interceptor.php(58): Symfony\\Component\\Console\\Command\\Command->run(Object(Symfony\\Component\\Console\\Input\\ArgvInput), Object(Symfony\\Component\\Console\\Output\\ConsoleOutput))
#9 /var/www/html/vendor/magento/framework/Interception/Interceptor.php(138): Magento\\Backend\\Console\\Command\\CacheFlushCommand\\Interceptor->___callParent('run', Array)
#10 /var/www/html/vendor/magento/framework/Interception/Interceptor.php(153): Magento\\Backend\\Console\\Command\\CacheFlushCommand\\Interceptor->{closure:Magento\\Framework\\Interception\\Interceptor::___callPlugins():104}(Object(Symfony\\Component\\Console\\Input\\ArgvInput), Object(Symfony\\Component\\Console\\Output\\ConsoleOutput))
#11 /var/www/html/generated/code/Magento/Backend/Console/Command/CacheFlushCommand/Interceptor.php(77): Magento\\Backend\\Console\\Command\\CacheFlushCommand\\Interceptor->___callPlugins('run', Array, Array)
#12 /var/www/html/vendor/symfony/console/Application.php(1094): Magento\\Backend\\Console\\Command\\CacheFlushCommand\\Interceptor->run(Object(Symfony\\Component\\Console\\Input\\ArgvInput), Object(Symfony\\Component\\Console\\Output\\ConsoleOutput))
#13 /var/www/html/vendor/symfony/console/Application.php(356): Symfony\\Component\\Console\\Application->doRunCommand(Object(Magento\\Backend\\Console\\Command\\CacheFlushCommand\\Interceptor), Object(Symfony\\Component\\Console\\Input\\ArgvInput), Object(Symfony\\Component\\Console\\Output\\ConsoleOutput))
#14 /var/www/html/vendor/magento/framework/Console/Cli.php(137): Symfony\\Component\\Console\\Application->doRun(Object(Symfony\\Component\\Console\\Input\\ArgvInput), Object(Symfony\\Component\\Console\\Output\\ConsoleOutput))
#15 /var/www/html/vendor/symfony/console/Application.php(195): Magento\\Framework\\Console\\Cli->doRun(Object(Symfony\\Component\\Console\\Input\\ArgvInput), Object(Symfony\\Component\\Console\\Output\\ConsoleOutput))
#16 /var/www/html/bin/magento(23): Symfony\\Component\\Console\\Application->run()
#17 {main}"} []
[2026-09-24T07:14:56.102775+00:00] main.DEBUG: cache_invalidate:  {"method":"GET","url":"http:/","invalidateInfo":{"tags":["MAGE"],"mode":"matchingTag"}} []
[2026-09-24T07:14:56.102859+00:00] main.DEBUG: cache_invalidate:  {"method":"GET","url":"http:/","invalidateInfo":{"tags":[],"mode":"all"},"trace":"Exception: full purge of cache storage triggered in /var/www/html/vendor/magento/framework/Cache/InvalidateLogger.php:52
Stack trace:
#0 /var/www/html/vendor/magento/framework/Cache/Frontend/Decorator/Logger.php(62): Magento\\Framework\\Cache\\InvalidateLogger->execute(Array)
#1 /var/www/html/vendor/magento/framework/Cache/Frontend/Decorator/Logger.php(50): Magento\\Framework\\Cache\\Frontend\\Decorator\\Logger->log(Array)
#2 /var/www/html/vendor/magento/framework/Cache/Frontend/Decorator/Bare.php(92): Magento\\Framework\\Cache\\Frontend\\Decorator\\Logger->clean('all', Array)
#3 /var/www/html/vendor/magento/framework/App/Cache/Type/AccessProxy.php(110): Magento\\Framework\\Cache\\Frontend\\Decorator\\Bare->clean('all', Array)
#4 /var/www/html/vendor/magento/framework/App/Cache/Manager.php(111): Magento\\Framework\\App\\Cache\\Type\\AccessProxy->clean()
#5 /var/www/html/vendor/magento/module-backend/Console/Command/CacheFlushCommand.php(39): Magento\\Framework\\App\\Cache\\Manager->flush(Array)
#6 /var/www/html/vendor/magento/module-backend/Console/Command/AbstractCacheTypeManageCommand.php(64): Magento\\Backend\\Console\\Command\\CacheFlushCommand->performAction(Array)
#7 /var/www/html/vendor/symfony/console/Command/Command.php(341): Magento\\Backend\\Console\\Command\\AbstractCacheTypeManageCommand->execute(Object(Symfony\\Component\\Console\\Input\\ArgvInput), Object(Symfony\\Component\\Console\\Output\\ConsoleOutput))
#8 /var/www/html/vendor/magento/framework/Interception/Interceptor.php(58): Symfony\\Component\\Console\\Command\\Command->run(Object(Symfony\\Component\\Console\\Input\\ArgvInput), Object(Symfony\\Component\\Console\\Output\\ConsoleOutput))
#9 /var/www/html/vendor/magento/framework/Interception/Interceptor.php(138): Magento\\Backend\\Console\\Command\\CacheFlushCommand\\Interceptor->___callParent('run', Array)
#10 /var/www/html/vendor/magento/framework/Interception/Interceptor.php(153): Magento\\Backend\\Console\\Command\\CacheFlushCommand\\Interceptor->{closure:Magento\\Framework\\Interception\\Interceptor::___callPlugins():104}(Object(Symfony\\Component\\Console\\Input\\ArgvInput), Object(Symfony\\Component\\Console\\Output\\ConsoleOutput))
#11 /var/www/html/generated/code/Magento/Backend/Console/Command/CacheFlushCommand/Interceptor.php(77): Magento\\Backend\\Console\\Command\\CacheFlushCommand\\Interceptor->___callPlugins('run', Array, Array)
#12 /var/www/html/vendor/symfony/console/Application.php(1094): Magento\\Backend\\Console\\Command\\CacheFlushCommand\\Interceptor->run(Object(Symfony\\Component\\Console\\Input\\ArgvInput), Object(Symfony\\Component\\Console\\Output\\ConsoleOutput))
#13 /var/www/html/vendor/symfony/console/Application.php(356): Symfony\\Component\\Console\\Application->doRunCommand(Object(Magento\\Backend\\Console\\Command\\CacheFlushCommand\\Interceptor), Object(Symfony\\Component\\Console\\Input\\ArgvInput), Object(Symfony\\Component\\Console\\Output\\ConsoleOutput))
#14 /var/www/html/vendor/magento/framework/Console/Cli.php(137): Symfony\\Component\\Console\\Application->doRun(Object(Symfony\\Component\\Console\\Input\\ArgvInput), Object(Symfony\\Component\\Console\\Output\\ConsoleOutput))
#15 /var/www/html/vendor/symfony/console/Application.php(195): Magento\\Framework\\Console\\Cli->doRun(Object(Symfony\\Component\\Console\\Input\\ArgvInput), Object(Symfony\\Component\\Console\\Output\\ConsoleOutput))
#16 /var/www/html/bin/magento(23): Symfony\\Component\\Console\\Application->run()
#17 {main}"} []
[2026-09-24T07:14:56.103603+00:00] main.DEBUG: cache_invalidate:  {"method":"GET","url":"http:/","invalidateInfo":{"tags":["MAGE"],"mode":"matchingTag"}} []
[2026-09-24T07:14:56.103677+00:00] main.DEBUG: cache_invalidate:  {"method":"GET","url":"http:/","invalidateInfo":{"tags":[],"mode":"all"},"trace":"Exception: full purge of cache storage triggered in /var/www/html/vendor/magento/framework/Cache/InvalidateLogger.php:52
Stack trace:
#0 /var/www/html/vendor/magento/framework/Cache/Frontend/Decorator/Logger.php(62): Magento\\Framework\\Cache\\InvalidateLogger->execute(Array)
#1 /var/www/html/vendor/magento/framework/Cache/Frontend/Decorator/Logger.php(50): Magento\\Framework\\Cache\\Frontend\\Decorator\\Logger->log(Array)
#2 /var/www/html/vendor/magento/framework/Cache/Frontend/Decorator/Bare.php(92): Magento\\Framework\\Cache\\Frontend\\Decorator\\Logger->clean('all', Array)
#3 /var/www/html/vendor/magento/framework/App/Cache/Type/AccessProxy.php(110): Magento\\Framework\\Cache\\Frontend\\Decorator\\Bare->clean('all', Array)
#4 /var/www/html/vendor/magento/framework/App/Cache/Manager.php(111): Magento\\Framework\\App\\Cache\\Type\\AccessProxy->clean()
#5 /var/www/html/vendor/magento/module-backend/Console/Command/CacheFlushCommand.php(39): Magento\\Framework\\App\\Cache\\Manager->flush(Array)
#6 /var/www/html/vendor/magento/module-backend/Console/Command/AbstractCacheTypeManageCommand.php(64): Magento\\Backend\\Console\\Command\\CacheFlushCommand->performAction(Array)
#7 /var/www/html/vendor/symfony/console/Command/Command.php(341): Magento\\Backend\\Console\\Command\\AbstractCacheTypeManageCommand->execute(Object(Symfony\\Component\\Console\\Input\\ArgvInput), Object(Symfony\\Component\\Console\\Output\\ConsoleOutput))
#8 /var/www/html/vendor/magento/framework/Interception/Interceptor.php(58): Symfony\\Component\\Console\\Command\\Command->run(Object(Symfony\\Component\\Console\\Input\\ArgvInput), Object(Symfony\\Component\\Console\\Output\\ConsoleOutput))
#9 /var/www/html/vendor/magento/framework/Interception/Interceptor.php(138): Magento\\Backend\\Console\\Command\\CacheFlushCommand\\Interceptor->___callParent('run', Array)
#10 /var/www/html/vendor/magento/framework/Interception/Interceptor.php(153): Magento\\Backend\\Console\\Command\\CacheFlushCommand\\Interceptor->{closure:Magento\\Framework\\Interception\\Interceptor::___callPlugins():104}(Object(Symfony\\Component\\Console\\Input\\ArgvInput), Object(Symfony\\Component\\Console\\Output\\ConsoleOutput))
#11 /var/www/html/generated/code/Magento/Backend/Console/Command/CacheFlushCommand/Interceptor.php(77): Magento\\Backend\\Console\\Command\\CacheFlushCommand\\Interceptor->___callPlugins('run', Array, Array)
#12 /var/www/html/vendor/symfony/console/Application.php(1094): Magento\\Backend\\Console\\Command\\CacheFlushCommand\\Interceptor->run(Object(Symfony\\Component\\Console\\Input\\ArgvInput), Object(Symfony\\Component\\Console\\Output\\ConsoleOutput))
#13 /var/www/html/vendor/symfony/console/Application.php(356): Symfony\\Component\\Console\\Application->doRunCommand(Object(Magento\\Backend\\Console\\Command\\CacheFlushCommand\\Interceptor), Object(Symfony\\Component\\Console\\Input\\ArgvInput), Object(Symfony\\Component\\Console\\Output\\ConsoleOutput))
#14 /var/www/html/vendor/magento/framework/Console/Cli.php(137): Symfony\\Component\\Console\\Application->doRun(Object(Symfony\\Component\\Console\\Input\\ArgvInput), Object(Symfony\\Component\\Console\\Output\\ConsoleOutput))
#15 /var/www/html/vendor/symfony/console/Application.php(195): Magento\\Framework\\Console\\Cli->doRun(Object(Symfony\\Component\\Console\\Input\\ArgvInput), Object(Symfony\\Component\\Console\\Output\\ConsoleOutput))
#16 /var/www/html/bin/magento(23): Symfony\\Component\\Console\\Application->run()
#17 {main}"} []
[2026-09-24T07:14:56.104445+00:00] main.DEBUG: cache_invalidate:  {"method":"GET","url":"http:/","invalidateInfo":{"tags":["MAGE"],"mode":"matchingTag"}} []
[2026-09-24T07:14:56.104542+00:00] main.DEBUG: cache_invalidate:  {"method":"GET","url":"http:/","invalidateInfo":{"tags":[],"mode":"all"},"trace":"Exception: full purge of cache storage triggered in /var/www/html/vendor/magento/framework/Cache/InvalidateLogger.php:52
Stack trace:
#0 /var/www/html/vendor/magento/framework/Cache/Frontend/Decorator/Logger.php(62): Magento\\Framework\\Cache\\InvalidateLogger->execute(Array)
#1 /var/www/html/vendor/magento/framework/Cache/Frontend/Decorator/Logger.php(50): Magento\\Framework\\Cache\\Frontend\\Decorator\\Logger->log(Array)
#2 /var/www/html/vendor/magento/framework/Cache/Frontend/Decorator/Bare.php(92): Magento\\Framework\\Cache\\Frontend\\Decorator\\Logger->clean('all', Array)
#3 /var/www/html/vendor/magento/framework/App/Cache/Type/AccessProxy.php(110): Magento\\Framework\\Cache\\Frontend\\Decorator\\Bare->clean('all', Array)
#4 /var/www/html/vendor/magento/framework/App/Cache/Manager.php(111): Magento\\Framework\\App\\Cache\\Type\\AccessProxy->clean()
#5 /var/www/html/vendor/magento/module-backend/Console/Command/CacheFlushCommand.php(39): Magento\\Framework\\App\\Cache\\Manager->flush(Array)
#6 /var/www/html/vendor/magento/module-backend/Console/Command/AbstractCacheTypeManageCommand.php(64): Magento\\Backend\\Console\\Command\\CacheFlushCommand->performAction(Array)
#7 /var/www/html/vendor/symfony/console/Command/Command.php(341): Magento\\Backend\\Console\\Command\\AbstractCacheTypeManageCommand->execute(Object(Symfony\\Component\\Console\\Input\\ArgvInput), Object(Symfony\\Component\\Console\\Output\\ConsoleOutput))
#8 /var/www/html/vendor/magento/framework/Interception/Interceptor.php(58): Symfony\\Component\\Console\\Command\\Command->run(Object(Symfony\\Component\\Console\\Input\\ArgvInput), Object(Symfony\\Component\\Console\\Output\\ConsoleOutput))
#9 /var/www/html/vendor/magento/framework/Interception/Interceptor.php(138): Magento\\Backend\\Console\\Command\\CacheFlushCommand\\Interceptor->___callParent('run', Array)
#10 /var/www/html/vendor/magento/framework/Interception/Interceptor.php(153): Magento\\Backend\\Console\\Command\\CacheFlushCommand\\Interceptor->{closure:Magento\\Framework\\Interception\\Interceptor::___callPlugins():104}(Object(Symfony\\Component\\Console\\Input\\ArgvInput), Object(Symfony\\Component\\Console\\Output\\ConsoleOutput))
#11 /var/www/html/generated/code/Magento/Backend/Console/Command/CacheFlushCommand/Interceptor.php(77): Magento\\Backend\\Console\\Command\\CacheFlushCommand\\Interceptor->___callPlugins('run', Array, Array)
#12 /var/www/html/vendor/symfony/console/Application.php(1094): Magento\\Backend\\Console\\Command\\CacheFlushCommand\\Interceptor->run(Object(Symfony\\Component\\Console\\Input\\ArgvInput), Object(Symfony\\Component\\Console\\Output\\ConsoleOutput))
#13 /var/www/html/vendor/symfony/console/Application.php(356): Symfony\\Component\\Console\\Application->doRunCommand(Object(Magento\\Backend\\Console\\Command\\CacheFlushCommand\\Interceptor), Object(Symfony\\Component\\Console\\Input\\ArgvInput), Object(Symfony\\Component\\Console\\Output\\ConsoleOutput))
#14 /var/www/html/vendor/magento/framework/Console/Cli.php(137): Symfony\\Component\\Console\\Application->doRun(Object(Symfony\\Component\\Console\\Input\\ArgvInput), Object(Symfony\\Component\\Console\\Output\\ConsoleOutput))
#15 /var/www/html/vendor/symfony/console/Application.php(195): Magento\\Framework\\Console\\Cli->doRun(Object(Symfony\\Component\\Console\\Input\\ArgvInput), Object(Symfony\\Component\\Console\\Output\\ConsoleOutput))
#16 /var/www/html/bin/magento(23): Symfony\\Component\\Console\\Application->run()
#17 {main}"} []
[2026-09-24T07:14:56.105281+00:00] main.DEBUG: cache_invalidate:  {"method":"GET","url":"http:/","invalidateInfo":{"tags":["MAGE"],"mode":"matchingTag"}} []
[2026-09-24T07:14:56.105401+00:00] main.DEBUG: cache_invalidate:  {"method":"GET","url":"http:/","invalidateInfo":{"tags":[],"mode":"all"},"trace":"Exception: full purge of cache storage triggered in /var/www/html/vendor/magento/framework/Cache/InvalidateLogger.php:52
Stack trace:
#0 /var/www/html/vendor/magento/framework/Cache/Frontend/Decorator/Logger.php(62): Magento\\Framework\\Cache\\InvalidateLogger->execute(Array)
#1 /var/www/html/vendor/magento/framework/Cache/Frontend/Decorator/Logger.php(50): Magento\\Framework\\Cache\\Frontend\\Decorator\\Logger->log(Array)
#2 /var/www/html/vendor/magento/framework/Cache/Frontend/Decorator/Bare.php(92): Magento\\Framework\\Cache\\Frontend\\Decorator\\Logger->clean('all', Array)
#3 /var/www/html/vendor/magento/framework/App/Cache/Type/AccessProxy.php(110): Magento\\Framework\\Cache\\Frontend\\Decorator\\Bare->clean('all', Array)
#4 /var/www/html/vendor/magento/framework/App/Cache/Manager.php(111): Magento\\Framework\\App\\Cache\\Type\\AccessProxy->clean()
#5 /var/www/html/vendor/magento/module-backend/Console/Command/CacheFlushCommand.php(39): Magento\\Framework\\App\\Cache\\Manager->flush(Array)
#6 /var/www/html/vendor/magento/module-backend/Console/Command/AbstractCacheTypeManageCommand.php(64): Magento\\Backend\\Console\\Command\\CacheFlushCommand->performAction(Array)
#7 /var/www/html/vendor/symfony/console/Command/Command.php(341): Magento\\Backend\\Console\\Command\\AbstractCacheTypeManageCommand->execute(Object(Symfony\\Component\\Console\\Input\\ArgvInput), Object(Symfony\\Component\\Console\\Output\\ConsoleOutput))
#8 /var/www/html/vendor/magento/framework/Interception/Interceptor.php(58): Symfony\\Component\\Console\\Command\\Command->run(Object(Symfony\\Component\\Console\\Input\\ArgvInput), Object(Symfony\\Component\\Console\\Output\\ConsoleOutput))
#9 /var/www/html/vendor/magento/framework/Interception/Interceptor.php(138): Magento\\Backend\\Console\\Command\\CacheFlushCommand\\Interceptor->___callParent('run', Array)
#10 /var/www/html/vendor/magento/framework/Interception/Interceptor.php(153): Magento\\Backend\\Console\\Command\\CacheFlushCommand\\Interceptor->{closure:Magento\\Framework\\Interception\\Interceptor::___callPlugins():104}(Object(Symfony\\Component\\Console\\Input\\ArgvInput), Object(Symfony\\Component\\Console\\Output\\ConsoleOutput))
#11 /var/www/html/generated/code/Magento/Backend/Console/Command/CacheFlushCommand/Interceptor.php(77): Magento\\Backend\\Console\\Command\\CacheFlushCommand\\Interceptor->___callPlugins('run', Array, Array)
#12 /var/www/html/vendor/symfony/console/Application.php(1094): Magento\\Backend\\Console\\Command\\CacheFlushCommand\\Interceptor->run(Object(Symfony\\Component\\Console\\Input\\ArgvInput), Object(Symfony\\Component\\Console\\Output\\ConsoleOutput))
#13 /var/www/html/vendor/symfony/console/Application.php(356): Symfony\\Component\\Console\\Application->doRunCommand(Object(Magento\\Backend\\Console\\Command\\CacheFlushCommand\\Interceptor), Object(Symfony\\Component\\Console\\Input\\ArgvInput), Object(Symfony\\Component\\Console\\Output\\ConsoleOutput))
#14 /var/www/html/vendor/magento/framework/Console/Cli.php(137): Symfony\\Component\\Console\\Application->doRun(Object(Symfony\\Component\\Console\\Input\\ArgvInput), Object(Symfony\\Component\\Console\\Output\\ConsoleOutput))
#15 /var/www/html/vendor/symfony/console/Application.php(195): Magento\\Framework\\Console\\Cli->doRun(Object(Symfony\\Component\\Console\\Input\\ArgvInput), Object(Symfony\\Component\\Console\\Output\\ConsoleOutput))
#16 /var/www/html/bin/magento(23): Symfony\\Component\\Console\\Application->run()
#17 {main}"} []
[2026-09-24T07:14:56.106184+00:00] main.DEBUG: cache_invalidate:  {"method":"GET","url":"http:/","invalidateInfo":{"tags":["MAGE"],"mode":"matchingTag"}} []
[2026-09-24T07:14:56.106267+00:00] main.DEBUG: cache_invalidate:  {"method":"GET","url":"http:/","invalidateInfo":{"tags":[],"mode":"all"},"trace":"Exception: full purge of cache storage triggered in /var/www/html/vendor/magento/framework/Cache/InvalidateLogger.php:52
Stack trace:
#0 /var/www/html/vendor/magento/framework/Cache/Frontend/Decorator/Logger.php(62): Magento\\Framework\\Cache\\InvalidateLogger->execute(Array)
#1 /var/www/html/vendor/magento/framework/Cache/Frontend/Decorator/Logger.php(50): Magento\\Framework\\Cache\\Frontend\\Decorator\\Logger->log(Array)
#2 /var/www/html/vendor/magento/framework/Cache/Frontend/Decorator/Bare.php(92): Magento\\Framework\\Cache\\Frontend\\Decorator\\Logger->clean('all', Array)
#3 /var/www/html/vendor/magento/framework/App/Cache/Type/AccessProxy.php(110): Magento\\Framework\\Cache\\Frontend\\Decorator\\Bare->clean('all', Array)
#4 /var/www/html/vendor/magento/framework/App/Cache/Manager.php(111): Magento\\Framework\\App\\Cache\\Type\\AccessProxy->clean()
#5 /var/www/html/vendor/magento/module-backend/Console/Command/CacheFlushCommand.php(39): Magento\\Framework\\App\\Cache\\Manager->flush(Array)
#6 /var/www/html/vendor/magento/module-backend/Console/Command/AbstractCacheTypeManageCommand.php(64): Magento\\Backend\\Console\\Command\\CacheFlushCommand->performAction(Array)
#7 /var/www/html/vendor/symfony/console/Command/Command.php(341): Magento\\Backend\\Console\\Command\\AbstractCacheTypeManageCommand->execute(Object(Symfony\\Component\\Console\\Input\\ArgvInput), Object(Symfony\\Component\\Console\\Output\\ConsoleOutput))
#8 /var/www/html/vendor/magento/framework/Interception/Interceptor.php(58): Symfony\\Component\\Console\\Command\\Command->run(Object(Symfony\\Component\\Console\\Input\\ArgvInput), Object(Symfony\\Component\\Console\\Output\\ConsoleOutput))
#9 /var/www/html/vendor/magento/framework/Interception/Interceptor.php(138): Magento\\Backend\\Console\\Command\\CacheFlushCommand\\Interceptor->___callParent('run', Array)
#10 /var/www/html/vendor/magento/framework/Interception/Interceptor.php(153): Magento\\Backend\\Console\\Command\\CacheFlushCommand\\Interceptor->{closure:Magento\\Framework\\Interception\\Interceptor::___callPlugins():104}(Object(Symfony\\Component\\Console\\Input\\ArgvInput), Object(Symfony\\Component\\Console\\Output\\ConsoleOutput))
#11 /var/www/html/generated/code/Magento/Backend/Console/Command/CacheFlushCommand/Interceptor.php(77): Magento\\Backend\\Console\\Command\\CacheFlushCommand\\Interceptor->___callPlugins('run', Array, Array)
#12 /var/www/html/vendor/symfony/console/Application.php(1094): Magento\\Backend\\Console\\Command\\CacheFlushCommand\\Interceptor->run(Object(Symfony\\Component\\Console\\Input\\ArgvInput), Object(Symfony\\Component\\Console\\Output\\ConsoleOutput))
#13 /var/www/html/vendor/symfony/console/Application.php(356): Symfony\\Component\\Console\\Application->doRunCommand(Object(Magento\\Backend\\Console\\Command\\CacheFlushCommand\\Interceptor), Object(Symfony\\Component\\Console\\Input\\ArgvInput), Object(Symfony\\Component\\Console\\Output\\ConsoleOutput))
#14 /var/www/html/vendor/magento/framework/Console/Cli.php(137): Symfony\\Component\\Console\\Application->doRun(Object(Symfony\\Component\\Console\\Input\\ArgvInput), Object(Symfony\\Component\\Console\\Output\\ConsoleOutput))
#15 /var/www/html/vendor/symfony/console/Application.php(195): Magento\\Framework\\Console\\Cli->doRun(Object(Symfony\\Component\\Console\\Input\\ArgvInput), Object(Symfony\\Component\\Console\\Output\\ConsoleOutput))
#16 /var/www/html/bin/magento(23): Symfony\\Component\\Console\\Application->run()
#17 {main}"} []
[2026-09-24T07:14:56.106998+00:00] main.DEBUG: cache_invalidate:  {"method":"GET","url":"http:/","invalidateInfo":{"tags":["MAGE"],"mode":"matchingTag"}} []
[2026-09-24T07:14:56.107070+00:00] main.DEBUG: cache_invalidate:  {"method":"GET","url":"http:/","invalidateInfo":{"tags":[],"mode":"all"},"trace":"Exception: full purge of cache storage triggered in /var/www/html/vendor/magento/framework/Cache/InvalidateLogger.php:52
Stack trace:
#0 /var/www/html/vendor/magento/framework/Cache/Frontend/Decorator/Logger.php(62): Magento\\Framework\\Cache\\InvalidateLogger->execute(Array)
#1 /var/www/html/vendor/magento/framework/Cache/Frontend/Decorator/Logger.php(50): Magento\\Framework\\Cache\\Frontend\\Decorator\\Logger->log(Array)
#2 /var/www/html/vendor/magento/framework/Cache/Frontend/Decorator/Bare.php(92): Magento\\Framework\\Cache\\Frontend\\Decorator\\Logger->clean('all', Array)
#3 /var/www/html/vendor/magento/framework/App/Cache/Type/AccessProxy.php(110): Magento\\Framework\\Cache\\Frontend\\Decorator\\Bare->clean('all', Array)
#4 /var/www/html/vendor/magento/framework/App/Cache/Manager.php(111): Magento\\Framework\\App\\Cache\\Type\\AccessProxy->clean()
#5 /var/www/html/vendor/magento/module-backend/Console/Command/CacheFlushCommand.php(39): Magento\\Framework\\App\\Cache\\Manager->flush(Array)
#6 /var/www/html/vendor/magento/module-backend/Console/Command/AbstractCacheTypeManageCommand.php(64): Magento\\Backend\\Console\\Command\\CacheFlushCommand->performAction(Array)
#7 /var/www/html/vendor/symfony/console/Command/Command.php(341): Magento\\Backend\\Console\\Command\\AbstractCacheTypeManageCommand->execute(Object(Symfony\\Component\\Console\\Input\\ArgvInput), Object(Symfony\\Component\\Console\\Output\\ConsoleOutput))
#8 /var/www/html/vendor/magento/framework/Interception/Interceptor.php(58): Symfony\\Component\\Console\\Command\\Command->run(Object(Symfony\\Component\\Console\\Input\\ArgvInput), Object(Symfony\\Component\\Console\\Output\\ConsoleOutput))
#9 /var/www/html/vendor/magento/framework/Interception/Interceptor.php(138): Magento\\Backend\\Console\\Command\\CacheFlushCommand\\Interceptor->___callParent('run', Array)
#10 /var/www/html/vendor/magento/framework/Interception/Interceptor.php(153): Magento\\Backend\\Console\\Command\\CacheFlushCommand\\Interceptor->{closure:Magento\\Framework\\Interception\\Interceptor::___callPlugins():104}(Object(Symfony\\Component\\Console\\Input\\ArgvInput), Object(Symfony\\Component\\Console\\Output\\ConsoleOutput))
#11 /var/www/html/generated/code/Magento/Backend/Console/Command/CacheFlushCommand/Interceptor.php(77): Magento\\Backend\\Console\\Command\\CacheFlushCommand\\Interceptor->___callPlugins('run', Array, Array)
#12 /var/www/html/vendor/symfony/console/Application.php(1094): Magento\\Backend\\Console\\Command\\CacheFlushCommand\\Interceptor->run(Object(Symfony\\Component\\Console\\Input\\ArgvInput), Object(Symfony\\Component\\Console\\Output\\ConsoleOutput))
#13 /var/www/html/vendor/symfony/console/Application.php(356): Symfony\\Component\\Console\\Application->doRunCommand(Object(Magento\\Backend\\Console\\Command\\CacheFlushCommand\\Interceptor), Object(Symfony\\Component\\Console\\Input\\ArgvInput), Object(Symfony\\Component\\Console\\Output\\ConsoleOutput))
#14 /var/www/html/vendor/magento/framework/Console/Cli.php(137): Symfony\\Component\\Console\\Application->doRun(Object(Symfony\\Component\\Console\\Input\\ArgvInput), Object(Symfony\\Component\\Console\\Output\\ConsoleOutput))
#15 /var/www/html/vendor/symfony/console/Application.php(195): Magento\\Framework\\Console\\Cli->doRun(Object(Symfony\\Component\\Console\\Input\\ArgvInput), Object(Symfony\\Component\\Console\\Output\\ConsoleOutput))
#16 /var/www/html/bin/magento(23): Symfony\\Component\\Console\\Application->run()
#17 {main}"} []
[2026-09-24T07:14:56.107856+00:00] main.DEBUG: cache_invalidate:  {"method":"GET","url":"http:/","invalidateInfo":{"tags":["MAGE"],"mode":"matchingTag"}} []
[2026-09-24T07:14:56.107930+00:00] main.DEBUG: cache_invalidate:  {"method":"GET","url":"http:/","invalidateInfo":{"tags":[],"mode":"all"},"trace":"Exception: full purge of cache storage triggered in /var/www/html/vendor/magento/framework/Cache/InvalidateLogger.php:52
Stack trace:
#0 /var/www/html/vendor/magento/framework/Cache/Frontend/Decorator/Logger.php(62): Magento\\Framework\\Cache\\InvalidateLogger->execute(Array)
#1 /var/www/html/vendor/magento/framework/Cache/Frontend/Decorator/Logger.php(50): Magento\\Framework\\Cache\\Frontend\\Decorator\\Logger->log(Array)
#2 /var/www/html/vendor/magento/framework/Cache/Frontend/Decorator/Bare.php(92): Magento\\Framework\\Cache\\Frontend\\Decorator\\Logger->clean('all', Array)
#3 /var/www/html/vendor/magento/framework/App/Cache/Type/AccessProxy.php(110): Magento\\Framework\\Cache\\Frontend\\Decorator\\Bare->clean('all', Array)
#4 /var/www/html/vendor/magento/framework/App/Cache/Manager.php(111): Magento\\Framework\\App\\Cache\\Type\\AccessProxy->clean()
#5 /var/www/html/vendor/magento/module-backend/Console/Command/CacheFlushCommand.php(39): Magento\\Framework\\App\\Cache\\Manager->flush(Array)
#6 /var/www/html/vendor/magento/module-backend/Console/Command/AbstractCacheTypeManageCommand.php(64): Magento\\Backend\\Console\\Command\\CacheFlushCommand->performAction(Array)
#7 /var/www/html/vendor/symfony/console/Command/Command.php(341): Magento\\Backend\\Console\\Command\\AbstractCacheTypeManageCommand->execute(Object(Symfony\\Component\\Console\\Input\\ArgvInput), Object(Symfony\\Component\\Console\\Output\\ConsoleOutput))
#8 /var/www/html/vendor/magento/framework/Interception/Interceptor.php(58): Symfony\\Component\\Console\\Command\\Command->run(Object(Symfony\\Component\\Console\\Input\\ArgvInput), Object(Symfony\\Component\\Console\\Output\\ConsoleOutput))
#9 /var/www/html/vendor/magento/framework/Interception/Interceptor.php(138): Magento\\Backend\\Console\\Command\\CacheFlushCommand\\Interceptor->___callParent('run', Array)
#10 /var/www/html/vendor/magento/framework/Interception/Interceptor.php(153): Magento\\Backend\\Console\\Command\\CacheFlushCommand\\Interceptor->{closure:Magento\\Framework\\Interception\\Interceptor::___callPlugins():104}(Object(Symfony\\Component\\Console\\Input\\ArgvInput), Object(Symfony\\Component\\Console\\Output\\ConsoleOutput))
#11 /var/www/html/generated/code/Magento/Backend/Console/Command/CacheFlushCommand/Interceptor.php(77): Magento\\Backend\\Console\\Command\\CacheFlushCommand\\Interceptor->___callPlugins('run', Array, Array)
#12 /var/www/html/vendor/symfony/console/Application.php(1094): Magento\\Backend\\Console\\Command\\CacheFlushCommand\\Interceptor->run(Object(Symfony\\Component\\Console\\Input\\ArgvInput), Object(Symfony\\Component\\Console\\Output\\ConsoleOutput))
#13 /var/www/html/vendor/symfony/console/Application.php(356): Symfony\\Component\\Console\\Application->doRunCommand(Object(Magento\\Backend\\Console\\Command\\CacheFlushCommand\\Interceptor), Object(Symfony\\Component\\Console\\Input\\ArgvInput), Object(Symfony\\Component\\Console\\Output\\ConsoleOutput))
#14 /var/www/html/vendor/magento/framework/Console/Cli.php(137): Symfony\\Component\\Console\\Application->doRun(Object(Symfony\\Component\\Console\\Input\\ArgvInput), Object(Symfony\\Component\\Console\\Output\\ConsoleOutput))
#15 /var/www/html/vendor/symfony/console/Application.php(195): Magento\\Framework\\Console\\Cli->doRun(Object(Symfony\\Component\\Console\\Input\\ArgvInput), Object(Symfony\\Component\\Console\\Output\\ConsoleOutput))
#16 /var/www/html/bin/magento(23): Symfony\\Component\\Console\\Application->run()
#17 {main}"} []
[2026-09-24T07:14:56.108653+00:00] main.DEBUG: cache_invalidate:  {"method":"GET","url":"http:/","invalidateInfo":{"tags":["MAGE"],"mode":"matchingTag"}} []
[2026-09-24T07:14:56.108724+00:00] main.DEBUG: cache_invalidate:  {"method":"GET","url":"http:/","invalidateInfo":{"tags":[],"mode":"all"},"trace":"Exception: full purge of cache storage triggered in /var/www/html/vendor/magento/framework/Cache/InvalidateLogger.php:52
Stack trace:
#0 /var/www/html/vendor/magento/framework/Cache/Frontend/Decorator/Logger.php(62): Magento\\Framework\\Cache\\InvalidateLogger->execute(Array)
#1 /var/www/html/vendor/magento/framework/Cache/Frontend/Decorator/Logger.php(50): Magento\\Framework\\Cache\\Frontend\\Decorator\\Logger->log(Array)
#2 /var/www/html/vendor/magento/framework/Cache/Frontend/Decorator/Bare.php(92): Magento\\Framework\\Cache\\Frontend\\Decorator\\Logger->clean('all', Array)
#3 /var/www/html/vendor/magento/framework/App/Cache/Type/AccessProxy.php(110): Magento\\Framework\\Cache\\Frontend\\Decorator\\Bare->clean('all', Array)
#4 /var/www/html/vendor/magento/framework/App/Cache/Manager.php(111): Magento\\Framework\\App\\Cache\\Type\\AccessProxy->clean()
#5 /var/www/html/vendor/magento/module-backend/Console/Command/CacheFlushCommand.php(39): Magento\\Framework\\App\\Cache\\Manager->flush(Array)
#6 /var/www/html/vendor/magento/module-backend/Console/Command/AbstractCacheTypeManageCommand.php(64): Magento\\Backend\\Console\\Command\\CacheFlushCommand->performAction(Array)
#7 /var/www/html/vendor/symfony/console/Command/Command.php(341): Magento\\Backend\\Console\\Command\\AbstractCacheTypeManageCommand->execute(Object(Symfony\\Component\\Console\\Input\\ArgvInput), Object(Symfony\\Component\\Console\\Output\\ConsoleOutput))
#8 /var/www/html/vendor/magento/framework/Interception/Interceptor.php(58): Symfony\\Component\\Console\\Command\\Command->run(Object(Symfony\\Component\\Console\\Input\\ArgvInput), Object(Symfony\\Component\\Console\\Output\\ConsoleOutput))
#9 /var/www/html/vendor/magento/framework/Interception/Interceptor.php(138): Magento\\Backend\\Console\\Command\\CacheFlushCommand\\Interceptor->___callParent('run', Array)
#10 /var/www/html/vendor/magento/framework/Interception/Interceptor.php(153): Magento\\Backend\\Console\\Command\\CacheFlushCommand\\Interceptor->{closure:Magento\\Framework\\Interception\\Interceptor::___callPlugins():104}(Object(Symfony\\Component\\Console\\Input\\ArgvInput), Object(Symfony\\Component\\Console\\Output\\ConsoleOutput))
#11 /var/www/html/generated/code/Magento/Backend/Console/Command/CacheFlushCommand/Interceptor.php(77): Magento\\Backend\\Console\\Command\\CacheFlushCommand\\Interceptor->___callPlugins('run', Array, Array)
#12 /var/www/html/vendor/symfony/console/Application.php(1094): Magento\\Backend\\Console\\Command\\CacheFlushCommand\\Interceptor->run(Object(Symfony\\Component\\Console\\Input\\ArgvInput), Object(Symfony\\Component\\Console\\Output\\ConsoleOutput))
#13 /var/www/html/vendor/symfony/console/Application.php(356): Symfony\\Component\\Console\\Application->doRunCommand(Object(Magento\\Backend\\Console\\Command\\CacheFlushCommand\\Interceptor), Object(Symfony\\Component\\Console\\Input\\ArgvInput), Object(Symfony\\Component\\Console\\Output\\ConsoleOutput))
#14 /var/www/html/vendor/magento/framework/Console/Cli.php(137): Symfony\\Component\\Console\\Application->doRun(Object(Symfony\\Component\\Console\\Input\\ArgvInput), Object(Symfony\\Component\\Console\\Output\\ConsoleOutput))
#15 /var/www/html/vendor/symfony/console/Application.php(195): Magento\\Framework\\Console\\Cli->doRun(Object(Symfony\\Component\\Console\\Input\\ArgvInput), Object(Symfony\\Component\\Console\\Output\\ConsoleOutput))
#16 /var/www/html/bin/magento(23): Symfony\\Component\\Console\\Application->run()
#17 {main}"} []
[2026-09-24T07:14:56.109456+00:00] main.DEBUG: cache_invalidate:  {"method":"GET","url":"http:/","invalidateInfo":{"tags":["MAGE"],"mode":"matchingTag"}} []
[2026-09-24T07:14:56.109555+00:00] main.DEBUG: cache_invalidate:  {"method":"GET","url":"http:/","invalidateInfo":{"tags":[],"mode":"all"},"trace":"Exception: full purge of cache storage triggered in /var/www/html/vendor/magento/framework/Cache/InvalidateLogger.php:52
Stack trace:
#0 /var/www/html/vendor/magento/framework/Cache/Frontend/Decorator/Logger.php(62): Magento\\Framework\\Cache\\InvalidateLogger->execute(Array)
#1 /var/www/html/vendor/magento/framework/Cache/Frontend/Decorator/Logger.php(50): Magento\\Framework\\Cache\\Frontend\\Decorator\\Logger->log(Array)
#2 /var/www/html/vendor/magento/framework/Cache/Frontend/Decorator/Bare.php(92): Magento\\Framework\\Cache\\Frontend\\Decorator\\Logger->clean('all', Array)
#3 /var/www/html/vendor/magento/framework/App/Cache/Type/AccessProxy.php(110): Magento\\Framework\\Cache\\Frontend\\Decorator\\Bare->clean('all', Array)
#4 /var/www/html/vendor/magento/framework/App/Cache/Manager.php(111): Magento\\Framework\\App\\Cache\\Type\\AccessProxy->clean()
#5 /var/www/html/vendor/magento/module-backend/Console/Command/CacheFlushCommand.php(39): Magento\\Framework\\App\\Cache\\Manager->flush(Array)
#6 /var/www/html/vendor/magento/module-backend/Console/Command/AbstractCacheTypeManageCommand.php(64): Magento\\Backend\\Console\\Command\\CacheFlushCommand->performAction(Array)
#7 /var/www/html/vendor/symfony/console/Command/Command.php(341): Magento\\Backend\\Console\\Command\\AbstractCacheTypeManageCommand->execute(Object(Symfony\\Component\\Console\\Input\\ArgvInput), Object(Symfony\\Component\\Console\\Output\\ConsoleOutput))
#8 /var/www/html/vendor/magento/framework/Interception/Interceptor.php(58): Symfony\\Component\\Console\\Command\\Command->run(Object(Symfony\\Component\\Console\\Input\\ArgvInput), Object(Symfony\\Component\\Console\\Output\\ConsoleOutput))
#9 /var/www/html/vendor/magento/framework/Interception/Interceptor.php(138): Magento\\Backend\\Console\\Command\\CacheFlushCommand\\Interceptor->___callParent('run', Array)
#10 /var/www/html/vendor/magento/framework/Interception/Interceptor.php(153): Magento\\Backend\\Console\\Command\\CacheFlushCommand\\Interceptor->{closure:Magento\\Framework\\Interception\\Interceptor::___callPlugins():104}(Object(Symfony\\Component\\Console\\Input\\ArgvInput), Object(Symfony\\Component\\Console\\Output\\ConsoleOutput))
#11 /var/www/html/generated/code/Magento/Backend/Console/Command/CacheFlushCommand/Interceptor.php(77): Magento\\Backend\\Console\\Command\\CacheFlushCommand\\Interceptor->___callPlugins('run', Array, Array)
#12 /var/www/html/vendor/symfony/console/Application.php(1094): Magento\\Backend\\Console\\Command\\CacheFlushCommand\\Interceptor->run(Object(Symfony\\Component\\Console\\Input\\ArgvInput), Object(Symfony\\Component\\Console\\Output\\ConsoleOutput))
#13 /var/www/html/vendor/symfony/console/Application.php(356): Symfony\\Component\\Console\\Application->doRunCommand(Object(Magento\\Backend\\Console\\Command\\CacheFlushCommand\\Interceptor), Object(Symfony\\Component\\Console\\Input\\ArgvInput), Object(Symfony\\Component\\Console\\Output\\ConsoleOutput))
#14 /var/www/html/vendor/magento/framework/Console/Cli.php(137): Symfony\\Component\\Console\\Application->doRun(Object(Symfony\\Component\\Console\\Input\\ArgvInput), Object(Symfony\\Component\\Console\\Output\\ConsoleOutput))
#15 /var/www/html/vendor/symfony/console/Application.php(195): Magento\\Framework\\Console\\Cli->doRun(Object(Symfony\\Component\\Console\\Input\\ArgvInput), Object(Symfony\\Component\\Console\\Output\\ConsoleOutput))
#16 /var/www/html/bin/magento(23): Symfony\\Component\\Console\\Application->run()
#17 {main}"} []
[2026-09-24T07:14:56.110267+00:00] main.DEBUG: cache_invalidate:  {"method":"GET","url":"http:/","invalidateInfo":{"tags":["MAGE"],"mode":"matchingTag"}} []
[2026-09-24T07:14:56.110360+00:00] main.DEBUG: cache_invalidate:  {"method":"GET","url":"http:/","invalidateInfo":{"tags":[],"mode":"all"},"trace":"Exception: full purge of cache storage triggered in /var/www/html/vendor/magento/framework/Cache/InvalidateLogger.php:52
Stack trace:
#0 /var/www/html/vendor/magento/framework/Cache/Frontend/Decorator/Logger.php(62): Magento\\Framework\\Cache\\InvalidateLogger->execute(Array)
#1 /var/www/html/vendor/magento/framework/Cache/Frontend/Decorator/Logger.php(50): Magento\\Framework\\Cache\\Frontend\\Decorator\\Logger->log(Array)
#2 /var/www/html/vendor/magento/framework/Cache/Frontend/Decorator/Bare.php(92): Magento\\Framework\\Cache\\Frontend\\Decorator\\Logger->clean('all', Array)
#3 /var/www/html/vendor/magento/framework/App/Cache/Type/AccessProxy.php(110): Magento\\Framework\\Cache\\Frontend\\Decorator\\Bare->clean('all', Array)
#4 /var/www/html/vendor/magento/framework/App/Cache/Manager.php(111): Magento\\Framework\\App\\Cache\\Type\\AccessProxy->clean()
#5 /var/www/html/vendor/magento/module-backend/Console/Command/CacheFlushCommand.php(39): Magento\\Framework\\App\\Cache\\Manager->flush(Array)
#6 /var/www/html/vendor/magento/module-backend/Console/Command/AbstractCacheTypeManageCommand.php(64): Magento\\Backend\\Console\\Command\\CacheFlushCommand->performAction(Array)
#7 /var/www/html/vendor/symfony/console/Command/Command.php(341): Magento\\Backend\\Console\\Command\\AbstractCacheTypeManageCommand->execute(Object(Symfony\\Component\\Console\\Input\\ArgvInput), Object(Symfony\\Component\\Console\\Output\\ConsoleOutput))
#8 /var/www/html/vendor/magento/framework/Interception/Interceptor.php(58): Symfony\\Component\\Console\\Command\\Command->run(Object(Symfony\\Component\\Console\\Input\\ArgvInput), Object(Symfony\\Component\\Console\\Output\\ConsoleOutput))
#9 /var/www/html/vendor/magento/framework/Interception/Interceptor.php(138): Magento\\Backend\\Console\\Command\\CacheFlushCommand\\Interceptor->___callParent('run', Array)
#10 /var/www/html/vendor/magento/framework/Interception/Interceptor.php(153): Magento\\Backend\\Console\\Command\\CacheFlushCommand\\Interceptor->{closure:Magento\\Framework\\Interception\\Interceptor::___callPlugins():104}(Object(Symfony\\Component\\Console\\Input\\ArgvInput), Object(Symfony\\Component\\Console\\Output\\ConsoleOutput))
#11 /var/www/html/generated/code/Magento/Backend/Console/Command/CacheFlushCommand/Interceptor.php(77): Magento\\Backend\\Console\\Command\\CacheFlushCommand\\Interceptor->___callPlugins('run', Array, Array)
#12 /var/www/html/vendor/symfony/console/Application.php(1094): Magento\\Backend\\Console\\Command\\CacheFlushCommand\\Interceptor->run(Object(Symfony\\Component\\Console\\Input\\ArgvInput), Object(Symfony\\Component\\Console\\Output\\ConsoleOutput))
#13 /var/www/html/vendor/symfony/console/Application.php(356): Symfony\\Component\\Console\\Application->doRunCommand(Object(Magento\\Backend\\Console\\Command\\CacheFlushCommand\\Interceptor), Object(Symfony\\Component\\Console\\Input\\ArgvInput), Object(Symfony\\Component\\Console\\Output\\ConsoleOutput))
#14 /var/www/html/vendor/magento/framework/Console/Cli.php(137): Symfony\\Component\\Console\\Application->doRun(Object(Symfony\\Component\\Console\\Input\\ArgvInput), Object(Symfony\\Component\\Console\\Output\\ConsoleOutput))
#15 /var/www/html/vendor/symfony/console/Application.php(195): Magento\\Framework\\Console\\Cli->doRun(Object(Symfony\\Component\\Console\\Input\\ArgvInput), Object(Symfony\\Component\\Console\\Output\\ConsoleOutput))
#16 /var/www/html/bin/magento(23): Symfony\\Component\\Console\\Application->run()
#17 {main}"} []
[2026-09-24T07:14:56.111201+00:00] main.DEBUG: cache_invalidate:  {"method":"GET","url":"http:/","invalidateInfo":{"tags":["MAGE"],"mode":"matchingTag"}} []
[2026-09-24T07:14:56.111291+00:00] main.DEBUG: cache_invalidate:  {"method":"GET","url":"http:/","invalidateInfo":{"tags":[],"mode":"all"},"trace":"Exception: full purge of cache storage triggered in /var/www/html/vendor/magento/framework/Cache/InvalidateLogger.php:52
Stack trace:
#0 /var/www/html/vendor/magento/framework/Cache/Frontend/Decorator/Logger.php(62): Magento\\Framework\\Cache\\InvalidateLogger->execute(Array)
#1 /var/www/html/vendor/magento/framework/Cache/Frontend/Decorator/Logger.php(50): Magento\\Framework\\Cache\\Frontend\\Decorator\\Logger->log(Array)
#2 /var/www/html/vendor/magento/framework/Cache/Frontend/Decorator/Bare.php(92): Magento\\Framework\\Cache\\Frontend\\Decorator\\Logger->clean('all', Array)
#3 /var/www/html/vendor/magento/framework/App/Cache/Type/AccessProxy.php(110): Magento\\Framework\\Cache\\Frontend\\Decorator\\Bare->clean('all', Array)
#4 /var/www/html/vendor/magento/framework/App/Cache/Manager.php(111): Magento\\Framework\\App\\Cache\\Type\\AccessProxy->clean()
#5 /var/www/html/vendor/magento/module-backend/Console/Command/CacheFlushCommand.php(39): Magento\\Framework\\App\\Cache\\Manager->flush(Array)
#6 /var/www/html/vendor/magento/module-backend/Console/Command/AbstractCacheTypeManageCommand.php(64): Magento\\Backend\\Console\\Command\\CacheFlushCommand->performAction(Array)
#7 /var/www/html/vendor/symfony/console/Command/Command.php(341): Magento\\Backend\\Console\\Command\\AbstractCacheTypeManageCommand->execute(Object(Symfony\\Component\\Console\\Input\\ArgvInput), Object(Symfony\\Component\\Console\\Output\\ConsoleOutput))
#8 /var/www/html/vendor/magento/framework/Interception/Interceptor.php(58): Symfony\\Component\\Console\\Command\\Command->run(Object(Symfony\\Component\\Console\\Input\\ArgvInput), Object(Symfony\\Component\\Console\\Output\\ConsoleOutput))
#9 /var/www/html/vendor/magento/framework/Interception/Interceptor.php(138): Magento\\Backend\\Console\\Command\\CacheFlushCommand\\Interceptor->___callParent('run', Array)
#10 /var/www/html/vendor/magento/framework/Interception/Interceptor.php(153): Magento\\Backend\\Console\\Command\\CacheFlushCommand\\Interceptor->{closure:Magento\\Framework\\Interception\\Interceptor::___callPlugins():104}(Object(Symfony\\Component\\Console\\Input\\ArgvInput), Object(Symfony\\Component\\Console\\Output\\ConsoleOutput))
#11 /var/www/html/generated/code/Magento/Backend/Console/Command/CacheFlushCommand/Interceptor.php(77): Magento\\Backend\\Console\\Command\\CacheFlushCommand\\Interceptor->___callPlugins('run', Array, Array)
#12 /var/www/html/vendor/symfony/console/Application.php(1094): Magento\\Backend\\Console\\Command\\CacheFlushCommand\\Interceptor->run(Object(Symfony\\Component\\Console\\Input\\ArgvInput), Object(Symfony\\Component\\Console\\Output\\ConsoleOutput))
#13 /var/www/html/vendor/symfony/console/Application.php(356): Symfony\\Component\\Console\\Application->doRunCommand(Object(Magento\\Backend\\Console\\Command\\CacheFlushCommand\\Interceptor), Object(Symfony\\Component\\Console\\Input\\ArgvInput), Object(Symfony\\Component\\Console\\Output\\ConsoleOutput))
#14 /var/www/html/vendor/magento/framework/Console/Cli.php(137): Symfony\\Component\\Console\\Application->doRun(Object(Symfony\\Component\\Console\\Input\\ArgvInput), Object(Symfony\\Component\\Console\\Output\\ConsoleOutput))
#15 /var/www/html/vendor/symfony/console/Application.php(195): Magento\\Framework\\Console\\Cli->doRun(Object(Symfony\\Component\\Console\\Input\\ArgvInput), Object(Symfony\\Component\\Console\\Output\\ConsoleOutput))
#16 /var/www/html/bin/magento(23): Symfony\\Component\\Console\\Application->run()
#17 {main}"} []
[2026-09-24T07:14:56.111485+00:00] main.DEBUG: cache_invalidate:  {"method":"GET","url":"http:/","invalidateInfo":{"tags":["MAGE"],"mode":"matchingTag"}} []
[2026-09-24T07:14:56.111573+00:00] main.DEBUG: cache_invalidate:  {"method":"GET","url":"http:/","invalidateInfo":{"tags":[],"mode":"all"},"trace":"Exception: full purge of cache storage triggered in /var/www/html/vendor/magento/framework/Cache/InvalidateLogger.php:52
Stack trace:
#0 /var/www/html/vendor/magento/framework/Cache/Frontend/Decorator/Logger.php(62): Magento\\Framework\\Cache\\InvalidateLogger->execute(Array)
#1 /var/www/html/vendor/magento/framework/Cache/Frontend/Decorator/Logger.php(50): Magento\\Framework\\Cache\\Frontend\\Decorator\\Logger->log(Array)
#2 /var/www/html/vendor/magento/framework/Cache/Frontend/Decorator/Bare.php(92): Magento\\Framework\\Cache\\Frontend\\Decorator\\Logger->clean('all', Array)
#3 /var/www/html/vendor/magento/framework/App/Cache/Type/AccessProxy.php(110): Magento\\Framework\\Cache\\Frontend\\Decorator\\Bare->clean('all', Array)
#4 /var/www/html/vendor/magento/framework/App/Cache/Manager.php(111): Magento\\Framework\\App\\Cache\\Type\\AccessProxy->clean()
#5 /var/www/html/vendor/magento/module-backend/Console/Command/CacheFlushCommand.php(39): Magento\\Framework\\App\\Cache\\Manager->flush(Array)
#6 /var/www/html/vendor/magento/module-backend/Console/Command/AbstractCacheTypeManageCommand.php(64): Magento\\Backend\\Console\\Command\\CacheFlushCommand->performAction(Array)
#7 /var/www/html/vendor/symfony/console/Command/Command.php(341): Magento\\Backend\\Console\\Command\\AbstractCacheTypeManageCommand->execute(Object(Symfony\\Component\\Console\\Input\\ArgvInput), Object(Symfony\\Component\\Console\\Output\\ConsoleOutput))
#8 /var/www/html/vendor/magento/framework/Interception/Interceptor.php(58): Symfony\\Component\\Console\\Command\\Command->run(Object(Symfony\\Component\\Console\\Input\\ArgvInput), Object(Symfony\\Component\\Console\\Output\\ConsoleOutput))
#9 /var/www/html/vendor/magento/framework/Interception/Interceptor.php(138): Magento\\Backend\\Console\\Command\\CacheFlushCommand\\Interceptor->___callParent('run', Array)
#10 /var/www/html/vendor/magento/framework/Interception/Interceptor.php(153): Magento\\Backend\\Console\\Command\\CacheFlushCommand\\Interceptor->{closure:Magento\\Framework\\Interception\\Interceptor::___callPlugins():104}(Object(Symfony\\Component\\Console\\Input\\ArgvInput), Object(Symfony\\Component\\Console\\Output\\ConsoleOutput))
#11 /var/www/html/generated/code/Magento/Backend/Console/Command/CacheFlushCommand/Interceptor.php(77): Magento\\Backend\\Console\\Command\\CacheFlushCommand\\Interceptor->___callPlugins('run', Array, Array)
#12 /var/www/html/vendor/symfony/console/Application.php(1094): Magento\\Backend\\Console\\Command\\CacheFlushCommand\\Interceptor->run(Object(Symfony\\Component\\Console\\Input\\ArgvInput), Object(Symfony\\Component\\Console\\Output\\ConsoleOutput))
#13 /var/www/html/vendor/symfony/console/Application.php(356): Symfony\\Component\\Console\\Application->doRunCommand(Object(Magento\\Backend\\Console\\Command\\CacheFlushCommand\\Interceptor), Object(Symfony\\Component\\Console\\Input\\ArgvInput), Object(Symfony\\Component\\Console\\Output\\ConsoleOutput))
#14 /var/www/html/vendor/magento/framework/Console/Cli.php(137): Symfony\\Component\\Console\\Application->doRun(Object(Symfony\\Component\\Console\\Input\\ArgvInput), Object(Symfony\\Component\\Console\\Output\\ConsoleOutput))
#15 /var/www/html/vendor/symfony/console/Application.php(195): Magento\\Framework\\Console\\Cli->doRun(Object(Symfony\\Component\\Console\\Input\\ArgvInput), Object(Symfony\\Component\\Console\\Output\\ConsoleOutput))
#16 /var/www/html/bin/magento(23): Symfony\\Component\\Console\\Application->run()
#17 {main}"} []
[2026-09-24T07:14:56.112409+00:00] main.DEBUG: cache_invalidate:  {"method":"GET","url":"http:/","invalidateInfo":{"tags":["MAGE"],"mode":"matchingTag"}} []
[2026-09-24T07:14:56.112496+00:00] main.DEBUG: cache_invalidate:  {"method":"GET","url":"http:/","invalidateInfo":{"tags":[],"mode":"all"},"trace":"Exception: full purge of cache storage triggered in /var/www/html/vendor/magento/framework/Cache/InvalidateLogger.php:52
Stack trace:
#0 /var/www/html/vendor/magento/framework/Cache/Frontend/Decorator/Logger.php(62): Magento\\Framework\\Cache\\InvalidateLogger->execute(Array)
#1 /var/www/html/vendor/magento/framework/Cache/Frontend/Decorator/Logger.php(50): Magento\\Framework\\Cache\\Frontend\\Decorator\\Logger->log(Array)
#2 /var/www/html/vendor/magento/framework/Cache/Frontend/Decorator/Bare.php(92): Magento\\Framework\\Cache\\Frontend\\Decorator\\Logger->clean('all', Array)
#3 /var/www/html/vendor/magento/framework/App/Cache/Type/AccessProxy.php(110): Magento\\Framework\\Cache\\Frontend\\Decorator\\Bare->clean('all', Array)
#4 /var/www/html/vendor/magento/framework/App/Cache/Manager.php(111): Magento\\Framework\\App\\Cache\\Type\\AccessProxy->clean()
#5 /var/www/html/vendor/magento/module-backend/Console/Command/CacheFlushCommand.php(39): Magento\\Framework\\App\\Cache\\Manager->flush(Array)
#6 /var/www/html/vendor/magento/module-backend/Console/Command/AbstractCacheTypeManageCommand.php(64): Magento\\Backend\\Console\\Command\\CacheFlushCommand->performAction(Array)
#7 /var/www/html/vendor/symfony/console/Command/Command.php(341): Magento\\Backend\\Console\\Command\\AbstractCacheTypeManageCommand->execute(Object(Symfony\\Component\\Console\\Input\\ArgvInput), Object(Symfony\\Component\\Console\\Output\\ConsoleOutput))
#8 /var/www/html/vendor/magento/framework/Interception/Interceptor.php(58): Symfony\\Component\\Console\\Command\\Command->run(Object(Symfony\\Component\\Console\\Input\\ArgvInput), Object(Symfony\\Component\\Console\\Output\\ConsoleOutput))
#9 /var/www/html/vendor/magento/framework/Interception/Interceptor.php(138): Magento\\Backend\\Console\\Command\\CacheFlushCommand\\Interceptor->___callParent('run', Array)
#10 /var/www/html/vendor/magento/framework/Interception/Interceptor.php(153): Magento\\Backend\\Console\\Command\\CacheFlushCommand\\Interceptor->{closure:Magento\\Framework\\Interception\\Interceptor::___callPlugins():104}(Object(Symfony\\Component\\Console\\Input\\ArgvInput), Object(Symfony\\Component\\Console\\Output\\ConsoleOutput))
#11 /var/www/html/generated/code/Magento/Backend/Console/Command/CacheFlushCommand/Interceptor.php(77): Magento\\Backend\\Console\\Command\\CacheFlushCommand\\Interceptor->___callPlugins('run', Array, Array)
#12 /var/www/html/vendor/symfony/console/Application.php(1094): Magento\\Backend\\Console\\Command\\CacheFlushCommand\\Interceptor->run(Object(Symfony\\Component\\Console\\Input\\ArgvInput), Object(Symfony\\Component\\Console\\Output\\ConsoleOutput))
#13 /var/www/html/vendor/symfony/console/Application.php(356): Symfony\\Component\\Console\\Application->doRunCommand(Object(Magento\\Backend\\Console\\Command\\CacheFlushCommand\\Interceptor), Object(Symfony\\Component\\Console\\Input\\ArgvInput), Object(Symfony\\Component\\Console\\Output\\ConsoleOutput))
#14 /var/www/html/vendor/magento/framework/Console/Cli.php(137): Symfony\\Component\\Console\\Application->doRun(Object(Symfony\\Component\\Console\\Input\\ArgvInput), Object(Symfony\\Component\\Console\\Output\\ConsoleOutput))
#15 /var/www/html/vendor/symfony/console/Application.php(195): Magento\\Framework\\Console\\Cli->doRun(Object(Symfony\\Component\\Console\\Input\\ArgvInput), Object(Symfony\\Component\\Console\\Output\\ConsoleOutput))
#16 /var/www/html/bin/magento(23): Symfony\\Component\\Console\\Application->run()
#17 {main}"} []
[2026-09-24T07:14:56.113345+00:00] main.DEBUG: cache_invalidate:  {"method":"GET","url":"http:/","invalidateInfo":{"tags":["MAGE"],"mode":"matchingTag"}} []
[2026-09-24T07:14:56.113502+00:00] main.DEBUG: cache_invalidate:  {"method":"GET","url":"http:/","invalidateInfo":{"tags":[],"mode":"all"},"trace":"Exception: full purge of cache storage triggered in /var/www/html/vendor/magento/framework/Cache/InvalidateLogger.php:52
Stack trace:
#0 /var/www/html/vendor/magento/framework/Cache/Frontend/Decorator/Logger.php(62): Magento\\Framework\\Cache\\InvalidateLogger->execute(Array)
#1 /var/www/html/vendor/magento/framework/Cache/Frontend/Decorator/Logger.php(50): Magento\\Framework\\Cache\\Frontend\\Decorator\\Logger->log(Array)
#2 /var/www/html/vendor/magento/framework/Cache/Frontend/Decorator/Bare.php(92): Magento\\Framework\\Cache\\Frontend\\Decorator\\Logger->clean('all', Array)
#3 /var/www/html/vendor/magento/framework/App/Cache/Type/AccessProxy.php(110): Magento\\Framework\\Cache\\Frontend\\Decorator\\Bare->clean('all', Array)
#4 /var/www/html/vendor/magento/framework/App/Cache/Manager.php(111): Magento\\Framework\\App\\Cache\\Type\\AccessProxy->clean()
#5 /var/www/html/vendor/magento/module-backend/Console/Command/CacheFlushCommand.php(39): Magento\\Framework\\App\\Cache\\Manager->flush(Array)
#6 /var/www/html/vendor/magento/module-backend/Console/Command/AbstractCacheTypeManageCommand.php(64): Magento\\Backend\\Console\\Command\\CacheFlushCommand->performAction(Array)
#7 /var/www/html/vendor/symfony/console/Command/Command.php(341): Magento\\Backend\\Console\\Command\\AbstractCacheTypeManageCommand->execute(Object(Symfony\\Component\\Console\\Input\\ArgvInput), Object(Symfony\\Component\\Console\\Output\\ConsoleOutput))
#8 /var/www/html/vendor/magento/framework/Interception/Interceptor.php(58): Symfony\\Component\\Console\\Command\\Command->run(Object(Symfony\\Component\\Console\\Input\\ArgvInput), Object(Symfony\\Component\\Console\\Output\\ConsoleOutput))
#9 /var/www/html/vendor/magento/framework/Interception/Interceptor.php(138): Magento\\Backend\\Console\\Command\\CacheFlushCommand\\Interceptor->___callParent('run', Array)
#10 /var/www/html/vendor/magento/framework/Interception/Interceptor.php(153): Magento\\Backend\\Console\\Command\\CacheFlushCommand\\Interceptor->{closure:Magento\\Framework\\Interception\\Interceptor::___callPlugins():104}(Object(Symfony\\Component\\Console\\Input\\ArgvInput), Object(Symfony\\Component\\Console\\Output\\ConsoleOutput))
#11 /var/www/html/generated/code/Magento/Backend/Console/Command/CacheFlushCommand/Interceptor.php(77): Magento\\Backend\\Console\\Command\\CacheFlushCommand\\Interceptor->___callPlugins('run', Array, Array)
#12 /var/www/html/vendor/symfony/console/Application.php(1094): Magento\\Backend\\Console\\Command\\CacheFlushCommand\\Interceptor->run(Object(Symfony\\Component\\Console\\Input\\ArgvInput), Object(Symfony\\Component\\Console\\Output\\ConsoleOutput))
#13 /var/www/html/vendor/symfony/console/Application.php(356): Symfony\\Component\\Console\\Application->doRunCommand(Object(Magento\\Backend\\Console\\Command\\CacheFlushCommand\\Interceptor), Object(Symfony\\Component\\Console\\Input\\ArgvInput), Object(Symfony\\Component\\Console\\Output\\ConsoleOutput))
#14 /var/www/html/vendor/magento/framework/Console/Cli.php(137): Symfony\\Component\\Console\\Application->doRun(Object(Symfony\\Component\\Console\\Input\\ArgvInput), Object(Symfony\\Component\\Console\\Output\\ConsoleOutput))
#15 /var/www/html/vendor/symfony/console/Application.php(195): Magento\\Framework\\Console\\Cli->doRun(Object(Symfony\\Component\\Console\\Input\\ArgvInput), Object(Symfony\\Component\\Console\\Output\\ConsoleOutput))
#16 /var/www/html/bin/magento(23): Symfony\\Component\\Console\\Application->run()
#17 {main}"} []
[2026-09-24T07:15:00.945483+00:00] main.ERROR: crontab -l 2>/dev/null 2>&1
no crontab for app [] []
[2026-09-24T07:15:00.947165+00:00] main.ERROR: crontab -l 2>/dev/null 2>&1
no crontab for app [] []
[2026-09-24T07:15:00.951595+00:00] main.INFO: echo "
#~ MAGENTO START 69dd2b02e1f3a65918182048ea4e29979a849d8942e8f53ed20a4bf10e529b36
* * * * * /usr/local/bin/php /var/www/html/bin/magento cron:run >> /var/www/html/var/log/magento.cron.log 2>&1
#~ MAGENTO END 69dd2b02e1f3a65918182048ea4e29979a849d8942e8f53ed20a4bf10e529b36
" 2>&1 | crontab - 2>&1
 [] []
